epoch,epoch_train_duration_minutes,lr-RangerLite,step,train_loss_epoch,train_loss_step,val_loss_epoch,val_loss_step
,,0.001,9,,,,
0,,,9,,2.511674642562866,,
,,0.001,19,,,,
0,,,19,,1.7808184623718262,,
,,0.001,29,,,,
0,,,29,,1.4882183074951172,,
,,0.001,39,,,,
0,,,39,,1.3545937538146973,,
,,0.001,49,,,,
0,,,49,,1.5719645023345947,,
,,0.001,59,,,,
0,,,59,,2.194352626800537,,
,,0.001,69,,,,
0,,,69,,1.93319571018219,,
,,0.001,79,,,,
0,,,79,,1.9059327840805054,,
,,0.001,89,,,,
0,,,89,,1.8777871131896973,,
,,0.001,99,,,,
0,,,99,,1.8100721836090088,,
,,0.001,109,,,,
0,,,109,,1.5669870376586914,,
,,0.001,119,,,,
0,,,119,,1.5198909044265747,,
,,0.001,129,,,,
0,,,129,,1.525870680809021,,
,,0.001,139,,,,
0,,,139,,1.5022834539413452,,
,,0.001,149,,,,
0,,,149,,1.5512632131576538,,
,,0.001,159,,,,
0,,,159,,1.554304599761963,,
,,0.001,169,,,,
0,,,169,,1.4974061250686646,,
,,0.001,179,,,,
0,,,179,,1.585687279701233,,
,,0.001,189,,,,
0,,,189,,1.6130445003509521,,
,,0.001,199,,,,
0,,,199,,1.6105163097381592,,
,,0.001,209,,,,
0,,,209,,1.5972851514816284,,
,,0.001,219,,,,
0,,,219,,1.5167309045791626,,
,,0.001,229,,,,
0,,,229,,1.6501246690750122,,
,,0.001,239,,,,
0,,,239,,1.5388950109481812,,
,,0.001,249,,,,
0,,,249,,1.5558147430419922,,
,,0.001,259,,,,
0,,,259,,1.5498957633972168,,
,,0.001,269,,,,
0,,,269,,1.5721136331558228,,
,,0.001,279,,,,
0,,,279,,1.6223613023757935,,
,,0.001,289,,,,
0,,,289,,1.6340316534042358,,
,,0.001,299,,,,
0,,,299,,1.5386772155761719,,
,,0.001,309,,,,
0,,,309,,1.6994976997375488,,
,,0.001,319,,,,
0,,,319,,1.6616652011871338,,
,,0.001,329,,,,
0,,,329,,1.637694239616394,,
,,0.001,339,,,,
0,,,339,,1.6335797309875488,,
,,0.001,349,,,,
0,,,349,,1.589459776878357,,
,,0.001,359,,,,
0,,,359,,1.6414592266082764,,
,,0.001,369,,,,
0,,,369,,1.4349614381790161,,
,,0.001,379,,,,
0,,,379,,1.5753235816955566,,
,,0.001,389,,,,
0,,,389,,1.6520466804504395,,
,,0.001,399,,,,
0,,,399,,1.5408573150634766,,
,,0.001,409,,,,
0,,,409,,1.3857096433639526,,
,,0.001,419,,,,
0,,,419,,1.3806020021438599,,
,,0.001,429,,,,
0,,,429,,1.4052537679672241,,
,,0.001,439,,,,
0,,,439,,1.407442331314087,,
,,0.001,449,,,,
0,,,449,,1.2718585729599,,
,,0.001,459,,,,
0,,,459,,1.486771821975708,,
,,0.001,469,,,,
0,,,469,,1.372398853302002,,
,,0.001,479,,,,
0,,,479,,1.4251186847686768,,
,,0.001,489,,,,
0,,,489,,1.3306307792663574,,
,,0.001,499,,,,
0,,,499,,1.2606239318847656,,
,,0.001,509,,,,
0,,,509,,0.7717944383621216,,
,,0.001,519,,,,
0,,,519,,0.7194797992706299,,
,,0.001,529,,,,
0,,,529,,0.7134110927581787,,
,,0.001,539,,,,
0,,,539,,0.7226009964942932,,
,,0.001,549,,,,
0,,,549,,0.7655730843544006,,
,,0.001,559,,,,
0,,,559,,0.7525978684425354,,
,,0.001,569,,,,
0,,,569,,0.7561400532722473,,
,,0.001,579,,,,
0,,,579,,0.6514888405799866,,
,,0.001,589,,,,
0,,,589,,0.7407749891281128,,
,,0.001,599,,,,
0,,,599,,0.6696665287017822,,
,,0.001,609,,,,
0,,,609,,0.6899372339248657,,
,,0.001,619,,,,
0,,,619,,0.6716630458831787,,
,,0.001,629,,,,
0,,,629,,0.6260239481925964,,
,,0.001,639,,,,
0,,,639,,0.627414345741272,,
,,0.001,649,,,,
0,,,649,,0.6337522268295288,,
,,0.001,659,,,,
0,,,659,,0.6908560395240784,,
,,0.001,669,,,,
0,,,669,,0.6259757876396179,,
,,0.001,679,,,,
0,,,679,,0.7294155359268188,,
,,0.001,689,,,,
0,,,689,,0.6043611764907837,,
,,0.001,699,,,,
0,,,699,,0.5935330390930176,,
,,0.001,709,,,,
0,,,709,,0.5553674697875977,,
,,0.001,719,,,,
0,,,719,,0.5430804491043091,,
,,0.001,729,,,,
0,,,729,,0.5959412455558777,,
,,0.001,739,,,,
0,,,739,,0.5600264668464661,,
,,0.001,749,,,,
0,,,749,,0.5821031928062439,,
,,0.001,759,,,,
0,,,759,,0.6060467958450317,,
,,0.001,769,,,,
0,,,769,,0.5674185156822205,,
,,0.001,779,,,,
0,,,779,,0.5508155226707458,,
,,0.001,789,,,,
0,,,789,,0.544207751750946,,
,,0.001,799,,,,
0,,,799,,0.5679895281791687,,
,,0.001,809,,,,
0,,,809,,0.5661975145339966,,
,,0.001,819,,,,
0,,,819,,0.5443472266197205,,
,,0.001,829,,,,
0,,,829,,0.4710119068622589,,
,,0.001,839,,,,
0,,,839,,0.4622097313404083,,
,,0.001,849,,,,
0,,,849,,0.486459881067276,,
,,0.001,859,,,,
0,,,859,,0.5438746213912964,,
,,0.001,869,,,,
0,,,869,,0.5162742733955383,,
,,0.001,879,,,,
0,,,879,,0.4628378748893738,,
,,0.001,889,,,,
0,,,889,,0.48379290103912354,,
,,0.001,899,,,,
0,,,899,,0.48686912655830383,,
,,0.001,909,,,,
0,,,909,,0.47654980421066284,,
,,0.001,919,,,,
0,,,919,,0.4745834469795227,,
,,0.001,929,,,,
0,,,929,,0.4971711039543152,,
,,0.001,939,,,,
0,,,939,,0.45501136779785156,,
,,0.001,949,,,,
0,,,949,,0.5011153221130371,,
,,0.001,959,,,,
0,,,959,,0.5191915035247803,,
,,0.001,969,,,,
0,,,969,,0.512220025062561,,
,,0.001,979,,,,
0,,,979,,0.5231424570083618,,
,,0.001,989,,,,
0,,,989,,0.4416516125202179,,
,,0.001,999,,,,
0,,,999,,0.46790507435798645,,
,,0.001,1009,,,,
0,,,1009,,0.3789137899875641,,
,,0.001,1019,,,,
0,,,1019,,0.38301384449005127,,
,,0.001,1029,,,,
0,,,1029,,0.43478307127952576,,
,,0.001,1039,,,,
0,,,1039,,0.41407591104507446,,
,,0.001,1049,,,,
0,,,1049,,0.3755015730857849,,
,,0.001,1059,,,,
0,,,1059,,0.33692967891693115,,
,,0.001,1069,,,,
0,,,1069,,0.41401582956314087,,
,,0.001,1079,,,,
0,,,1079,,0.36865702271461487,,
,,0.001,1089,,,,
0,,,1089,,0.39577555656433105,,
,,0.001,1099,,,,
0,,,1099,,0.379764586687088,,
,,0.001,1109,,,,
0,,,1109,,0.3517487049102783,,
,,0.001,1119,,,,
0,,,1119,,0.3213704228401184,,
,,0.001,1129,,,,
0,,,1129,,0.3454396724700928,,
,,0.001,1139,,,,
0,,,1139,,0.4036654829978943,,
,,0.001,1149,,,,
0,,,1149,,0.4062364101409912,,
,,0.001,1159,,,,
0,,,1159,,0.33017292618751526,,
,,0.001,1169,,,,
0,,,1169,,0.3233984112739563,,
,,0.001,1179,,,,
0,,,1179,,0.33806079626083374,,
,,0.001,1189,,,,
0,,,1189,,0.3099398910999298,,
,,0.001,1199,,,,
0,,,1199,,0.2988409399986267,,
,,0.001,1209,,,,
0,,,1209,,0.3384377062320709,,
,,0.001,1219,,,,
0,,,1219,,0.3172335624694824,,
,,0.001,1229,,,,
0,,,1229,,0.3165381848812103,,
,,0.001,1239,,,,
0,,,1239,,0.31397438049316406,,
,,0.001,1249,,,,
0,,,1249,,0.33623430132865906,,
,,0.001,1259,,,,
0,,,1259,,0.31250324845314026,,
,,0.001,1269,,,,
0,,,1269,,0.3142823576927185,,
,,0.001,1279,,,,
0,,,1279,,0.3155823349952698,,
,,0.001,1289,,,,
0,,,1289,,0.270934522151947,,
,,0.001,1299,,,,
0,,,1299,,0.33794841170310974,,
,,0.001,1309,,,,
0,,,1309,,0.2883949875831604,,
,,0.001,1319,,,,
0,,,1319,,0.2870790362358093,,
,,0.001,1329,,,,
0,,,1329,,0.28983354568481445,,
,,0.001,1339,,,,
0,,,1339,,0.308819979429245,,
,,0.001,1349,,,,
0,,,1349,,0.2697741389274597,,
,,0.001,1359,,,,
0,,,1359,,0.283444344997406,,
,,0.001,1369,,,,
0,,,1369,,0.2826538681983948,,
,,0.001,1379,,,,
0,,,1379,,0.3665395677089691,,
,,0.001,1389,,,,
0,,,1389,,0.28086963295936584,,
,,0.001,1399,,,,
0,,,1399,,0.24134477972984314,,
,,0.001,1409,,,,
0,,,1409,,0.34191346168518066,,
,,0.001,1419,,,,
0,,,1419,,0.27719664573669434,,
,,0.001,1429,,,,
0,,,1429,,0.36089712381362915,,
,,0.001,1439,,,,
0,,,1439,,0.26698917150497437,,
,,0.001,1449,,,,
0,,,1449,,0.26451897621154785,,
,,0.001,1459,,,,
0,,,1459,,0.2554522156715393,,
,,0.001,1469,,,,
0,,,1469,,0.2788524031639099,,
,,0.001,1479,,,,
0,,,1479,,0.2623045742511749,,
,,0.001,1489,,,,
0,,,1489,,0.2362484633922577,,
,,0.001,1499,,,,
0,,,1499,,0.26242825388908386,,
,,0.001,1509,,,,
0,,,1509,,0.21651867032051086,,
,,0.001,1519,,,,
0,,,1519,,0.23208610713481903,,
,,0.001,1529,,,,
0,,,1529,,0.24090060591697693,,
,,0.001,1539,,,,
0,,,1539,,0.23744137585163116,,
,,0.001,1549,,,,
0,,,1549,,0.3152413070201874,,
,,0.001,1559,,,,
0,,,1559,,0.22297018766403198,,
,,0.001,1569,,,,
0,,,1569,,0.2254103124141693,,
,,0.001,1579,,,,
0,,,1579,,0.26892462372779846,,
,,0.001,1589,,,,
0,,,1589,,0.21479615569114685,,
,,0.001,1599,,,,
0,,,1599,,0.24548247456550598,,
,,0.001,1609,,,,
0,,,1609,,0.253842830657959,,
,,0.001,1619,,,,
0,,,1619,,0.25006264448165894,,
,,0.001,1629,,,,
0,,,1629,,0.2195206880569458,,
,,0.001,1639,,,,
0,,,1639,,0.21576836705207825,,
,,0.001,1649,,,,
0,,,1649,,0.1978975236415863,,
,,0.001,1659,,,,
0,,,1659,,0.19613486528396606,,
,,0.001,1669,,,,
0,,,1669,,0.20595937967300415,,
,,0.001,1679,,,,
0,,,1679,,0.21837659180164337,,
,,0.001,1689,,,,
0,,,1689,,0.19727230072021484,,
,,0.001,1699,,,,
0,,,1699,,0.23695671558380127,,
,,0.001,1709,,,,
0,,,1709,,0.18499846756458282,,
,,0.001,1719,,,,
0,,,1719,,0.17982247471809387,,
,,0.001,1729,,,,
0,,,1729,,0.1783280074596405,,
,,0.001,1739,,,,
0,,,1739,,0.22857946157455444,,
,,0.001,1749,,,,
0,,,1749,,0.18482337892055511,,
,,0.001,1759,,,,
0,,,1759,,0.17535753548145294,,
,,0.001,1769,,,,
0,,,1769,,0.19279149174690247,,
,,0.001,1779,,,,
0,,,1779,,0.18831095099449158,,
,,0.001,1789,,,,
0,,,1789,,0.19859249889850616,,
,,0.001,1799,,,,
0,,,1799,,0.18913869559764862,,
,,0.001,1809,,,,
0,,,1809,,0.1952255815267563,,
,,0.001,1819,,,,
0,,,1819,,0.1775020807981491,,
,,0.001,1829,,,,
0,,,1829,,0.201926127076149,,
,,0.001,1839,,,,
0,,,1839,,0.21646980941295624,,
,,0.001,1849,,,,
0,,,1849,,0.20446355640888214,,
,,0.001,1859,,,,
0,,,1859,,0.19527894258499146,,
,,0.001,1869,,,,
0,,,1869,,0.20177267491817474,,
,,0.001,1879,,,,
0,,,1879,,0.1898420751094818,,
,,0.001,1889,,,,
0,,,1889,,0.22990940511226654,,
,,0.001,1899,,,,
0,,,1899,,0.19664406776428223,,
,,0.001,1909,,,,
0,,,1909,,0.16864070296287537,,
,,0.001,1919,,,,
0,,,1919,,0.18876995146274567,,
,,0.001,1929,,,,
0,,,1929,,0.1737767606973648,,
,,0.001,1939,,,,
0,,,1939,,0.18631893396377563,,
,,0.001,1949,,,,
0,,,1949,,0.2195713222026825,,
,,0.001,1959,,,,
0,,,1959,,0.21898430585861206,,
,,0.001,1969,,,,
0,,,1969,,0.1834944188594818,,
,,0.001,1979,,,,
0,,,1979,,0.18401846289634705,,
,,0.001,1989,,,,
0,,,1989,,0.1806735396385193,,
,,0.001,1999,,,,
0,,,1999,,0.18301329016685486,,
,,,0,,,,0.18759393692016602
,,,1,,,,0.17960543930530548
,,,2,,,,0.17330586910247803
,,,3,,,,0.17028838396072388
,,,4,,,,0.1760684847831726
,,,5,,,,0.17676055431365967
,,,6,,,,0.18289992213249207
,,,7,,,,0.17408163845539093
,,,8,,,,0.18451398611068726
,,,9,,,,0.17916369438171387
,,,10,,,,0.17560935020446777
,,,11,,,,0.18156024813652039
,,,12,,,,0.18649061024188995
,,,13,,,,0.18273453414440155
,,,14,,,,0.1815064400434494
,,,15,,,,0.18653512001037598
,,,16,,,,0.17880849540233612
,,,17,,,,0.17377707362174988
,,,18,,,,0.18058131635189056
,,,19,,,,0.18295034766197205
,,,20,,,,0.18822161853313446
,,,21,,,,0.1799505650997162
,,,22,,,,0.17254938185214996
,,,23,,,,0.17828983068466187
,,,24,,,,0.17750830948352814
,,,25,,,,0.18330933153629303
,,,26,,,,0.18686844408512115
,,,27,,,,0.1757366806268692
,,,28,,,,0.181425079703331
,,,29,,,,0.177671879529953
,,,30,,,,0.17641763389110565
,,,31,,,,0.1831773966550827
,,,32,,,,0.18074330687522888
,,,33,,,,0.18265044689178467
,,,34,,,,0.18193642795085907
,,,35,,,,0.17981047928333282
,,,36,,,,0.17269636690616608
,,,37,,,,0.18041540682315826
,,,38,,,,0.17942652106285095
,,,39,,,,0.18103986978530884
,,,40,,,,0.18347275257110596
,,,41,,,,0.176353320479393
,,,42,,,,0.1780368983745575
,,,43,,,,0.17789411544799805
,,,44,,,,0.1784926950931549
,,,45,,,,0.1771419793367386
,,,46,,,,0.17324644327163696
,,,47,,,,0.17867229878902435
,,,48,,,,0.17530524730682373
,,,49,,,,0.18191970884799957
0,,,1999,,,0.17950433492660522,
0,8.290136337280273,,1999,0.6827002167701721,,,
,,0.001,2009,,,,
1,,,2009,,0.16522015631198883,,
,,0.001,2019,,,,
1,,,2019,,0.1608087718486786,,
,,0.001,2029,,,,
1,,,2029,,0.16473761200904846,,
,,0.001,2039,,,,
1,,,2039,,0.1770455241203308,,
,,0.001,2049,,,,
1,,,2049,,0.16872525215148926,,
,,0.001,2059,,,,
1,,,2059,,0.16193099319934845,,
,,0.001,2069,,,,
1,,,2069,,0.16646713018417358,,
,,0.001,2079,,,,
1,,,2079,,0.1727924644947052,,
,,0.001,2089,,,,
1,,,2089,,0.16867241263389587,,
,,0.001,2099,,,,
1,,,2099,,0.1594393253326416,,
,,0.001,2109,,,,
1,,,2109,,0.14720450341701508,,
,,0.001,2119,,,,
1,,,2119,,0.15776929259300232,,
,,0.001,2129,,,,
1,,,2129,,0.15622387826442719,,
,,0.001,2139,,,,
1,,,2139,,0.16085244715213776,,
,,0.001,2149,,,,
1,,,2149,,0.15261903405189514,,
,,0.001,2159,,,,
1,,,2159,,0.1617927849292755,,
,,0.001,2169,,,,
1,,,2169,,0.15573115646839142,,
,,0.001,2179,,,,
1,,,2179,,0.15397532284259796,,
,,0.001,2189,,,,
1,,,2189,,0.15401886403560638,,
,,0.001,2199,,,,
1,,,2199,,0.1522841900587082,,
,,0.001,2209,,,,
1,,,2209,,0.16263921558856964,,
,,0.001,2219,,,,
1,,,2219,,0.1466829478740692,,
,,0.001,2229,,,,
1,,,2229,,0.1582922637462616,,
,,0.001,2239,,,,
1,,,2239,,0.1592886745929718,,
,,0.001,2249,,,,
1,,,2249,,0.15310147404670715,,
,,0.001,2259,,,,
1,,,2259,,0.15434132516384125,,
,,0.001,2269,,,,
1,,,2269,,0.16174732148647308,,
,,0.001,2279,,,,
1,,,2279,,0.15252287685871124,,
,,0.001,2289,,,,
1,,,2289,,0.15821270644664764,,
,,0.001,2299,,,,
1,,,2299,,0.15257135033607483,,
,,0.001,2309,,,,
1,,,2309,,0.1620321422815323,,
,,0.001,2319,,,,
1,,,2319,,0.1516464650630951,,
,,0.001,2329,,,,
1,,,2329,,0.16839072108268738,,
,,0.001,2339,,,,
1,,,2339,,0.15314671397209167,,
,,0.001,2349,,,,
1,,,2349,,0.15815645456314087,,
,,0.001,2359,,,,
1,,,2359,,0.15567846596240997,,
,,0.001,2369,,,,
1,,,2369,,0.14933449029922485,,
,,0.001,2379,,,,
1,,,2379,,0.1527300924062729,,
,,0.001,2389,,,,
1,,,2389,,0.14894485473632812,,
,,0.001,2399,,,,
1,,,2399,,0.13914966583251953,,
,,0.001,2409,,,,
1,,,2409,,0.1514483094215393,,
,,0.001,2419,,,,
1,,,2419,,0.17352037131786346,,
,,0.001,2429,,,,
1,,,2429,,0.19637902081012726,,
,,0.001,2439,,,,
1,,,2439,,0.1535206139087677,,
,,0.001,2449,,,,
1,,,2449,,0.1747819483280182,,
,,0.001,2459,,,,
1,,,2459,,0.15404880046844482,,
,,0.001,2469,,,,
1,,,2469,,0.1563301980495453,,
,,0.001,2479,,,,
1,,,2479,,0.1444816291332245,,
,,0.001,2489,,,,
1,,,2489,,0.16940896213054657,,
,,0.001,2499,,,,
1,,,2499,,0.14739713072776794,,
,,0.001,2509,,,,
1,,,2509,,0.1545940339565277,,
,,0.001,2519,,,,
1,,,2519,,0.14364726841449738,,
,,0.001,2529,,,,
1,,,2529,,0.13625609874725342,,
,,0.001,2539,,,,
1,,,2539,,0.13445889949798584,,
,,0.001,2549,,,,
1,,,2549,,0.141779825091362,,
,,0.001,2559,,,,
1,,,2559,,0.14123888313770294,,
,,0.001,2569,,,,
1,,,2569,,0.1445097029209137,,
,,0.001,2579,,,,
1,,,2579,,0.13312989473342896,,
,,0.001,2589,,,,
1,,,2589,,0.144707590341568,,
,,0.001,2599,,,,
1,,,2599,,0.13343141973018646,,
,,0.001,2609,,,,
1,,,2609,,0.1351032555103302,,
,,0.001,2619,,,,
1,,,2619,,0.13980378210544586,,
,,0.001,2629,,,,
1,,,2629,,0.1360076665878296,,
,,0.001,2639,,,,
1,,,2639,,0.1374019831418991,,
,,0.001,2649,,,,
1,,,2649,,0.1285584419965744,,
,,0.001,2659,,,,
1,,,2659,,0.13926637172698975,,
,,0.001,2669,,,,
1,,,2669,,0.15076783299446106,,
,,0.001,2679,,,,
1,,,2679,,0.12969708442687988,,
,,0.001,2689,,,,
1,,,2689,,0.13633786141872406,,
,,0.001,2699,,,,
1,,,2699,,0.1283470243215561,,
,,0.001,2709,,,,
1,,,2709,,0.12798558175563812,,
,,0.001,2719,,,,
1,,,2719,,0.1356358677148819,,
,,0.001,2729,,,,
1,,,2729,,0.123997762799263,,
,,0.001,2739,,,,
1,,,2739,,0.1440354287624359,,
,,0.001,2749,,,,
1,,,2749,,0.1268824189901352,,
,,0.001,2759,,,,
1,,,2759,,0.1310964673757553,,
,,0.001,2769,,,,
1,,,2769,,0.12666958570480347,,
,,0.001,2779,,,,
1,,,2779,,0.14271660149097443,,
,,0.001,2789,,,,
1,,,2789,,0.12282213568687439,,
,,0.001,2799,,,,
1,,,2799,,0.1422247290611267,,
,,0.001,2809,,,,
1,,,2809,,0.12067262083292007,,
,,0.001,2819,,,,
1,,,2819,,0.12981393933296204,,
,,0.001,2829,,,,
1,,,2829,,0.12380702793598175,,
,,0.001,2839,,,,
1,,,2839,,0.1278502345085144,,
,,0.001,2849,,,,
1,,,2849,,0.13949483633041382,,
,,0.001,2859,,,,
1,,,2859,,0.1288316249847412,,
,,0.001,2869,,,,
1,,,2869,,0.13458184897899628,,
,,0.001,2879,,,,
1,,,2879,,0.11926160007715225,,
,,0.001,2889,,,,
1,,,2889,,0.11987414956092834,,
,,0.001,2899,,,,
1,,,2899,,0.15625882148742676,,
,,0.001,2909,,,,
1,,,2909,,0.1364128291606903,,
,,0.001,2919,,,,
1,,,2919,,0.1244606301188469,,
,,0.001,2929,,,,
1,,,2929,,0.13236738741397858,,
,,0.001,2939,,,,
1,,,2939,,0.1298515945672989,,
,,0.001,2949,,,,
1,,,2949,,0.13398128747940063,,
,,0.001,2959,,,,
1,,,2959,,0.1260850429534912,,
,,0.001,2969,,,,
1,,,2969,,0.13861152529716492,,
,,0.001,2979,,,,
1,,,2979,,0.1421046257019043,,
,,0.001,2989,,,,
1,,,2989,,0.13121376931667328,,
,,0.001,2999,,,,
1,,,2999,,0.1243632584810257,,
,,0.001,3009,,,,
1,,,3009,,0.12409533560276031,,
,,0.001,3019,,,,
1,,,3019,,0.1217368021607399,,
,,0.001,3029,,,,
1,,,3029,,0.12979331612586975,,
,,0.001,3039,,,,
1,,,3039,,0.1248631700873375,,
,,0.001,3049,,,,
1,,,3049,,0.1326608657836914,,
,,0.001,3059,,,,
1,,,3059,,0.11834730952978134,,
,,0.001,3069,,,,
1,,,3069,,0.12218117713928223,,
,,0.001,3079,,,,
1,,,3079,,0.1214527040719986,,
,,0.001,3089,,,,
1,,,3089,,0.11625562608242035,,
,,0.001,3099,,,,
1,,,3099,,0.12137459218502045,,
,,0.001,3109,,,,
1,,,3109,,0.12266936898231506,,
,,0.001,3119,,,,
1,,,3119,,0.13385285437107086,,
,,0.001,3129,,,,
1,,,3129,,0.12138789892196655,,
,,0.001,3139,,,,
1,,,3139,,0.11999649554491043,,
,,0.001,3149,,,,
1,,,3149,,0.1220046654343605,,
,,0.001,3159,,,,
1,,,3159,,0.12358878552913666,,
,,0.001,3169,,,,
1,,,3169,,0.1327684074640274,,
,,0.001,3179,,,,
1,,,3179,,0.11777041852474213,,
,,0.001,3189,,,,
1,,,3189,,0.1210218295454979,,
,,0.001,3199,,,,
1,,,3199,,0.11977016925811768,,
,,0.001,3209,,,,
1,,,3209,,0.12348131835460663,,
,,0.001,3219,,,,
1,,,3219,,0.11643030494451523,,
,,0.001,3229,,,,
1,,,3229,,0.11707023531198502,,
,,0.001,3239,,,,
1,,,3239,,0.1096477210521698,,
,,0.001,3249,,,,
1,,,3249,,0.10888714343309402,,
,,0.001,3259,,,,
1,,,3259,,0.1176295131444931,,
,,0.001,3269,,,,
1,,,3269,,0.11365045607089996,,
,,0.001,3279,,,,
1,,,3279,,0.1181265115737915,,
,,0.001,3289,,,,
1,,,3289,,0.1118311882019043,,
,,0.001,3299,,,,
1,,,3299,,0.11583234369754791,,
,,0.001,3309,,,,
1,,,3309,,0.12790030241012573,,
,,0.001,3319,,,,
1,,,3319,,0.11194146424531937,,
,,0.001,3329,,,,
1,,,3329,,0.11850862205028534,,
,,0.001,3339,,,,
1,,,3339,,0.11813805252313614,,
,,0.001,3349,,,,
1,,,3349,,0.10884532332420349,,
,,0.001,3359,,,,
1,,,3359,,0.12327957898378372,,
,,0.001,3369,,,,
1,,,3369,,0.11371281743049622,,
,,0.001,3379,,,,
1,,,3379,,0.118852898478508,,
,,0.001,3389,,,,
1,,,3389,,0.11384520679712296,,
,,0.001,3399,,,,
1,,,3399,,0.10649440437555313,,
,,0.001,3409,,,,
1,,,3409,,0.10873176157474518,,
,,0.001,3419,,,,
1,,,3419,,0.11041495203971863,,
,,0.001,3429,,,,
1,,,3429,,0.11198987066745758,,
,,0.001,3439,,,,
1,,,3439,,0.11176267266273499,,
,,0.001,3449,,,,
1,,,3449,,0.11937607824802399,,
,,0.001,3459,,,,
1,,,3459,,0.11379334330558777,,
,,0.001,3469,,,,
1,,,3469,,0.12074889242649078,,
,,0.001,3479,,,,
1,,,3479,,0.12702712416648865,,
,,0.001,3489,,,,
1,,,3489,,0.10803864151239395,,
,,0.001,3499,,,,
1,,,3499,,0.11568192392587662,,
,,0.001,3509,,,,
1,,,3509,,0.11087138950824738,,
,,0.001,3519,,,,
1,,,3519,,0.11177890747785568,,
,,0.001,3529,,,,
1,,,3529,,0.1191425547003746,,
,,0.001,3539,,,,
1,,,3539,,0.1254585236310959,,
,,0.001,3549,,,,
1,,,3549,,0.11639030277729034,,
,,0.001,3559,,,,
1,,,3559,,0.11053307354450226,,
,,0.001,3569,,,,
1,,,3569,,0.10991942137479782,,
,,0.001,3579,,,,
1,,,3579,,0.11031465232372284,,
,,0.001,3589,,,,
1,,,3589,,0.1117967739701271,,
,,0.001,3599,,,,
1,,,3599,,0.10519669204950333,,
,,0.001,3609,,,,
1,,,3609,,0.11466022580862045,,
,,0.001,3619,,,,
1,,,3619,,0.10213635861873627,,
,,0.001,3629,,,,
1,,,3629,,0.1218109056353569,,
,,0.001,3639,,,,
1,,,3639,,0.1113075464963913,,
,,0.001,3649,,,,
1,,,3649,,0.10925114899873734,,
,,0.001,3659,,,,
1,,,3659,,0.10628321766853333,,
,,0.001,3669,,,,
1,,,3669,,0.1152331680059433,,
,,0.001,3679,,,,
1,,,3679,,0.10207083821296692,,
,,0.001,3689,,,,
1,,,3689,,0.10785362869501114,,
,,0.001,3699,,,,
1,,,3699,,0.1143723875284195,,
,,0.001,3709,,,,
1,,,3709,,0.11419710516929626,,
,,0.001,3719,,,,
1,,,3719,,0.10139355808496475,,
,,0.001,3729,,,,
1,,,3729,,0.11001981794834137,,
,,0.001,3739,,,,
1,,,3739,,0.10392723977565765,,
,,0.001,3749,,,,
1,,,3749,,0.10501299798488617,,
,,0.001,3759,,,,
1,,,3759,,0.10358569025993347,,
,,0.001,3769,,,,
1,,,3769,,0.10873884707689285,,
,,0.001,3779,,,,
1,,,3779,,0.09310928732156754,,
,,0.001,3789,,,,
1,,,3789,,0.12329965829849243,,
,,0.001,3799,,,,
1,,,3799,,0.09804043173789978,,
,,0.001,3809,,,,
1,,,3809,,0.09415990859270096,,
,,0.001,3819,,,,
1,,,3819,,0.1011255756020546,,
,,0.001,3829,,,,
1,,,3829,,0.10170965641736984,,
,,0.001,3839,,,,
1,,,3839,,0.10044920444488525,,
,,0.001,3849,,,,
1,,,3849,,0.11188607662916183,,
,,0.001,3859,,,,
1,,,3859,,0.10771532356739044,,
,,0.001,3869,,,,
1,,,3869,,0.1028321385383606,,
,,0.001,3879,,,,
1,,,3879,,0.10762102901935577,,
,,0.001,3889,,,,
1,,,3889,,0.09527300298213959,,
,,0.001,3899,,,,
1,,,3899,,0.11390729993581772,,
,,0.001,3909,,,,
1,,,3909,,0.0964515209197998,,
,,0.001,3919,,,,
1,,,3919,,0.09698200225830078,,
,,0.001,3929,,,,
1,,,3929,,0.09688013792037964,,
,,0.001,3939,,,,
1,,,3939,,0.09731464833021164,,
,,0.001,3949,,,,
1,,,3949,,0.10121827572584152,,
,,0.001,3959,,,,
1,,,3959,,0.10489755868911743,,
,,0.001,3969,,,,
1,,,3969,,0.10482794791460037,,
,,0.001,3979,,,,
1,,,3979,,0.10262364894151688,,
,,0.001,3989,,,,
1,,,3989,,0.10593767464160919,,
,,0.001,3999,,,,
1,,,3999,,0.11125034838914871,,
,,,50,,,,0.10781197249889374
,,,51,,,,0.10460847616195679
,,,52,,,,0.10014471411705017
,,,53,,,,0.10009878873825073
,,,54,,,,0.10380049049854279
,,,55,,,,0.1023482233285904
,,,56,,,,0.10374343395233154
,,,57,,,,0.10040632635354996
,,,58,,,,0.11007673293352127
,,,59,,,,0.1030600294470787
,,,60,,,,0.09948953241109848
,,,61,,,,0.10505430400371552
,,,62,,,,0.10536123812198639
,,,63,,,,0.10667987167835236
,,,64,,,,0.1023654118180275
,,,65,,,,0.10637838393449783
,,,66,,,,0.10031425207853317
,,,67,,,,0.10154645889997482
,,,68,,,,0.1027630865573883
,,,69,,,,0.10387919098138809
,,,70,,,,0.10516887903213501
,,,71,,,,0.10313154011964798
,,,72,,,,0.0982000082731247
,,,73,,,,0.10248644649982452
,,,74,,,,0.09878378361463547
,,,75,,,,0.10512678325176239
,,,76,,,,0.10610876977443695
,,,77,,,,0.09889198839664459
,,,78,,,,0.10702603310346603
,,,79,,,,0.10006053745746613
,,,80,,,,0.10147009789943695
,,,81,,,,0.10419566929340363
,,,82,,,,0.10476692020893097
,,,83,,,,0.10039383172988892
,,,84,,,,0.10679891705513
,,,85,,,,0.10036183893680573
,,,86,,,,0.10010016709566116
,,,87,,,,0.10746736079454422
,,,88,,,,0.104078009724617
,,,89,,,,0.10285352915525436
,,,90,,,,0.10458587110042572
,,,91,,,,0.10068593919277191
,,,92,,,,0.09871059656143188
,,,93,,,,0.1035667285323143
,,,94,,,,0.10248683393001556
,,,95,,,,0.1025303304195404
,,,96,,,,0.10016396641731262
,,,97,,,,0.10219167917966843
,,,98,,,,0.1025712862610817
,,,99,,,,0.10463167726993561
1,,,3999,,,0.10299056023359299,
1,8.393406867980957,,3999,0.12976376712322235,,,
,,0.001,4009,,,,
2,,,4009,,0.1150919646024704,,
,,0.001,4019,,,,
2,,,4019,,0.08916322886943817,,
,,0.001,4029,,,,
2,,,4029,,0.09027422964572906,,
,,0.001,4039,,,,
2,,,4039,,0.09670066833496094,,
,,0.001,4049,,,,
2,,,4049,,0.09593535959720612,,
,,0.001,4059,,,,
2,,,4059,,0.09997933357954025,,
,,0.001,4069,,,,
2,,,4069,,0.09247051179409027,,
,,0.001,4079,,,,
2,,,4079,,0.09083952754735947,,
,,0.001,4089,,,,
2,,,4089,,0.09089738130569458,,
,,0.001,4099,,,,
2,,,4099,,0.0998254045844078,,
,,0.001,4109,,,,
2,,,4109,,0.09885577857494354,,
,,0.001,4119,,,,
2,,,4119,,0.09204117208719254,,
,,0.001,4129,,,,
2,,,4129,,0.09277646243572235,,
,,0.001,4139,,,,
2,,,4139,,0.09442322701215744,,
,,0.001,4149,,,,
2,,,4149,,0.09354393929243088,,
,,0.001,4159,,,,
2,,,4159,,0.0955720990896225,,
,,0.001,4169,,,,
2,,,4169,,0.09112124145030975,,
,,0.001,4179,,,,
2,,,4179,,0.09397564828395844,,
,,0.001,4189,,,,
2,,,4189,,0.09557242691516876,,
,,0.001,4199,,,,
2,,,4199,,0.09075691550970078,,
,,0.001,4209,,,,
2,,,4209,,0.0936286672949791,,
,,0.001,4219,,,,
2,,,4219,,0.08588218688964844,,
,,0.001,4229,,,,
2,,,4229,,0.08642970025539398,,
,,0.001,4239,,,,
2,,,4239,,0.08497472107410431,,
,,0.001,4249,,,,
2,,,4249,,0.09366342425346375,,
,,0.001,4259,,,,
2,,,4259,,0.09692921489477158,,
,,0.001,4269,,,,
2,,,4269,,0.09092669188976288,,
,,0.001,4279,,,,
2,,,4279,,0.09208276867866516,,
,,0.001,4289,,,,
2,,,4289,,0.09491726011037827,,
,,0.001,4299,,,,
2,,,4299,,0.09467434138059616,,
,,0.001,4309,,,,
2,,,4309,,0.0918157771229744,,
,,0.001,4319,,,,
2,,,4319,,0.09998112916946411,,
,,0.001,4329,,,,
2,,,4329,,0.09138244390487671,,
,,0.001,4339,,,,
2,,,4339,,0.09375888854265213,,
,,0.001,4349,,,,
2,,,4349,,0.09095358103513718,,
,,0.001,4359,,,,
2,,,4359,,0.0892987996339798,,
,,0.001,4369,,,,
2,,,4369,,0.09218137711286545,,
,,0.001,4379,,,,
2,,,4379,,0.08797544240951538,,
,,0.001,4389,,,,
2,,,4389,,0.09023424237966537,,
,,0.001,4399,,,,
2,,,4399,,0.09130093455314636,,
,,0.001,4409,,,,
2,,,4409,,0.08766292035579681,,
,,0.001,4419,,,,
2,,,4419,,0.08788998425006866,,
,,0.001,4429,,,,
2,,,4429,,0.09360144287347794,,
,,0.001,4439,,,,
2,,,4439,,0.09283946454524994,,
,,0.001,4449,,,,
2,,,4449,,0.08474025130271912,,
,,0.001,4459,,,,
2,,,4459,,0.09030543267726898,,
,,0.001,4469,,,,
2,,,4469,,0.08863049745559692,,
,,0.001,4479,,,,
2,,,4479,,0.08672723174095154,,
,,0.001,4489,,,,
2,,,4489,,0.09588868916034698,,
,,0.001,4499,,,,
2,,,4499,,0.09638360887765884,,
,,0.001,4509,,,,
2,,,4509,,0.09198630601167679,,
,,0.001,4519,,,,
2,,,4519,,0.08983954787254333,,
,,0.001,4529,,,,
2,,,4529,,0.08804094791412354,,
,,0.001,4539,,,,
2,,,4539,,0.09439869970083237,,
,,0.001,4549,,,,
2,,,4549,,0.08770143985748291,,
,,0.001,4559,,,,
2,,,4559,,0.08749018609523773,,
,,0.001,4569,,,,
2,,,4569,,0.08212641626596451,,
,,0.001,4579,,,,
2,,,4579,,0.09244419634342194,,
,,0.001,4589,,,,
2,,,4589,,0.0891387090086937,,
,,0.001,4599,,,,
2,,,4599,,0.0901552066206932,,
,,0.001,4609,,,,
2,,,4609,,0.08718027919530869,,
,,0.001,4619,,,,
2,,,4619,,0.08875185251235962,,
,,0.001,4629,,,,
2,,,4629,,0.08629899471998215,,
,,0.001,4639,,,,
2,,,4639,,0.0959562361240387,,
,,0.001,4649,,,,
2,,,4649,,0.08513278514146805,,
,,0.001,4659,,,,
2,,,4659,,0.0890481248497963,,
,,0.001,4669,,,,
2,,,4669,,0.08481662720441818,,
,,0.001,4679,,,,
2,,,4679,,0.09937110543251038,,
,,0.001,4689,,,,
2,,,4689,,0.08987550437450409,,
,,0.001,4699,,,,
2,,,4699,,0.09442271292209625,,
,,0.001,4709,,,,
2,,,4709,,0.09074106067419052,,
,,0.001,4719,,,,
2,,,4719,,0.09050124138593674,,
,,0.001,4729,,,,
2,,,4729,,0.08829733729362488,,
,,0.001,4739,,,,
2,,,4739,,0.09218830615282059,,
,,0.001,4749,,,,
2,,,4749,,0.08077284693717957,,
,,0.001,4759,,,,
2,,,4759,,0.08674897253513336,,
,,0.001,4769,,,,
2,,,4769,,0.08891108632087708,,
,,0.001,4779,,,,
2,,,4779,,0.08435654640197754,,
,,0.001,4789,,,,
2,,,4789,,0.08662241697311401,,
,,0.001,4799,,,,
2,,,4799,,0.0839625895023346,,
,,0.001,4809,,,,
2,,,4809,,0.08514225482940674,,
,,0.001,4819,,,,
2,,,4819,,0.08562832325696945,,
,,0.001,4829,,,,
2,,,4829,,0.08669328689575195,,
,,0.001,4839,,,,
2,,,4839,,0.0873955488204956,,
,,0.001,4849,,,,
2,,,4849,,0.08943848311901093,,
,,0.001,4859,,,,
2,,,4859,,0.08107807487249374,,
,,0.001,4869,,,,
2,,,4869,,0.09101149439811707,,
,,0.001,4879,,,,
2,,,4879,,0.09194328635931015,,
,,0.001,4889,,,,
2,,,4889,,0.0929555743932724,,
,,0.001,4899,,,,
2,,,4899,,0.08889752626419067,,
,,0.001,4909,,,,
2,,,4909,,0.09121932089328766,,
,,0.001,4919,,,,
2,,,4919,,0.0946933701634407,,
,,0.001,4929,,,,
2,,,4929,,0.08305516093969345,,
,,0.001,4939,,,,
2,,,4939,,0.08470559120178223,,
,,0.001,4949,,,,
2,,,4949,,0.08255322277545929,,
,,0.001,4959,,,,
2,,,4959,,0.08845769613981247,,
,,0.001,4969,,,,
2,,,4969,,0.0881214290857315,,
,,0.001,4979,,,,
2,,,4979,,0.088958740234375,,
,,0.001,4989,,,,
2,,,4989,,0.08661656081676483,,
,,0.001,4999,,,,
2,,,4999,,0.08999725431203842,,
,,0.001,5009,,,,
2,,,5009,,0.08346468210220337,,
,,0.001,5019,,,,
2,,,5019,,0.08123170584440231,,
,,0.001,5029,,,,
2,,,5029,,0.08990836143493652,,
,,0.001,5039,,,,
2,,,5039,,0.08739026635885239,,
,,0.001,5049,,,,
2,,,5049,,0.08687733858823776,,
,,0.001,5059,,,,
2,,,5059,,0.08518008887767792,,
,,0.001,5069,,,,
2,,,5069,,0.08813942223787308,,
,,0.001,5079,,,,
2,,,5079,,0.08549990504980087,,
,,0.001,5089,,,,
2,,,5089,,0.08396589756011963,,
,,0.001,5099,,,,
2,,,5099,,0.0853763297200203,,
,,0.001,5109,,,,
2,,,5109,,0.0862303301692009,,
,,0.001,5119,,,,
2,,,5119,,0.09111698716878891,,
,,0.001,5129,,,,
2,,,5129,,0.08832120895385742,,
,,0.001,5139,,,,
2,,,5139,,0.08720344305038452,,
,,0.001,5149,,,,
2,,,5149,,0.08446428179740906,,
,,0.001,5159,,,,
2,,,5159,,0.08638396859169006,,
,,0.001,5169,,,,
2,,,5169,,0.08963123708963394,,
,,0.001,5179,,,,
2,,,5179,,0.08652859926223755,,
,,0.001,5189,,,,
2,,,5189,,0.08490285277366638,,
,,0.001,5199,,,,
2,,,5199,,0.08834788203239441,,
,,0.001,5209,,,,
2,,,5209,,0.0814838856458664,,
,,0.001,5219,,,,
2,,,5219,,0.08476396650075912,,
,,0.001,5229,,,,
2,,,5229,,0.0905008316040039,,
,,0.001,5239,,,,
2,,,5239,,0.08873136341571808,,
,,0.001,5249,,,,
2,,,5249,,0.08775413781404495,,
,,0.001,5259,,,,
2,,,5259,,0.08017838001251221,,
,,0.001,5269,,,,
2,,,5269,,0.08538217097520828,,
,,0.001,5279,,,,
2,,,5279,,0.08631079643964767,,
,,0.001,5289,,,,
2,,,5289,,0.0834561139345169,,
,,0.001,5299,,,,
2,,,5299,,0.09189864993095398,,
,,0.001,5309,,,,
2,,,5309,,0.09472671151161194,,
,,0.001,5319,,,,
2,,,5319,,0.08782891929149628,,
,,0.001,5329,,,,
2,,,5329,,0.08626128733158112,,
,,0.001,5339,,,,
2,,,5339,,0.088066466152668,,
,,0.001,5349,,,,
2,,,5349,,0.08176083117723465,,
,,0.001,5359,,,,
2,,,5359,,0.08921151608228683,,
,,0.001,5369,,,,
2,,,5369,,0.0864979475736618,,
,,0.001,5379,,,,
2,,,5379,,0.08677174896001816,,
,,0.001,5389,,,,
2,,,5389,,0.08021072298288345,,
,,0.001,5399,,,,
2,,,5399,,0.08510229736566544,,
,,0.001,5409,,,,
2,,,5409,,0.08487223833799362,,
,,0.001,5419,,,,
2,,,5419,,0.08629332482814789,,
,,0.001,5429,,,,
2,,,5429,,0.08688884973526001,,
,,0.001,5439,,,,
2,,,5439,,0.08778159320354462,,
,,0.001,5449,,,,
2,,,5449,,0.08541236072778702,,
,,0.001,5459,,,,
2,,,5459,,0.08598122000694275,,
,,0.001,5469,,,,
2,,,5469,,0.0852523073554039,,
,,0.001,5479,,,,
2,,,5479,,0.0859551951289177,,
,,0.001,5489,,,,
2,,,5489,,0.09558985382318497,,
,,0.001,5499,,,,
2,,,5499,,0.08841241151094437,,
,,0.001,5509,,,,
2,,,5509,,0.08395595103502274,,
,,0.001,5519,,,,
2,,,5519,,0.08252230286598206,,
,,0.001,5529,,,,
2,,,5529,,0.08372502774000168,,
,,0.001,5539,,,,
2,,,5539,,0.08893723785877228,,
,,0.001,5549,,,,
2,,,5549,,0.08787574619054794,,
,,0.001,5559,,,,
2,,,5559,,0.08206097781658173,,
,,0.001,5569,,,,
2,,,5569,,0.08462579548358917,,
,,0.001,5579,,,,
2,,,5579,,0.08382241427898407,,
,,0.001,5589,,,,
2,,,5589,,0.08664683252573013,,
,,0.001,5599,,,,
2,,,5599,,0.08410637080669403,,
,,0.001,5609,,,,
2,,,5609,,0.08324446529150009,,
,,0.001,5619,,,,
2,,,5619,,0.08849930763244629,,
,,0.001,5629,,,,
2,,,5629,,0.08804158866405487,,
,,0.001,5639,,,,
2,,,5639,,0.09468056261539459,,
,,0.001,5649,,,,
2,,,5649,,0.0825735479593277,,
,,0.001,5659,,,,
2,,,5659,,0.0849049761891365,,
,,0.001,5669,,,,
2,,,5669,,0.08003558963537216,,
,,0.001,5679,,,,
2,,,5679,,0.08547715842723846,,
,,0.001,5689,,,,
2,,,5689,,0.08514580130577087,,
,,0.001,5699,,,,
2,,,5699,,0.09171167761087418,,
,,0.001,5709,,,,
2,,,5709,,0.08532655239105225,,
,,0.001,5719,,,,
2,,,5719,,0.08907032757997513,,
,,0.001,5729,,,,
2,,,5729,,0.08600550144910812,,
,,0.001,5739,,,,
2,,,5739,,0.08529534190893173,,
,,0.001,5749,,,,
2,,,5749,,0.08569001406431198,,
,,0.001,5759,,,,
2,,,5759,,0.08162973076105118,,
,,0.001,5769,,,,
2,,,5769,,0.08686257153749466,,
,,0.001,5779,,,,
2,,,5779,,0.0855369120836258,,
,,0.001,5789,,,,
2,,,5789,,0.08445191383361816,,
,,0.001,5799,,,,
2,,,5799,,0.08171650022268295,,
,,0.001,5809,,,,
2,,,5809,,0.08376341313123703,,
,,0.001,5819,,,,
2,,,5819,,0.08205442130565643,,
,,0.001,5829,,,,
2,,,5829,,0.08319942653179169,,
,,0.001,5839,,,,
2,,,5839,,0.08340349793434143,,
,,0.001,5849,,,,
2,,,5849,,0.08678816258907318,,
,,0.001,5859,,,,
2,,,5859,,0.09179417788982391,,
,,0.001,5869,,,,
2,,,5869,,0.08944180607795715,,
,,0.001,5879,,,,
2,,,5879,,0.08584132790565491,,
,,0.001,5889,,,,
2,,,5889,,0.0878487303853035,,
,,0.001,5899,,,,
2,,,5899,,0.08423708379268646,,
,,0.001,5909,,,,
2,,,5909,,0.09056437015533447,,
,,0.001,5919,,,,
2,,,5919,,0.08698639273643494,,
,,0.001,5929,,,,
2,,,5929,,0.08805737644433975,,
,,0.001,5939,,,,
2,,,5939,,0.08375611901283264,,
,,0.001,5949,,,,
2,,,5949,,0.08081398159265518,,
,,0.001,5959,,,,
2,,,5959,,0.08363062143325806,,
,,0.001,5969,,,,
2,,,5969,,0.08357170969247818,,
,,0.001,5979,,,,
2,,,5979,,0.0828164592385292,,
,,0.001,5989,,,,
2,,,5989,,0.08975152671337128,,
,,0.001,5999,,,,
2,,,5999,,0.08432263135910034,,
,,,100,,,,0.08392738550901413
,,,101,,,,0.08485959470272064
,,,102,,,,0.08106335997581482
,,,103,,,,0.08174550533294678
,,,104,,,,0.08260233700275421
,,,105,,,,0.08304799348115921
,,,106,,,,0.08366277068853378
,,,107,,,,0.08218374848365784
,,,108,,,,0.08432595431804657
,,,109,,,,0.08328273147344589
,,,110,,,,0.08236602693796158
,,,111,,,,0.08262242376804352
,,,112,,,,0.08434499800205231
,,,113,,,,0.08322738111019135
,,,114,,,,0.0833306759595871
,,,115,,,,0.08576622605323792
,,,116,,,,0.0823335275053978
,,,117,,,,0.08177030086517334
,,,118,,,,0.08278831839561462
,,,119,,,,0.08303756266832352
,,,120,,,,0.08403284102678299
,,,121,,,,0.08378470689058304
,,,122,,,,0.08170956373214722
,,,123,,,,0.0829557329416275
,,,124,,,,0.08206801116466522
,,,125,,,,0.08368781954050064
,,,126,,,,0.08430447429418564
,,,127,,,,0.08211878687143326
,,,128,,,,0.08362142741680145
,,,129,,,,0.08193898946046829
,,,130,,,,0.08228357136249542
,,,131,,,,0.0822189673781395
,,,132,,,,0.08304888010025024
,,,133,,,,0.0818764716386795
,,,134,,,,0.08405765146017075
,,,135,,,,0.08082276582717896
,,,136,,,,0.08183380216360092
,,,137,,,,0.0836021676659584
,,,138,,,,0.0831294059753418
,,,139,,,,0.08227025717496872
,,,140,,,,0.08274302631616592
,,,141,,,,0.08110858500003815
,,,142,,,,0.08141259104013443
,,,143,,,,0.08324924111366272
,,,144,,,,0.08236774057149887
,,,145,,,,0.0815984383225441
,,,146,,,,0.0800619125366211
,,,147,,,,0.08300341665744781
,,,148,,,,0.08306635916233063
,,,149,,,,0.08218350261449814
2,,,5999,,,0.0827689841389656,
2,8.441080093383789,,5999,0.08789384365081787,,,
,,0.001,6009,,,,
3,,,6009,,0.08837047219276428,,
,,0.001,6019,,,,
3,,,6019,,0.08153656870126724,,
,,0.001,6029,,,,
3,,,6029,,0.08904101699590683,,
,,0.001,6039,,,,
3,,,6039,,0.08548854291439056,,
,,0.001,6049,,,,
3,,,6049,,0.08565422892570496,,
,,0.001,6059,,,,
3,,,6059,,0.08873356133699417,,
,,0.001,6069,,,,
3,,,6069,,0.0837884247303009,,
,,0.001,6079,,,,
3,,,6079,,0.08685579150915146,,
,,0.001,6089,,,,
3,,,6089,,0.08601275831460953,,
,,0.001,6099,,,,
3,,,6099,,0.08329303562641144,,
,,0.001,6109,,,,
3,,,6109,,0.09008197486400604,,
,,0.001,6119,,,,
3,,,6119,,0.08174314349889755,,
,,0.001,6129,,,,
3,,,6129,,0.08436284959316254,,
,,0.001,6139,,,,
3,,,6139,,0.0879099890589714,,
,,0.001,6149,,,,
3,,,6149,,0.08156205713748932,,
,,0.001,6159,,,,
3,,,6159,,0.0801176130771637,,
,,0.001,6169,,,,
3,,,6169,,0.08411552757024765,,
,,0.001,6179,,,,
3,,,6179,,0.08427707850933075,,
,,0.001,6189,,,,
3,,,6189,,0.08677052706480026,,
,,0.001,6199,,,,
3,,,6199,,0.08291664719581604,,
,,0.001,6209,,,,
3,,,6209,,0.08793008327484131,,
,,0.001,6219,,,,
3,,,6219,,0.08199366927146912,,
,,0.001,6229,,,,
3,,,6229,,0.08347981423139572,,
,,0.001,6239,,,,
3,,,6239,,0.08379770070314407,,
,,0.001,6249,,,,
3,,,6249,,0.08050744980573654,,
,,0.001,6259,,,,
3,,,6259,,0.08203774690628052,,
,,0.001,6269,,,,
3,,,6269,,0.08256017416715622,,
,,0.001,6279,,,,
3,,,6279,,0.08209435641765594,,
,,0.001,6289,,,,
3,,,6289,,0.0862162634730339,,
,,0.001,6299,,,,
3,,,6299,,0.08469001948833466,,
,,0.001,6309,,,,
3,,,6309,,0.08482864499092102,,
,,0.001,6319,,,,
3,,,6319,,0.08604554831981659,,
,,0.001,6329,,,,
3,,,6329,,0.08592712879180908,,
,,0.001,6339,,,,
3,,,6339,,0.08286537975072861,,
,,0.001,6349,,,,
3,,,6349,,0.08671518415212631,,
,,0.001,6359,,,,
3,,,6359,,0.08366627246141434,,
,,0.001,6369,,,,
3,,,6369,,0.08429554104804993,,
,,0.001,6379,,,,
3,,,6379,,0.08454166352748871,,
,,0.001,6389,,,,
3,,,6389,,0.08935612440109253,,
,,0.001,6399,,,,
3,,,6399,,0.08428400754928589,,
,,0.001,6409,,,,
3,,,6409,,0.0841551125049591,,
,,0.001,6419,,,,
3,,,6419,,0.08129620552062988,,
,,0.001,6429,,,,
3,,,6429,,0.0825902670621872,,
,,0.001,6439,,,,
3,,,6439,,0.0860801488161087,,
,,0.001,6449,,,,
3,,,6449,,0.08924399316310883,,
,,0.001,6459,,,,
3,,,6459,,0.08681374043226242,,
,,0.001,6469,,,,
3,,,6469,,0.08170472830533981,,
,,0.001,6479,,,,
3,,,6479,,0.085540272295475,,
,,0.001,6489,,,,
3,,,6489,,0.0820634737610817,,
,,0.001,6499,,,,
3,,,6499,,0.08427070826292038,,
,,0.001,6509,,,,
3,,,6509,,0.08606487512588501,,
,,0.001,6519,,,,
3,,,6519,,0.08508499711751938,,
,,0.001,6529,,,,
3,,,6529,,0.08732843399047852,,
,,0.001,6539,,,,
3,,,6539,,0.0831797793507576,,
,,0.001,6549,,,,
3,,,6549,,0.08467838168144226,,
,,0.001,6559,,,,
3,,,6559,,0.08752048015594482,,
,,0.001,6569,,,,
3,,,6569,,0.08394011110067368,,
,,0.001,6579,,,,
3,,,6579,,0.08638332784175873,,
,,0.001,6589,,,,
3,,,6589,,0.08424544334411621,,
,,0.001,6599,,,,
3,,,6599,,0.08831895887851715,,
,,0.001,6609,,,,
3,,,6609,,0.08135860413312912,,
,,0.001,6619,,,,
3,,,6619,,0.08413294702768326,,
,,0.001,6629,,,,
3,,,6629,,0.08484763652086258,,
,,0.001,6639,,,,
3,,,6639,,0.07909639179706573,,
,,0.001,6649,,,,
3,,,6649,,0.07867372781038284,,
,,0.001,6659,,,,
3,,,6659,,0.08501598238945007,,
,,0.001,6669,,,,
3,,,6669,,0.08303423970937729,,
,,0.001,6679,,,,
3,,,6679,,0.08483090251684189,,
,,0.001,6689,,,,
3,,,6689,,0.08692723512649536,,
,,0.001,6699,,,,
3,,,6699,,0.08469359576702118,,
,,0.001,6709,,,,
3,,,6709,,0.07991471886634827,,
,,0.001,6719,,,,
3,,,6719,,0.08431152999401093,,
,,0.001,6729,,,,
3,,,6729,,0.08136440813541412,,
,,0.001,6739,,,,
3,,,6739,,0.08273522555828094,,
,,0.001,6749,,,,
3,,,6749,,0.08198779076337814,,
,,0.001,6759,,,,
3,,,6759,,0.08174239099025726,,
,,0.001,6769,,,,
3,,,6769,,0.08113248646259308,,
,,0.001,6779,,,,
3,,,6779,,0.08505358546972275,,
,,0.001,6789,,,,
3,,,6789,,0.08097232133150101,,
,,0.001,6799,,,,
3,,,6799,,0.08349797874689102,,
,,0.001,6809,,,,
3,,,6809,,0.0852573812007904,,
,,0.001,6819,,,,
3,,,6819,,0.08921264111995697,,
,,0.001,6829,,,,
3,,,6829,,0.08794908970594406,,
,,0.001,6839,,,,
3,,,6839,,0.08979973942041397,,
,,0.001,6849,,,,
3,,,6849,,0.08698634058237076,,
,,0.001,6859,,,,
3,,,6859,,0.08482809364795685,,
,,0.001,6869,,,,
3,,,6869,,0.08812195807695389,,
,,0.001,6879,,,,
3,,,6879,,0.08330108225345612,,
,,0.001,6889,,,,
3,,,6889,,0.08480744063854218,,
,,0.001,6899,,,,
3,,,6899,,0.08251476287841797,,
,,0.001,6909,,,,
3,,,6909,,0.07921286672353745,,
,,0.001,6919,,,,
3,,,6919,,0.08103502541780472,,
,,0.001,6929,,,,
3,,,6929,,0.07932311296463013,,
,,0.001,6939,,,,
3,,,6939,,0.0799526795744896,,
,,0.001,6949,,,,
3,,,6949,,0.08129619061946869,,
,,0.001,6959,,,,
3,,,6959,,0.08709686249494553,,
,,0.001,6969,,,,
3,,,6969,,0.08897087723016739,,
,,0.001,6979,,,,
3,,,6979,,0.08453407138586044,,
,,0.001,6989,,,,
3,,,6989,,0.08245756477117538,,
,,0.001,6999,,,,
3,,,6999,,0.08326176553964615,,
,,0.001,7009,,,,
3,,,7009,,0.07762934267520905,,
,,0.001,7019,,,,
3,,,7019,,0.08250567317008972,,
,,0.001,7029,,,,
3,,,7029,,0.07823382318019867,,
,,0.001,7039,,,,
3,,,7039,,0.08677132427692413,,
,,0.001,7049,,,,
3,,,7049,,0.08838102966547012,,
,,0.001,7059,,,,
3,,,7059,,0.08194229751825333,,
,,0.001,7069,,,,
3,,,7069,,0.08584082126617432,,
,,0.001,7079,,,,
3,,,7079,,0.0854305848479271,,
,,0.001,7089,,,,
3,,,7089,,0.0835995078086853,,
,,0.001,7099,,,,
3,,,7099,,0.084457166492939,,
,,0.001,7109,,,,
3,,,7109,,0.08266773819923401,,
,,0.001,7119,,,,
3,,,7119,,0.08784470707178116,,
,,0.001,7129,,,,
3,,,7129,,0.08059066534042358,,
,,0.001,7139,,,,
3,,,7139,,0.08588115125894547,,
,,0.001,7149,,,,
3,,,7149,,0.08395679295063019,,
,,0.001,7159,,,,
3,,,7159,,0.08411853015422821,,
,,0.001,7169,,,,
3,,,7169,,0.08315365016460419,,
,,0.001,7179,,,,
3,,,7179,,0.08513860404491425,,
,,0.001,7189,,,,
3,,,7189,,0.08255603164434433,,
,,0.001,7199,,,,
3,,,7199,,0.08384795486927032,,
,,0.001,7209,,,,
3,,,7209,,0.08580628037452698,,
,,0.001,7219,,,,
3,,,7219,,0.08832177519798279,,
,,0.001,7229,,,,
3,,,7229,,0.08498779684305191,,
,,0.001,7239,,,,
3,,,7239,,0.0832691341638565,,
,,0.001,7249,,,,
3,,,7249,,0.0858367308974266,,
,,0.001,7259,,,,
3,,,7259,,0.08387889713048935,,
,,0.001,7269,,,,
3,,,7269,,0.08442645519971848,,
,,0.001,7279,,,,
3,,,7279,,0.08470696955919266,,
,,0.001,7289,,,,
3,,,7289,,0.0844062939286232,,
,,0.001,7299,,,,
3,,,7299,,0.08433034271001816,,
,,0.001,7309,,,,
3,,,7309,,0.08510039746761322,,
,,0.001,7319,,,,
3,,,7319,,0.08328047394752502,,
,,0.001,7329,,,,
3,,,7329,,0.08497581630945206,,
,,0.001,7339,,,,
3,,,7339,,0.08100035786628723,,
,,0.001,7349,,,,
3,,,7349,,0.08744266629219055,,
,,0.001,7359,,,,
3,,,7359,,0.08786700665950775,,
,,0.001,7369,,,,
3,,,7369,,0.08852574229240417,,
,,0.001,7379,,,,
3,,,7379,,0.08696994185447693,,
,,0.001,7389,,,,
3,,,7389,,0.08668863773345947,,
,,0.001,7399,,,,
3,,,7399,,0.08575157821178436,,
,,0.001,7409,,,,
3,,,7409,,0.0799432322382927,,
,,0.001,7419,,,,
3,,,7419,,0.08405797183513641,,
,,0.001,7429,,,,
3,,,7429,,0.08621326088905334,,
,,0.001,7439,,,,
3,,,7439,,0.08647149056196213,,
,,0.001,7449,,,,
3,,,7449,,0.08530572801828384,,
,,0.001,7459,,,,
3,,,7459,,0.0873088538646698,,
,,0.001,7469,,,,
3,,,7469,,0.08619900792837143,,
,,0.001,7479,,,,
3,,,7479,,0.0841115415096283,,
,,0.001,7489,,,,
3,,,7489,,0.08346503973007202,,
,,0.001,7499,,,,
3,,,7499,,0.08749202638864517,,
,,0.001,7509,,,,
3,,,7509,,0.0828290805220604,,
,,0.001,7519,,,,
3,,,7519,,0.08233235776424408,,
,,0.001,7529,,,,
3,,,7529,,0.08077022433280945,,
,,0.001,7539,,,,
3,,,7539,,0.08822167664766312,,
,,0.001,7549,,,,
3,,,7549,,0.08691900968551636,,
,,0.001,7559,,,,
3,,,7559,,0.08298436552286148,,
,,0.001,7569,,,,
3,,,7569,,0.07893604040145874,,
,,0.001,7579,,,,
3,,,7579,,0.08455285429954529,,
,,0.001,7589,,,,
3,,,7589,,0.08376935124397278,,
,,0.001,7599,,,,
3,,,7599,,0.08094615489244461,,
,,0.001,7609,,,,
3,,,7609,,0.08645255863666534,,
,,0.001,7619,,,,
3,,,7619,,0.08330418914556503,,
,,0.001,7629,,,,
3,,,7629,,0.084529347717762,,
,,0.001,7639,,,,
3,,,7639,,0.0854320302605629,,
,,0.001,7649,,,,
3,,,7649,,0.0806877464056015,,
,,0.001,7659,,,,
3,,,7659,,0.08050069957971573,,
,,0.001,7669,,,,
3,,,7669,,0.08272864669561386,,
,,0.001,7679,,,,
3,,,7679,,0.0842396542429924,,
,,0.001,7689,,,,
3,,,7689,,0.08250950276851654,,
,,0.001,7699,,,,
3,,,7699,,0.0853995531797409,,
,,0.001,7709,,,,
3,,,7709,,0.08447207510471344,,
,,0.001,7719,,,,
3,,,7719,,0.08436018228530884,,
,,0.001,7729,,,,
3,,,7729,,0.0824962928891182,,
,,0.001,7739,,,,
3,,,7739,,0.08601593226194382,,
,,0.001,7749,,,,
3,,,7749,,0.08702226728200912,,
,,0.001,7759,,,,
3,,,7759,,0.08289489895105362,,
,,0.001,7769,,,,
3,,,7769,,0.08208075165748596,,
,,0.001,7779,,,,
3,,,7779,,0.08278024941682816,,
,,0.001,7789,,,,
3,,,7789,,0.08561813086271286,,
,,0.001,7799,,,,
3,,,7799,,0.0803542509675026,,
,,0.001,7809,,,,
3,,,7809,,0.08583591133356094,,
,,0.001,7819,,,,
3,,,7819,,0.08847285807132721,,
,,0.001,7829,,,,
3,,,7829,,0.08589950948953629,,
,,0.001,7839,,,,
3,,,7839,,0.08682426810264587,,
,,0.001,7849,,,,
3,,,7849,,0.08635801821947098,,
,,0.001,7859,,,,
3,,,7859,,0.08516141027212143,,
,,0.001,7869,,,,
3,,,7869,,0.08817189186811447,,
,,0.001,7879,,,,
3,,,7879,,0.08262334764003754,,
,,0.001,7889,,,,
3,,,7889,,0.08690536022186279,,
,,0.001,7899,,,,
3,,,7899,,0.0793384462594986,,
,,0.001,7909,,,,
3,,,7909,,0.08282320946455002,,
,,0.001,7919,,,,
3,,,7919,,0.08093723654747009,,
,,0.001,7929,,,,
3,,,7929,,0.0803518295288086,,
,,0.001,7939,,,,
3,,,7939,,0.08710332959890366,,
,,0.001,7949,,,,
3,,,7949,,0.0845770537853241,,
,,0.001,7959,,,,
3,,,7959,,0.08423835039138794,,
,,0.001,7969,,,,
3,,,7969,,0.0800083726644516,,
,,0.001,7979,,,,
3,,,7979,,0.08911372721195221,,
,,0.001,7989,,,,
3,,,7989,,0.08618923276662827,,
,,0.001,7999,,,,
3,,,7999,,0.08040353655815125,,
,,,150,,,,0.08446519821882248
,,,151,,,,0.08538064360618591
,,,152,,,,0.08225735276937485
,,,153,,,,0.08357477188110352
,,,154,,,,0.08345939964056015
,,,155,,,,0.0838671326637268
,,,156,,,,0.08483246713876724
,,,157,,,,0.08390422910451889
,,,158,,,,0.08570222556591034
,,,159,,,,0.08410685509443283
,,,160,,,,0.08360520005226135
,,,161,,,,0.0836951807141304
,,,162,,,,0.0854046493768692
,,,163,,,,0.08447704464197159
,,,164,,,,0.08441643416881561
,,,165,,,,0.0861487165093422
,,,166,,,,0.08313661813735962
,,,167,,,,0.08215899020433426
,,,168,,,,0.0836552157998085
,,,169,,,,0.08385878801345825
,,,170,,,,0.08501910418272018
,,,171,,,,0.0843520388007164
,,,172,,,,0.08294893801212311
,,,173,,,,0.08393440395593643
,,,174,,,,0.08386421948671341
,,,175,,,,0.08438389003276825
,,,176,,,,0.08483080565929413
,,,177,,,,0.08299455791711807
,,,178,,,,0.08371397852897644
,,,179,,,,0.08255738765001297
,,,180,,,,0.08276697993278503
,,,181,,,,0.08312220871448517
,,,182,,,,0.08317803591489792
,,,183,,,,0.08212489634752274
,,,184,,,,0.08508167415857315
,,,185,,,,0.08209870010614395
,,,186,,,,0.08343739062547684
,,,187,,,,0.08456133306026459
,,,188,,,,0.08394290506839752
,,,189,,,,0.08321398496627808
,,,190,,,,0.08450773358345032
,,,191,,,,0.08291460573673248
,,,192,,,,0.08242803812026978
,,,193,,,,0.08342768251895905
,,,194,,,,0.08269160240888596
,,,195,,,,0.08200543373823166
,,,196,,,,0.0820092260837555
,,,197,,,,0.08329607546329498
,,,198,,,,0.08391229808330536
,,,199,,,,0.08341386914253235
3,,,7999,,,0.08369682729244232,
3,8.440217971801758,,7999,0.08387980610132217,,,
,,0.001,8009,,,,
4,,,8009,,0.0884857177734375,,
,,0.001,8019,,,,
4,,,8019,,0.08567332476377487,,
,,0.001,8029,,,,
4,,,8029,,0.0833260640501976,,
,,0.001,8039,,,,
4,,,8039,,0.08149350434541702,,
,,0.001,8049,,,,
4,,,8049,,0.08918203413486481,,
,,0.001,8059,,,,
4,,,8059,,0.08349049091339111,,
,,0.001,8069,,,,
4,,,8069,,0.08423804491758347,,
,,0.001,8079,,,,
4,,,8079,,0.08344368636608124,,
,,0.001,8089,,,,
4,,,8089,,0.0837506502866745,,
,,0.001,8099,,,,
4,,,8099,,0.09081199020147324,,
,,0.001,8109,,,,
4,,,8109,,0.08405676484107971,,
,,0.001,8119,,,,
4,,,8119,,0.08916275948286057,,
,,0.001,8129,,,,
4,,,8129,,0.07953321188688278,,
,,0.001,8139,,,,
4,,,8139,,0.08217211067676544,,
,,0.001,8149,,,,
4,,,8149,,0.08305147290229797,,
,,0.001,8159,,,,
4,,,8159,,0.08594023436307907,,
,,0.001,8169,,,,
4,,,8169,,0.08133357763290405,,
,,0.001,8179,,,,
4,,,8179,,0.08410685509443283,,
,,0.001,8189,,,,
4,,,8189,,0.0859321653842926,,
,,0.001,8199,,,,
4,,,8199,,0.08470380306243896,,
,,0.001,8209,,,,
4,,,8209,,0.08595447242259979,,
,,0.001,8219,,,,
4,,,8219,,0.08242224901914597,,
,,0.001,8229,,,,
4,,,8229,,0.08379396796226501,,
,,0.001,8239,,,,
4,,,8239,,0.08511509746313095,,
,,0.001,8249,,,,
4,,,8249,,0.08351114392280579,,
,,0.001,8259,,,,
4,,,8259,,0.08424008637666702,,
,,0.001,8269,,,,
4,,,8269,,0.08222443610429764,,
,,0.001,8279,,,,
4,,,8279,,0.08680575340986252,,
,,0.001,8289,,,,
4,,,8289,,0.0855189710855484,,
,,0.001,8299,,,,
4,,,8299,,0.08296386152505875,,
,,0.001,8309,,,,
4,,,8309,,0.08298766613006592,,
,,0.001,8319,,,,
4,,,8319,,0.08160043507814407,,
,,0.001,8329,,,,
4,,,8329,,0.08508476614952087,,
,,0.001,8339,,,,
4,,,8339,,0.08677191287279129,,
,,0.001,8349,,,,
4,,,8349,,0.07888491451740265,,
,,0.001,8359,,,,
4,,,8359,,0.08279792219400406,,
,,0.001,8369,,,,
4,,,8369,,0.08557920902967453,,
,,0.001,8379,,,,
4,,,8379,,0.0842825323343277,,
,,0.001,8389,,,,
4,,,8389,,0.08366454392671585,,
,,0.001,8399,,,,
4,,,8399,,0.08430956304073334,,
,,0.001,8409,,,,
4,,,8409,,0.08101944625377655,,
,,0.001,8419,,,,
4,,,8419,,0.08326561003923416,,
,,0.001,8429,,,,
4,,,8429,,0.08389723300933838,,
,,0.001,8439,,,,
4,,,8439,,0.07960304617881775,,
,,0.001,8449,,,,
4,,,8449,,0.08771606534719467,,
,,0.001,8459,,,,
4,,,8459,,0.0877426415681839,,
,,0.001,8469,,,,
4,,,8469,,0.08424925804138184,,
,,0.001,8479,,,,
4,,,8479,,0.08366168290376663,,
,,0.001,8489,,,,
4,,,8489,,0.08347249031066895,,
,,0.001,8499,,,,
4,,,8499,,0.08588553220033646,,
,,0.001,8509,,,,
4,,,8509,,0.08279678225517273,,
,,0.001,8519,,,,
4,,,8519,,0.08202663064002991,,
,,0.001,8529,,,,
4,,,8529,,0.07991047948598862,,
,,0.001,8539,,,,
4,,,8539,,0.08473249524831772,,
,,0.001,8549,,,,
4,,,8549,,0.08459709584712982,,
,,0.001,8559,,,,
4,,,8559,,0.08688537031412125,,
,,0.001,8569,,,,
4,,,8569,,0.08397969603538513,,
,,0.001,8579,,,,
4,,,8579,,0.08428840339183807,,
,,0.001,8589,,,,
4,,,8589,,0.08398821204900742,,
,,0.001,8599,,,,
4,,,8599,,0.08150803297758102,,
,,0.001,8609,,,,
4,,,8609,,0.08750241249799728,,
,,0.001,8619,,,,
4,,,8619,,0.08293137699365616,,
,,0.001,8629,,,,
4,,,8629,,0.08251126855611801,,
,,0.001,8639,,,,
4,,,8639,,0.08212746679782867,,
,,0.001,8649,,,,
4,,,8649,,0.08317358791828156,,
,,0.001,8659,,,,
4,,,8659,,0.07963607460260391,,
,,0.001,8669,,,,
4,,,8669,,0.08198847621679306,,
,,0.001,8679,,,,
4,,,8679,,0.08452388644218445,,
,,0.001,8689,,,,
4,,,8689,,0.08271446824073792,,
,,0.001,8699,,,,
4,,,8699,,0.08615899085998535,,
,,0.001,8709,,,,
4,,,8709,,0.07966549694538116,,
,,0.001,8719,,,,
4,,,8719,,0.0825091004371643,,
,,0.001,8729,,,,
4,,,8729,,0.07775057107210159,,
,,0.001,8739,,,,
4,,,8739,,0.08349785208702087,,
,,0.001,8749,,,,
4,,,8749,,0.08326517045497894,,
,,0.001,8759,,,,
4,,,8759,,0.08390352874994278,,
,,0.001,8769,,,,
4,,,8769,,0.08101139217615128,,
,,0.001,8779,,,,
4,,,8779,,0.08717280626296997,,
,,0.001,8789,,,,
4,,,8789,,0.08103835582733154,,
,,0.001,8799,,,,
4,,,8799,,0.0798332467675209,,
,,0.001,8809,,,,
4,,,8809,,0.08309019356966019,,
,,0.001,8819,,,,
4,,,8819,,0.08364123851060867,,
,,0.001,8829,,,,
4,,,8829,,0.08504153788089752,,
,,0.001,8839,,,,
4,,,8839,,0.0792354941368103,,
,,0.001,8849,,,,
4,,,8849,,0.08603335916996002,,
,,0.001,8859,,,,
4,,,8859,,0.08171606063842773,,
,,0.001,8869,,,,
4,,,8869,,0.08289549499750137,,
,,0.001,8879,,,,
4,,,8879,,0.07987264543771744,,
,,0.001,8889,,,,
4,,,8889,,0.07979629933834076,,
,,0.001,8899,,,,
4,,,8899,,0.08254534751176834,,
,,0.001,8909,,,,
4,,,8909,,0.0824858695268631,,
,,0.001,8919,,,,
4,,,8919,,0.08269934356212616,,
,,0.001,8929,,,,
4,,,8929,,0.08051835000514984,,
,,0.001,8939,,,,
4,,,8939,,0.08315036445856094,,
,,0.001,8949,,,,
4,,,8949,,0.0813857913017273,,
,,0.001,8959,,,,
4,,,8959,,0.08184583485126495,,
,,0.001,8969,,,,
4,,,8969,,0.08113993704319,,
,,0.001,8979,,,,
4,,,8979,,0.08178699761629105,,
,,0.001,8989,,,,
4,,,8989,,0.0809134840965271,,
,,0.001,8999,,,,
4,,,8999,,0.08616779744625092,,
,,0.001,9009,,,,
4,,,9009,,0.07978548854589462,,
,,0.001,9019,,,,
4,,,9019,,0.08214333653450012,,
,,0.001,9029,,,,
4,,,9029,,0.08085878193378448,,
,,0.001,9039,,,,
4,,,9039,,0.08323036879301071,,
,,0.001,9049,,,,
4,,,9049,,0.08117393404245377,,
,,0.001,9059,,,,
4,,,9059,,0.08310312777757645,,
,,0.001,9069,,,,
4,,,9069,,0.08271506428718567,,
,,0.001,9079,,,,
4,,,9079,,0.08441107720136642,,
,,0.001,9089,,,,
4,,,9089,,0.08436066657304764,,
,,0.001,9099,,,,
4,,,9099,,0.08238892257213593,,
,,0.001,9109,,,,
4,,,9109,,0.07990099489688873,,
,,0.001,9119,,,,
4,,,9119,,0.08424907177686691,,
,,0.001,9129,,,,
4,,,9129,,0.08415486663579941,,
,,0.001,9139,,,,
4,,,9139,,0.08419348299503326,,
,,0.001,9149,,,,
4,,,9149,,0.08202555775642395,,
,,0.001,9159,,,,
4,,,9159,,0.0815475583076477,,
,,0.001,9169,,,,
4,,,9169,,0.08215118199586868,,
,,0.001,9179,,,,
4,,,9179,,0.08394116908311844,,
,,0.001,9189,,,,
4,,,9189,,0.08511152863502502,,
,,0.001,9199,,,,
4,,,9199,,0.08333691954612732,,
,,0.001,9209,,,,
4,,,9209,,0.07999072223901749,,
,,0.001,9219,,,,
4,,,9219,,0.08442086726427078,,
,,0.001,9229,,,,
4,,,9229,,0.08423148095607758,,
,,0.001,9239,,,,
4,,,9239,,0.08075177669525146,,
,,0.001,9249,,,,
4,,,9249,,0.08144301176071167,,
,,0.001,9259,,,,
4,,,9259,,0.08051887154579163,,
,,0.001,9269,,,,
4,,,9269,,0.07982480525970459,,
,,0.001,9279,,,,
4,,,9279,,0.08370398730039597,,
,,0.001,9289,,,,
4,,,9289,,0.08365801721811295,,
,,0.001,9299,,,,
4,,,9299,,0.08724753558635712,,
,,0.001,9309,,,,
4,,,9309,,0.08170691132545471,,
,,0.001,9319,,,,
4,,,9319,,0.08428315073251724,,
,,0.001,9329,,,,
4,,,9329,,0.08125749230384827,,
,,0.001,9339,,,,
4,,,9339,,0.08240840584039688,,
,,0.001,9349,,,,
4,,,9349,,0.08357638865709305,,
,,0.001,9359,,,,
4,,,9359,,0.08280480653047562,,
,,0.001,9369,,,,
4,,,9369,,0.08305943012237549,,
,,0.001,9379,,,,
4,,,9379,,0.08205277472734451,,
,,0.001,9389,,,,
4,,,9389,,0.08218351751565933,,
,,0.001,9399,,,,
4,,,9399,,0.08692228049039841,,
,,0.001,9409,,,,
4,,,9409,,0.08621647208929062,,
,,0.001,9419,,,,
4,,,9419,,0.0843280702829361,,
,,0.001,9429,,,,
4,,,9429,,0.08489735424518585,,
,,0.001,9439,,,,
4,,,9439,,0.08518823981285095,,
,,0.001,9449,,,,
4,,,9449,,0.08223889023065567,,
,,0.001,9459,,,,
4,,,9459,,0.08019443601369858,,
,,0.001,9469,,,,
4,,,9469,,0.08420001715421677,,
,,0.001,9479,,,,
4,,,9479,,0.08190055191516876,,
,,0.001,9489,,,,
4,,,9489,,0.08069933205842972,,
,,0.001,9499,,,,
4,,,9499,,0.08155916631221771,,
,,0.001,9509,,,,
4,,,9509,,0.08243326842784882,,
,,0.001,9519,,,,
4,,,9519,,0.08331171423196793,,
,,0.001,9529,,,,
4,,,9529,,0.0846482440829277,,
,,0.001,9539,,,,
4,,,9539,,0.08375518023967743,,
,,0.001,9549,,,,
4,,,9549,,0.08381147682666779,,
,,0.001,9559,,,,
4,,,9559,,0.08238648623228073,,
,,0.001,9569,,,,
4,,,9569,,0.08216482400894165,,
,,0.001,9579,,,,
4,,,9579,,0.0844711884856224,,
,,0.001,9589,,,,
4,,,9589,,0.08252236992120743,,
,,0.001,9599,,,,
4,,,9599,,0.0821872353553772,,
,,0.001,9609,,,,
4,,,9609,,0.0848739966750145,,
,,0.001,9619,,,,
4,,,9619,,0.08332102000713348,,
,,0.001,9629,,,,
4,,,9629,,0.08240756392478943,,
,,0.001,9639,,,,
4,,,9639,,0.08197389543056488,,
,,0.001,9649,,,,
4,,,9649,,0.08302812278270721,,
,,0.001,9659,,,,
4,,,9659,,0.08139244467020035,,
,,0.001,9669,,,,
4,,,9669,,0.0797046348452568,,
,,0.001,9679,,,,
4,,,9679,,0.08164019137620926,,
,,0.001,9689,,,,
4,,,9689,,0.08626464754343033,,
,,0.001,9699,,,,
4,,,9699,,0.08345729112625122,,
,,0.001,9709,,,,
4,,,9709,,0.08345043659210205,,
,,0.001,9719,,,,
4,,,9719,,0.08660396933555603,,
,,0.001,9729,,,,
4,,,9729,,0.08702794462442398,,
,,0.001,9739,,,,
4,,,9739,,0.08684347569942474,,
,,0.001,9749,,,,
4,,,9749,,0.08516781777143478,,
,,0.001,9759,,,,
4,,,9759,,0.08253850042819977,,
,,0.001,9769,,,,
4,,,9769,,0.08224719017744064,,
,,0.001,9779,,,,
4,,,9779,,0.08284212648868561,,
,,0.001,9789,,,,
4,,,9789,,0.08178193867206573,,
,,0.001,9799,,,,
4,,,9799,,0.08176025748252869,,
,,0.001,9809,,,,
4,,,9809,,0.07943980395793915,,
,,0.001,9819,,,,
4,,,9819,,0.08443593233823776,,
,,0.001,9829,,,,
4,,,9829,,0.0838998407125473,,
,,0.001,9839,,,,
4,,,9839,,0.07791690528392792,,
,,0.001,9849,,,,
4,,,9849,,0.08287616074085236,,
,,0.001,9859,,,,
4,,,9859,,0.0834982693195343,,
,,0.001,9869,,,,
4,,,9869,,0.08098532259464264,,
,,0.001,9879,,,,
4,,,9879,,0.07898198068141937,,
,,0.001,9889,,,,
4,,,9889,,0.08294160664081573,,
,,0.001,9899,,,,
4,,,9899,,0.07841838896274567,,
,,0.001,9909,,,,
4,,,9909,,0.08191455900669098,,
,,0.001,9919,,,,
4,,,9919,,0.08235800266265869,,
,,0.001,9929,,,,
4,,,9929,,0.08155433088541031,,
,,0.001,9939,,,,
4,,,9939,,0.08129701763391495,,
,,0.001,9949,,,,
4,,,9949,,0.083628349006176,,
,,0.001,9959,,,,
4,,,9959,,0.08302486687898636,,
,,0.001,9969,,,,
4,,,9969,,0.08097375929355621,,
,,0.001,9979,,,,
4,,,9979,,0.08324670046567917,,
,,0.001,9989,,,,
4,,,9989,,0.08090880513191223,,
,,0.001,9999,,,,
4,,,9999,,0.08501195907592773,,
,,,200,,,,0.08274337649345398
,,,201,,,,0.08355635404586792
,,,202,,,,0.08064813166856766
,,,203,,,,0.0818578377366066
,,,204,,,,0.08170240372419357
,,,205,,,,0.08218248933553696
,,,206,,,,0.0831923857331276
,,,207,,,,0.08182943612337112
,,,208,,,,0.0839461162686348
,,,209,,,,0.0824766755104065
,,,210,,,,0.08215177059173584
,,,211,,,,0.08219420909881592
,,,212,,,,0.08377861976623535
,,,213,,,,0.08334846049547195
,,,214,,,,0.08323520421981812
,,,215,,,,0.08447397500276566
,,,216,,,,0.08106759190559387
,,,217,,,,0.08033142238855362
,,,218,,,,0.08211485296487808
,,,219,,,,0.08200371265411377
,,,220,,,,0.08325625211000443
,,,221,,,,0.08300776034593582
,,,222,,,,0.08140242099761963
,,,223,,,,0.08256100863218307
,,,224,,,,0.08250173926353455
,,,225,,,,0.08319085091352463
,,,226,,,,0.08285579085350037
,,,227,,,,0.08153066784143448
,,,228,,,,0.0818433165550232
,,,229,,,,0.08099150657653809
,,,230,,,,0.08117478340864182
,,,231,,,,0.08130796253681183
,,,232,,,,0.08128784596920013
,,,233,,,,0.08051855862140656
,,,234,,,,0.08348647505044937
,,,235,,,,0.08072679489850998
,,,236,,,,0.08205616474151611
,,,237,,,,0.08292243629693985
,,,238,,,,0.08227787911891937
,,,239,,,,0.08181384205818176
,,,240,,,,0.08308424800634384
,,,241,,,,0.08184374868869781
,,,242,,,,0.08093580603599548
,,,243,,,,0.08145353943109512
,,,244,,,,0.08078058063983917
,,,245,,,,0.08071067184209824
,,,246,,,,0.08070138841867447
,,,247,,,,0.08170975744724274
,,,248,,,,0.08218702673912048
,,,249,,,,0.08165484666824341
4,,,9999,,,0.08209221810102463,
4,8.425260543823242,,9999,0.08274583518505096,,,
,,0.001,10009,,,,
5,,,10009,,0.08400267362594604,,
,,0.001,10019,,,,
5,,,10019,,0.083867646753788,,
,,0.001,10029,,,,
5,,,10029,,0.0810999721288681,,
,,0.001,10039,,,,
5,,,10039,,0.08263802528381348,,
,,0.001,10049,,,,
5,,,10049,,0.08113668859004974,,
,,0.001,10059,,,,
5,,,10059,,0.07914026826620102,,
,,0.001,10069,,,,
5,,,10069,,0.08084234595298767,,
,,0.001,10079,,,,
5,,,10079,,0.07946367561817169,,
,,0.001,10089,,,,
5,,,10089,,0.08185499906539917,,
,,0.001,10099,,,,
5,,,10099,,0.08552040904760361,,
,,0.001,10109,,,,
5,,,10109,,0.08457891643047333,,
,,0.001,10119,,,,
5,,,10119,,0.08466526120901108,,
,,0.001,10129,,,,
5,,,10129,,0.08427263796329498,,
,,0.001,10139,,,,
5,,,10139,,0.08089226484298706,,
,,0.001,10149,,,,
5,,,10149,,0.08385942131280899,,
,,0.001,10159,,,,
5,,,10159,,0.07997093349695206,,
,,0.001,10169,,,,
5,,,10169,,0.08539366722106934,,
,,0.001,10179,,,,
5,,,10179,,0.07920809835195541,,
,,0.001,10189,,,,
5,,,10189,,0.08178257942199707,,
,,0.001,10199,,,,
5,,,10199,,0.0816953182220459,,
,,0.001,10209,,,,
5,,,10209,,0.08440359681844711,,
,,0.001,10219,,,,
5,,,10219,,0.08003345876932144,,
,,0.001,10229,,,,
5,,,10229,,0.08252887427806854,,
,,0.001,10239,,,,
5,,,10239,,0.08238239586353302,,
,,0.001,10249,,,,
5,,,10249,,0.08248873054981232,,
,,0.001,10259,,,,
5,,,10259,,0.08090183138847351,,
,,0.001,10269,,,,
5,,,10269,,0.0830715149641037,,
,,0.001,10279,,,,
5,,,10279,,0.07989905774593353,,
,,0.001,10289,,,,
5,,,10289,,0.08485287427902222,,
,,0.001,10299,,,,
5,,,10299,,0.08418679982423782,,
,,0.001,10309,,,,
5,,,10309,,0.08499753475189209,,
,,0.001,10319,,,,
5,,,10319,,0.08304855227470398,,
,,0.001,10329,,,,
5,,,10329,,0.07703501731157303,,
,,0.001,10339,,,,
5,,,10339,,0.0803595781326294,,
,,0.001,10349,,,,
5,,,10349,,0.081025630235672,,
,,0.001,10359,,,,
5,,,10359,,0.08262326568365097,,
,,0.001,10369,,,,
5,,,10369,,0.07866057753562927,,
,,0.001,10379,,,,
5,,,10379,,0.08178286254405975,,
,,0.001,10389,,,,
5,,,10389,,0.08317911624908447,,
,,0.001,10399,,,,
5,,,10399,,0.08000704646110535,,
,,0.001,10409,,,,
5,,,10409,,0.08133834600448608,,
,,0.001,10419,,,,
5,,,10419,,0.07840892672538757,,
,,0.001,10429,,,,
5,,,10429,,0.0853172168135643,,
,,0.001,10439,,,,
5,,,10439,,0.08081615716218948,,
,,0.001,10449,,,,
5,,,10449,,0.08082833141088486,,
,,0.001,10459,,,,
5,,,10459,,0.0822250097990036,,
,,0.001,10469,,,,
5,,,10469,,0.08017615973949432,,
,,0.001,10479,,,,
5,,,10479,,0.08016345649957657,,
,,0.001,10489,,,,
5,,,10489,,0.08360985666513443,,
,,0.001,10499,,,,
5,,,10499,,0.08137470483779907,,
,,0.001,10509,,,,
5,,,10509,,0.08206167817115784,,
,,0.001,10519,,,,
5,,,10519,,0.07625401765108109,,
,,0.001,10529,,,,
5,,,10529,,0.07940489798784256,,
,,0.001,10539,,,,
5,,,10539,,0.08273004740476608,,
,,0.001,10549,,,,
5,,,10549,,0.08499886095523834,,
,,0.001,10559,,,,
5,,,10559,,0.08122865110635757,,
,,0.001,10569,,,,
5,,,10569,,0.08023382723331451,,
,,0.001,10579,,,,
5,,,10579,,0.0804314985871315,,
,,0.001,10589,,,,
5,,,10589,,0.07683918625116348,,
,,0.001,10599,,,,
5,,,10599,,0.08075732737779617,,
,,0.001,10609,,,,
5,,,10609,,0.08020471036434174,,
,,0.001,10619,,,,
5,,,10619,,0.08352389186620712,,
,,0.001,10629,,,,
5,,,10629,,0.07825922966003418,,
,,0.001,10639,,,,
5,,,10639,,0.08005070686340332,,
,,0.001,10649,,,,
5,,,10649,,0.07731279730796814,,
,,0.001,10659,,,,
5,,,10659,,0.07605201005935669,,
,,0.001,10669,,,,
5,,,10669,,0.08117528259754181,,
,,0.001,10679,,,,
5,,,10679,,0.08138169348239899,,
,,0.001,10689,,,,
5,,,10689,,0.08098004758358002,,
,,0.001,10699,,,,
5,,,10699,,0.08331619203090668,,
,,0.001,10709,,,,
5,,,10709,,0.0809222161769867,,
,,0.001,10719,,,,
5,,,10719,,0.08304562419652939,,
,,0.001,10729,,,,
5,,,10729,,0.08366753906011581,,
,,0.001,10739,,,,
5,,,10739,,0.08252804726362228,,
,,0.001,10749,,,,
5,,,10749,,0.08022504299879074,,
,,0.001,10759,,,,
5,,,10759,,0.07974159717559814,,
,,0.001,10769,,,,
5,,,10769,,0.07983295619487762,,
,,0.001,10779,,,,
5,,,10779,,0.08518536388874054,,
,,0.001,10789,,,,
5,,,10789,,0.0804036408662796,,
,,0.001,10799,,,,
5,,,10799,,0.08011604100465775,,
,,0.001,10809,,,,
5,,,10809,,0.08019780367612839,,
,,0.001,10819,,,,
5,,,10819,,0.08307712525129318,,
,,0.001,10829,,,,
5,,,10829,,0.08266834169626236,,
,,0.001,10839,,,,
5,,,10839,,0.08185923099517822,,
,,0.001,10849,,,,
5,,,10849,,0.08480387926101685,,
,,0.001,10859,,,,
5,,,10859,,0.07740789651870728,,
,,0.001,10869,,,,
5,,,10869,,0.08607976138591766,,
,,0.001,10879,,,,
5,,,10879,,0.08033834397792816,,
,,0.001,10889,,,,
5,,,10889,,0.0792628675699234,,
,,0.001,10899,,,,
5,,,10899,,0.08013565838336945,,
,,0.001,10909,,,,
5,,,10909,,0.08464740216732025,,
,,0.001,10919,,,,
5,,,10919,,0.07858126610517502,,
,,0.001,10929,,,,
5,,,10929,,0.08311859518289566,,
,,0.001,10939,,,,
5,,,10939,,0.08086816221475601,,
,,0.001,10949,,,,
5,,,10949,,0.08069654554128647,,
,,0.001,10959,,,,
5,,,10959,,0.08347368985414505,,
,,0.001,10969,,,,
5,,,10969,,0.08397349715232849,,
,,0.001,10979,,,,
5,,,10979,,0.08206022530794144,,
,,0.001,10989,,,,
5,,,10989,,0.0809573382139206,,
,,0.001,10999,,,,
5,,,10999,,0.08531401306390762,,
,,0.001,11009,,,,
5,,,11009,,0.08061559498310089,,
,,0.001,11019,,,,
5,,,11019,,0.08002615720033646,,
,,0.001,11029,,,,
5,,,11029,,0.07760950177907944,,
,,0.001,11039,,,,
5,,,11039,,0.07945983111858368,,
,,0.001,11049,,,,
5,,,11049,,0.08007918298244476,,
,,0.001,11059,,,,
5,,,11059,,0.07833951711654663,,
,,0.001,11069,,,,
5,,,11069,,0.08193902671337128,,
,,0.001,11079,,,,
5,,,11079,,0.07815235108137131,,
,,0.001,11089,,,,
5,,,11089,,0.08315934985876083,,
,,0.001,11099,,,,
5,,,11099,,0.08278310298919678,,
,,0.001,11109,,,,
5,,,11109,,0.0811256542801857,,
,,0.001,11119,,,,
5,,,11119,,0.08511214703321457,,
,,0.001,11129,,,,
5,,,11129,,0.08004207909107208,,
,,0.001,11139,,,,
5,,,11139,,0.08061016350984573,,
,,0.001,11149,,,,
5,,,11149,,0.08146832883358002,,
,,0.001,11159,,,,
5,,,11159,,0.07968533039093018,,
,,0.001,11169,,,,
5,,,11169,,0.08109768480062485,,
,,0.001,11179,,,,
5,,,11179,,0.07929080724716187,,
,,0.001,11189,,,,
5,,,11189,,0.07681376487016678,,
,,0.001,11199,,,,
5,,,11199,,0.08082770556211472,,
,,0.001,11209,,,,
5,,,11209,,0.0803428664803505,,
,,0.001,11219,,,,
5,,,11219,,0.08005986362695694,,
,,0.001,11229,,,,
5,,,11229,,0.08167808502912521,,
,,0.001,11239,,,,
5,,,11239,,0.07969482243061066,,
,,0.001,11249,,,,
5,,,11249,,0.07738582044839859,,
,,0.001,11259,,,,
5,,,11259,,0.08324079215526581,,
,,0.001,11269,,,,
5,,,11269,,0.07533687353134155,,
,,0.001,11279,,,,
5,,,11279,,0.07985042780637741,,
,,0.001,11289,,,,
5,,,11289,,0.07844409346580505,,
,,0.001,11299,,,,
5,,,11299,,0.08337659388780594,,
,,0.001,11309,,,,
5,,,11309,,0.08277221024036407,,
,,0.001,11319,,,,
5,,,11319,,0.08216052502393723,,
,,0.001,11329,,,,
5,,,11329,,0.0827367752790451,,
,,0.001,11339,,,,
5,,,11339,,0.08029904961585999,,
,,0.001,11349,,,,
5,,,11349,,0.0796344131231308,,
,,0.001,11359,,,,
5,,,11359,,0.0823211818933487,,
,,0.001,11369,,,,
5,,,11369,,0.08100652694702148,,
,,0.001,11379,,,,
5,,,11379,,0.08702246844768524,,
,,0.001,11389,,,,
5,,,11389,,0.08307037502527237,,
,,0.001,11399,,,,
5,,,11399,,0.08254692703485489,,
,,0.001,11409,,,,
5,,,11409,,0.0801873728632927,,
,,0.001,11419,,,,
5,,,11419,,0.07884694635868073,,
,,0.001,11429,,,,
5,,,11429,,0.081214040517807,,
,,0.001,11439,,,,
5,,,11439,,0.08067202568054199,,
,,0.001,11449,,,,
5,,,11449,,0.0799623355269432,,
,,0.001,11459,,,,
5,,,11459,,0.08037090301513672,,
,,0.001,11469,,,,
5,,,11469,,0.0797702744603157,,
,,0.001,11479,,,,
5,,,11479,,0.08074977248907089,,
,,0.001,11489,,,,
5,,,11489,,0.08132456243038177,,
,,0.001,11499,,,,
5,,,11499,,0.0860675573348999,,
,,0.001,11509,,,,
5,,,11509,,0.07759008556604385,,
,,0.001,11519,,,,
5,,,11519,,0.07801627367734909,,
,,0.001,11529,,,,
5,,,11529,,0.08433859050273895,,
,,0.001,11539,,,,
5,,,11539,,0.08077868074178696,,
,,0.001,11549,,,,
5,,,11549,,0.08280681073665619,,
,,0.001,11559,,,,
5,,,11559,,0.08045774698257446,,
,,0.001,11569,,,,
5,,,11569,,0.08050216734409332,,
,,0.001,11579,,,,
5,,,11579,,0.08012749254703522,,
,,0.001,11589,,,,
5,,,11589,,0.07993859052658081,,
,,0.001,11599,,,,
5,,,11599,,0.08083109557628632,,
,,0.001,11609,,,,
5,,,11609,,0.08377013355493546,,
,,0.001,11619,,,,
5,,,11619,,0.08245387673377991,,
,,0.001,11629,,,,
5,,,11629,,0.08143461495637894,,
,,0.001,11639,,,,
5,,,11639,,0.07981040328741074,,
,,0.001,11649,,,,
5,,,11649,,0.08369564265012741,,
,,0.001,11659,,,,
5,,,11659,,0.07703739404678345,,
,,0.001,11669,,,,
5,,,11669,,0.07802887260913849,,
,,0.001,11679,,,,
5,,,11679,,0.07895306497812271,,
,,0.001,11689,,,,
5,,,11689,,0.07888325303792953,,
,,0.001,11699,,,,
5,,,11699,,0.08323497325181961,,
,,0.001,11709,,,,
5,,,11709,,0.07900860905647278,,
,,0.001,11719,,,,
5,,,11719,,0.07895959168672562,,
,,0.001,11729,,,,
5,,,11729,,0.08112562447786331,,
,,0.001,11739,,,,
5,,,11739,,0.07816821336746216,,
,,0.001,11749,,,,
5,,,11749,,0.07961505651473999,,
,,0.001,11759,,,,
5,,,11759,,0.08338326960802078,,
,,0.001,11769,,,,
5,,,11769,,0.07747845351696014,,
,,0.001,11779,,,,
5,,,11779,,0.08077035844326019,,
,,0.001,11789,,,,
5,,,11789,,0.08075244724750519,,
,,0.001,11799,,,,
5,,,11799,,0.07602810859680176,,
,,0.001,11809,,,,
5,,,11809,,0.07619971036911011,,
,,0.001,11819,,,,
5,,,11819,,0.0797196701169014,,
,,0.001,11829,,,,
5,,,11829,,0.0832134410738945,,
,,0.001,11839,,,,
5,,,11839,,0.07792431116104126,,
,,0.001,11849,,,,
5,,,11849,,0.08154870569705963,,
,,0.001,11859,,,,
5,,,11859,,0.08253457397222519,,
,,0.001,11869,,,,
5,,,11869,,0.08088987320661545,,
,,0.001,11879,,,,
5,,,11879,,0.077731192111969,,
,,0.001,11889,,,,
5,,,11889,,0.07962355762720108,,
,,0.001,11899,,,,
5,,,11899,,0.08106904476881027,,
,,0.001,11909,,,,
5,,,11909,,0.07932401448488235,,
,,0.001,11919,,,,
5,,,11919,,0.08133808523416519,,
,,0.001,11929,,,,
5,,,11929,,0.08079548180103302,,
,,0.001,11939,,,,
5,,,11939,,0.08292494714260101,,
,,0.001,11949,,,,
5,,,11949,,0.08019214123487473,,
,,0.001,11959,,,,
5,,,11959,,0.0837385281920433,,
,,0.001,11969,,,,
5,,,11969,,0.07493869215250015,,
,,0.001,11979,,,,
5,,,11979,,0.07720964401960373,,
,,0.001,11989,,,,
5,,,11989,,0.08078751713037491,,
,,0.001,11999,,,,
5,,,11999,,0.08053149282932281,,
,,,250,,,,0.08018381148576736
,,,251,,,,0.08126309514045715
,,,252,,,,0.07844477146863937
,,,253,,,,0.07969868928194046
,,,254,,,,0.07949763536453247
,,,255,,,,0.07951750606298447
,,,256,,,,0.0810895562171936
,,,257,,,,0.0795312374830246
,,,258,,,,0.08140426874160767
,,,259,,,,0.08023710548877716
,,,260,,,,0.08008282631635666
,,,261,,,,0.07992246747016907
,,,262,,,,0.08201545476913452
,,,263,,,,0.08122102916240692
,,,264,,,,0.0806422233581543
,,,265,,,,0.08187352865934372
,,,266,,,,0.07927786558866501
,,,267,,,,0.07827329635620117
,,,268,,,,0.08031973242759705
,,,269,,,,0.0797923132777214
,,,270,,,,0.08095933496952057
,,,271,,,,0.08069853484630585
,,,272,,,,0.07915779948234558
,,,273,,,,0.0801984965801239
,,,274,,,,0.07971753180027008
,,,275,,,,0.08046621829271317
,,,276,,,,0.08072958141565323
,,,277,,,,0.0796942338347435
,,,278,,,,0.07958474010229111
,,,279,,,,0.07897278666496277
,,,280,,,,0.07938595116138458
,,,281,,,,0.07903208583593369
,,,282,,,,0.0791773870587349
,,,283,,,,0.07854944467544556
,,,284,,,,0.0811474472284317
,,,285,,,,0.07885816693305969
,,,286,,,,0.07964643090963364
,,,287,,,,0.08076372742652893
,,,288,,,,0.07972465455532074
,,,289,,,,0.07994649559259415
,,,290,,,,0.08063264191150665
,,,291,,,,0.07967425137758255
,,,292,,,,0.07862187176942825
,,,293,,,,0.07948537915945053
,,,294,,,,0.07864347100257874
,,,295,,,,0.07858153432607651
,,,296,,,,0.07866901159286499
,,,297,,,,0.07936779409646988
,,,298,,,,0.08003939688205719
,,,299,,,,0.0800032764673233
5,,,11999,,,0.07988836616277695,
5,8.389572143554688,,11999,0.08097360283136368,,,
,,0.001,12009,,,,
6,,,12009,,0.08231213688850403,,
,,0.001,12019,,,,
6,,,12019,,0.07984352111816406,,
,,0.001,12029,,,,
6,,,12029,,0.08185309171676636,,
,,0.001,12039,,,,
6,,,12039,,0.08197207748889923,,
,,0.001,12049,,,,
6,,,12049,,0.08056893944740295,,
,,0.001,12059,,,,
6,,,12059,,0.07767865806818008,,
,,0.001,12069,,,,
6,,,12069,,0.0797852948307991,,
,,0.001,12079,,,,
6,,,12079,,0.07845151424407959,,
,,0.001,12089,,,,
6,,,12089,,0.08286839723587036,,
,,0.001,12099,,,,
6,,,12099,,0.08123055100440979,,
,,0.001,12109,,,,
6,,,12109,,0.08244456350803375,,
,,0.001,12119,,,,
6,,,12119,,0.07879380881786346,,
,,0.001,12129,,,,
6,,,12129,,0.07987306267023087,,
,,0.001,12139,,,,
6,,,12139,,0.08129005134105682,,
,,0.001,12149,,,,
6,,,12149,,0.08122456818819046,,
,,0.001,12159,,,,
6,,,12159,,0.08269365131855011,,
,,0.001,12169,,,,
6,,,12169,,0.079746775329113,,
,,0.001,12179,,,,
6,,,12179,,0.07812174409627914,,
,,0.001,12189,,,,
6,,,12189,,0.08198405057191849,,
,,0.001,12199,,,,
6,,,12199,,0.0805000513792038,,
,,0.001,12209,,,,
6,,,12209,,0.0800318494439125,,
,,0.001,12219,,,,
6,,,12219,,0.07853497564792633,,
,,0.001,12229,,,,
6,,,12229,,0.07857110351324081,,
,,0.001,12239,,,,
6,,,12239,,0.07546290010213852,,
,,0.001,12249,,,,
6,,,12249,,0.07879351824522018,,
,,0.001,12259,,,,
6,,,12259,,0.07755936682224274,,
,,0.001,12269,,,,
6,,,12269,,0.07820140570402145,,
,,0.001,12279,,,,
6,,,12279,,0.07788930088281631,,
,,0.001,12289,,,,
6,,,12289,,0.0823679268360138,,
,,0.001,12299,,,,
6,,,12299,,0.08380957692861557,,
,,0.001,12309,,,,
6,,,12309,,0.0766100138425827,,
,,0.001,12319,,,,
6,,,12319,,0.0793645903468132,,
,,0.001,12329,,,,
6,,,12329,,0.0823318138718605,,
,,0.001,12339,,,,
6,,,12339,,0.07780927419662476,,
,,0.001,12349,,,,
6,,,12349,,0.07848485559225082,,
,,0.001,12359,,,,
6,,,12359,,0.07918684184551239,,
,,0.001,12369,,,,
6,,,12369,,0.07787389308214188,,
,,0.001,12379,,,,
6,,,12379,,0.08057353645563126,,
,,0.001,12389,,,,
6,,,12389,,0.07992943376302719,,
,,0.001,12399,,,,
6,,,12399,,0.0812390148639679,,
,,0.001,12409,,,,
6,,,12409,,0.07959648966789246,,
,,0.001,12419,,,,
6,,,12419,,0.08148187398910522,,
,,0.001,12429,,,,
6,,,12429,,0.08136153221130371,,
,,0.001,12439,,,,
6,,,12439,,0.07887382805347443,,
,,0.001,12449,,,,
6,,,12449,,0.08241356909275055,,
,,0.001,12459,,,,
6,,,12459,,0.08070429414510727,,
,,0.001,12469,,,,
6,,,12469,,0.07816894352436066,,
,,0.001,12479,,,,
6,,,12479,,0.07817540317773819,,
,,0.001,12489,,,,
6,,,12489,,0.0784924179315567,,
,,0.001,12499,,,,
6,,,12499,,0.08283592760562897,,
,,0.001,12509,,,,
6,,,12509,,0.07606887817382812,,
,,0.001,12519,,,,
6,,,12519,,0.07729028910398483,,
,,0.001,12529,,,,
6,,,12529,,0.07660143822431564,,
,,0.001,12539,,,,
6,,,12539,,0.08202352374792099,,
,,0.001,12549,,,,
6,,,12549,,0.07805818319320679,,
,,0.001,12559,,,,
6,,,12559,,0.07865044474601746,,
,,0.001,12569,,,,
6,,,12569,,0.07894735783338547,,
,,0.001,12579,,,,
6,,,12579,,0.07963827252388,,
,,0.001,12589,,,,
6,,,12589,,0.07753513753414154,,
,,0.001,12599,,,,
6,,,12599,,0.07856711745262146,,
,,0.001,12609,,,,
6,,,12609,,0.07884076237678528,,
,,0.001,12619,,,,
6,,,12619,,0.07836314290761948,,
,,0.001,12629,,,,
6,,,12629,,0.08108831197023392,,
,,0.001,12639,,,,
6,,,12639,,0.07932806015014648,,
,,0.001,12649,,,,
6,,,12649,,0.07875658571720123,,
,,0.001,12659,,,,
6,,,12659,,0.07601121068000793,,
,,0.001,12669,,,,
6,,,12669,,0.08194550126791,,
,,0.001,12679,,,,
6,,,12679,,0.08264461159706116,,
,,0.001,12689,,,,
6,,,12689,,0.07705242186784744,,
,,0.001,12699,,,,
6,,,12699,,0.07992421835660934,,
,,0.001,12709,,,,
6,,,12709,,0.07799224555492401,,
,,0.001,12719,,,,
6,,,12719,,0.07894229143857956,,
,,0.001,12729,,,,
6,,,12729,,0.08033271133899689,,
,,0.001,12739,,,,
6,,,12739,,0.0799127072095871,,
,,0.001,12749,,,,
6,,,12749,,0.07930323481559753,,
,,0.001,12759,,,,
6,,,12759,,0.07546846568584442,,
,,0.001,12769,,,,
6,,,12769,,0.07945702224969864,,
,,0.001,12779,,,,
6,,,12779,,0.08053001761436462,,
,,0.001,12789,,,,
6,,,12789,,0.08101453632116318,,
,,0.001,12799,,,,
6,,,12799,,0.08331617712974548,,
,,0.001,12809,,,,
6,,,12809,,0.0814763531088829,,
,,0.001,12819,,,,
6,,,12819,,0.08056566119194031,,
,,0.001,12829,,,,
6,,,12829,,0.07920891791582108,,
,,0.001,12839,,,,
6,,,12839,,0.07714222371578217,,
,,0.001,12849,,,,
6,,,12849,,0.07950352877378464,,
,,0.001,12859,,,,
6,,,12859,,0.07809498906135559,,
,,0.001,12869,,,,
6,,,12869,,0.08001457899808884,,
,,0.001,12879,,,,
6,,,12879,,0.07747453451156616,,
,,0.001,12889,,,,
6,,,12889,,0.08109547942876816,,
,,0.001,12899,,,,
6,,,12899,,0.07858758419752121,,
,,0.001,12909,,,,
6,,,12909,,0.07952655851840973,,
,,0.001,12919,,,,
6,,,12919,,0.08043955266475677,,
,,0.001,12929,,,,
6,,,12929,,0.07914259284734726,,
,,0.001,12939,,,,
6,,,12939,,0.07819104194641113,,
,,0.001,12949,,,,
6,,,12949,,0.07925474643707275,,
,,0.001,12959,,,,
6,,,12959,,0.07894362509250641,,
,,0.001,12969,,,,
6,,,12969,,0.08271023631095886,,
,,0.001,12979,,,,
6,,,12979,,0.0828467532992363,,
,,0.001,12989,,,,
6,,,12989,,0.07776442170143127,,
,,0.001,12999,,,,
6,,,12999,,0.07918404787778854,,
,,0.001,13009,,,,
6,,,13009,,0.08143555372953415,,
,,0.001,13019,,,,
6,,,13019,,0.07864689081907272,,
,,0.001,13029,,,,
6,,,13029,,0.07553452253341675,,
,,0.001,13039,,,,
6,,,13039,,0.07864592969417572,,
,,0.001,13049,,,,
6,,,13049,,0.07823704183101654,,
,,0.001,13059,,,,
6,,,13059,,0.0748547837138176,,
,,0.001,13069,,,,
6,,,13069,,0.08148717880249023,,
,,0.001,13079,,,,
6,,,13079,,0.07793332636356354,,
,,0.001,13089,,,,
6,,,13089,,0.07771141082048416,,
,,0.001,13099,,,,
6,,,13099,,0.08335358649492264,,
,,0.001,13109,,,,
6,,,13109,,0.07938997447490692,,
,,0.001,13119,,,,
6,,,13119,,0.08253651857376099,,
,,0.001,13129,,,,
6,,,13129,,0.08175139129161835,,
,,0.001,13139,,,,
6,,,13139,,0.0796155035495758,,
,,0.001,13149,,,,
6,,,13149,,0.0836188942193985,,
,,0.001,13159,,,,
6,,,13159,,0.08131718635559082,,
,,0.001,13169,,,,
6,,,13169,,0.0782817006111145,,
,,0.001,13179,,,,
6,,,13179,,0.07792873680591583,,
,,0.001,13189,,,,
6,,,13189,,0.0786958783864975,,
,,0.001,13199,,,,
6,,,13199,,0.07921863347291946,,
,,0.001,13209,,,,
6,,,13209,,0.07730704545974731,,
,,0.001,13219,,,,
6,,,13219,,0.07855106145143509,,
,,0.001,13229,,,,
6,,,13229,,0.08223338425159454,,
,,0.001,13239,,,,
6,,,13239,,0.07759589701890945,,
,,0.001,13249,,,,
6,,,13249,,0.07901831716299057,,
,,0.001,13259,,,,
6,,,13259,,0.07640736550092697,,
,,0.001,13269,,,,
6,,,13269,,0.07608962804079056,,
,,0.001,13279,,,,
6,,,13279,,0.0783262550830841,,
,,0.001,13289,,,,
6,,,13289,,0.07938514649868011,,
,,0.001,13299,,,,
6,,,13299,,0.07837684452533722,,
,,0.001,13309,,,,
6,,,13309,,0.07832133024930954,,
,,0.001,13319,,,,
6,,,13319,,0.08178364485502243,,
,,0.001,13329,,,,
6,,,13329,,0.08033975213766098,,
,,0.001,13339,,,,
6,,,13339,,0.0793086364865303,,
,,0.001,13349,,,,
6,,,13349,,0.07686161994934082,,
,,0.001,13359,,,,
6,,,13359,,0.07937481999397278,,
,,0.001,13369,,,,
6,,,13369,,0.07997000217437744,,
,,0.001,13379,,,,
6,,,13379,,0.08055440336465836,,
,,0.001,13389,,,,
6,,,13389,,0.0794929787516594,,
,,0.001,13399,,,,
6,,,13399,,0.08112560957670212,,
,,0.001,13409,,,,
6,,,13409,,0.07889002561569214,,
,,0.001,13419,,,,
6,,,13419,,0.07865184545516968,,
,,0.001,13429,,,,
6,,,13429,,0.07970747351646423,,
,,0.001,13439,,,,
6,,,13439,,0.07817628234624863,,
,,0.001,13449,,,,
6,,,13449,,0.07958222925662994,,
,,0.001,13459,,,,
6,,,13459,,0.07864941656589508,,
,,0.001,13469,,,,
6,,,13469,,0.07765576988458633,,
,,0.001,13479,,,,
6,,,13479,,0.0795692428946495,,
,,0.001,13489,,,,
6,,,13489,,0.07786402106285095,,
,,0.001,13499,,,,
6,,,13499,,0.07815518975257874,,
,,0.001,13509,,,,
6,,,13509,,0.07885604351758957,,
,,0.001,13519,,,,
6,,,13519,,0.07847339659929276,,
,,0.001,13529,,,,
6,,,13529,,0.07716844230890274,,
,,0.001,13539,,,,
6,,,13539,,0.08104637265205383,,
,,0.001,13549,,,,
6,,,13549,,0.08323162794113159,,
,,0.001,13559,,,,
6,,,13559,,0.07754208147525787,,
,,0.001,13569,,,,
6,,,13569,,0.07902906090021133,,
,,0.001,13579,,,,
6,,,13579,,0.07720819860696793,,
,,0.001,13589,,,,
6,,,13589,,0.0779639482498169,,
,,0.001,13599,,,,
6,,,13599,,0.0787462443113327,,
,,0.001,13609,,,,
6,,,13609,,0.0797504186630249,,
,,0.001,13619,,,,
6,,,13619,,0.08360953629016876,,
,,0.001,13629,,,,
6,,,13629,,0.0754358097910881,,
,,0.001,13639,,,,
6,,,13639,,0.0810055360198021,,
,,0.001,13649,,,,
6,,,13649,,0.07966289669275284,,
,,0.001,13659,,,,
6,,,13659,,0.08095947653055191,,
,,0.001,13669,,,,
6,,,13669,,0.08337040990591049,,
,,0.001,13679,,,,
6,,,13679,,0.07636448740959167,,
,,0.001,13689,,,,
6,,,13689,,0.0763833224773407,,
,,0.001,13699,,,,
6,,,13699,,0.08267595618963242,,
,,0.001,13709,,,,
6,,,13709,,0.07820279896259308,,
,,0.001,13719,,,,
6,,,13719,,0.08652527630329132,,
,,0.001,13729,,,,
6,,,13729,,0.07789821922779083,,
,,0.001,13739,,,,
6,,,13739,,0.0788104459643364,,
,,0.001,13749,,,,
6,,,13749,,0.07869718968868256,,
,,0.001,13759,,,,
6,,,13759,,0.076662078499794,,
,,0.001,13769,,,,
6,,,13769,,0.07767925411462784,,
,,0.001,13779,,,,
6,,,13779,,0.07697499543428421,,
,,0.001,13789,,,,
6,,,13789,,0.07798660546541214,,
,,0.001,13799,,,,
6,,,13799,,0.07733938843011856,,
,,0.001,13809,,,,
6,,,13809,,0.07594869285821915,,
,,0.001,13819,,,,
6,,,13819,,0.08102966845035553,,
,,0.001,13829,,,,
6,,,13829,,0.07923906296491623,,
,,0.001,13839,,,,
6,,,13839,,0.07883092761039734,,
,,0.001,13849,,,,
6,,,13849,,0.07903271168470383,,
,,0.001,13859,,,,
6,,,13859,,0.07922081649303436,,
,,0.001,13869,,,,
6,,,13869,,0.07658480107784271,,
,,0.001,13879,,,,
6,,,13879,,0.0763866975903511,,
,,0.001,13889,,,,
6,,,13889,,0.08050308376550674,,
,,0.001,13899,,,,
6,,,13899,,0.0753946304321289,,
,,0.001,13909,,,,
6,,,13909,,0.07971475273370743,,
,,0.001,13919,,,,
6,,,13919,,0.07859411835670471,,
,,0.001,13929,,,,
6,,,13929,,0.07350599765777588,,
,,0.001,13939,,,,
6,,,13939,,0.07868775725364685,,
,,0.001,13949,,,,
6,,,13949,,0.0792117640376091,,
,,0.001,13959,,,,
6,,,13959,,0.07857095450162888,,
,,0.001,13969,,,,
6,,,13969,,0.07912787795066833,,
,,0.001,13979,,,,
6,,,13979,,0.07851456105709076,,
,,0.001,13989,,,,
6,,,13989,,0.07922697812318802,,
,,0.001,13999,,,,
6,,,13999,,0.07973364740610123,,
,,,300,,,,0.07774016261100769
,,,301,,,,0.07896164804697037
,,,302,,,,0.07602103054523468
,,,303,,,,0.0776045098900795
,,,304,,,,0.07740810513496399
,,,305,,,,0.07710479944944382
,,,306,,,,0.07858722656965256
,,,307,,,,0.07719982415437698
,,,308,,,,0.07883250713348389
,,,309,,,,0.07805676013231277
,,,310,,,,0.0780046284198761
,,,311,,,,0.07752417027950287
,,,312,,,,0.07932358235120773
,,,313,,,,0.07867414504289627
,,,314,,,,0.0787573829293251
,,,315,,,,0.07997677475214005
,,,316,,,,0.07673337310552597
,,,317,,,,0.07618211954832077
,,,318,,,,0.07773575186729431
,,,319,,,,0.07750923186540604
,,,320,,,,0.07875432074069977
,,,321,,,,0.07813601195812225
,,,322,,,,0.07700655609369278
,,,323,,,,0.07798048108816147
,,,324,,,,0.077379010617733
,,,325,,,,0.07801180332899094
,,,326,,,,0.07827984541654587
,,,327,,,,0.07696343213319778
,,,328,,,,0.07744673639535904
,,,329,,,,0.07698842883110046
,,,330,,,,0.07735584676265717
,,,331,,,,0.07696778327226639
,,,332,,,,0.07691029459238052
,,,333,,,,0.07639631628990173
,,,334,,,,0.078741654753685
,,,335,,,,0.07705341279506683
,,,336,,,,0.07726477831602097
,,,337,,,,0.07827488332986832
,,,338,,,,0.07721710205078125
,,,339,,,,0.07746794819831848
,,,340,,,,0.07821924984455109
,,,341,,,,0.07705795764923096
,,,342,,,,0.07663343846797943
,,,343,,,,0.07732118666172028
,,,344,,,,0.07650872319936752
,,,345,,,,0.07683111727237701
,,,346,,,,0.07647688686847687
,,,347,,,,0.07685710489749908
,,,348,,,,0.07749008387327194
,,,349,,,,0.07764438539743423
6,,,13999,,,0.07759150117635727,
6,8.471923828125,,13999,0.07903160899877548,,,
,,0.001,14009,,,,
7,,,14009,,0.07883157581090927,,
,,0.001,14019,,,,
7,,,14019,,0.0806146189570427,,
,,0.001,14029,,,,
7,,,14029,,0.08104763925075531,,
,,0.001,14039,,,,
7,,,14039,,0.07749713957309723,,
,,0.001,14049,,,,
7,,,14049,,0.08036636561155319,,
,,0.001,14059,,,,
7,,,14059,,0.07887079566717148,,
,,0.001,14069,,,,
7,,,14069,,0.07557529956102371,,
,,0.001,14079,,,,
7,,,14079,,0.07873303443193436,,
,,0.001,14089,,,,
7,,,14089,,0.07629593461751938,,
,,0.001,14099,,,,
7,,,14099,,0.08422642201185226,,
,,0.001,14109,,,,
7,,,14109,,0.07583356648683548,,
,,0.001,14119,,,,
7,,,14119,,0.07888536900281906,,
,,0.001,14129,,,,
7,,,14129,,0.07541091740131378,,
,,0.001,14139,,,,
7,,,14139,,0.07890055328607559,,
,,0.001,14149,,,,
7,,,14149,,0.07864707708358765,,
,,0.001,14159,,,,
7,,,14159,,0.07652036845684052,,
,,0.001,14169,,,,
7,,,14169,,0.0774528831243515,,
,,0.001,14179,,,,
7,,,14179,,0.07719895243644714,,
,,0.001,14189,,,,
7,,,14189,,0.07598768174648285,,
,,0.001,14199,,,,
7,,,14199,,0.0780077576637268,,
,,0.001,14209,,,,
7,,,14209,,0.08259827643632889,,
,,0.001,14219,,,,
7,,,14219,,0.07680356502532959,,
,,0.001,14229,,,,
7,,,14229,,0.07748246937990189,,
,,0.001,14239,,,,
7,,,14239,,0.07917185872793198,,
,,0.001,14249,,,,
7,,,14249,,0.07765629142522812,,
,,0.001,14259,,,,
7,,,14259,,0.0777287557721138,,
,,0.001,14269,,,,
7,,,14269,,0.07296814024448395,,
,,0.001,14279,,,,
7,,,14279,,0.07615448534488678,,
,,0.001,14289,,,,
7,,,14289,,0.07980813086032867,,
,,0.001,14299,,,,
7,,,14299,,0.0779038667678833,,
,,0.001,14309,,,,
7,,,14309,,0.07840968668460846,,
,,0.001,14319,,,,
7,,,14319,,0.07669738680124283,,
,,0.001,14329,,,,
7,,,14329,,0.07979676872491837,,
,,0.001,14339,,,,
7,,,14339,,0.08089975267648697,,
,,0.001,14349,,,,
7,,,14349,,0.07534927129745483,,
,,0.001,14359,,,,
7,,,14359,,0.07765325158834457,,
,,0.001,14369,,,,
7,,,14369,,0.07539057731628418,,
,,0.001,14379,,,,
7,,,14379,,0.07946986705064774,,
,,0.001,14389,,,,
7,,,14389,,0.07813699543476105,,
,,0.001,14399,,,,
7,,,14399,,0.0820642039179802,,
,,0.001,14409,,,,
7,,,14409,,0.07322609424591064,,
,,0.001,14419,,,,
7,,,14419,,0.07561131566762924,,
,,0.001,14429,,,,
7,,,14429,,0.08048152178525925,,
,,0.001,14439,,,,
7,,,14439,,0.07667595148086548,,
,,0.001,14449,,,,
7,,,14449,,0.0759538784623146,,
,,0.001,14459,,,,
7,,,14459,,0.07786980271339417,,
,,0.001,14469,,,,
7,,,14469,,0.07632244378328323,,
,,0.001,14479,,,,
7,,,14479,,0.07887203991413116,,
,,0.001,14489,,,,
7,,,14489,,0.0753750279545784,,
,,0.001,14499,,,,
7,,,14499,,0.07948102056980133,,
,,0.001,14509,,,,
7,,,14509,,0.07816572487354279,,
,,0.001,14519,,,,
7,,,14519,,0.07969960570335388,,
,,0.001,14529,,,,
7,,,14529,,0.07493287324905396,,
,,0.001,14539,,,,
7,,,14539,,0.08048105239868164,,
,,0.001,14549,,,,
7,,,14549,,0.07646094262599945,,
,,0.001,14559,,,,
7,,,14559,,0.07742136716842651,,
,,0.001,14569,,,,
7,,,14569,,0.07680456340312958,,
,,0.001,14579,,,,
7,,,14579,,0.08018487691879272,,
,,0.001,14589,,,,
7,,,14589,,0.07808534055948257,,
,,0.001,14599,,,,
7,,,14599,,0.08029691874980927,,
,,0.001,14609,,,,
7,,,14609,,0.07768700271844864,,
,,0.001,14619,,,,
7,,,14619,,0.07776854187250137,,
,,0.001,14629,,,,
7,,,14629,,0.07803288847208023,,
,,0.001,14639,,,,
7,,,14639,,0.0804232582449913,,
,,0.001,14649,,,,
7,,,14649,,0.0754304900765419,,
,,0.001,14659,,,,
7,,,14659,,0.0740000531077385,,
,,0.001,14669,,,,
7,,,14669,,0.08026003837585449,,
,,0.001,14679,,,,
7,,,14679,,0.0838422179222107,,
,,0.001,14689,,,,
7,,,14689,,0.07671373337507248,,
,,0.001,14699,,,,
7,,,14699,,0.07819294929504395,,
,,0.001,14709,,,,
7,,,14709,,0.07919275760650635,,
,,0.001,14719,,,,
7,,,14719,,0.0755843073129654,,
,,0.001,14729,,,,
7,,,14729,,0.07305159419775009,,
,,0.001,14739,,,,
7,,,14739,,0.0791640356183052,,
,,0.001,14749,,,,
7,,,14749,,0.0761776939034462,,
,,0.001,14759,,,,
7,,,14759,,0.07395490258932114,,
,,0.001,14769,,,,
7,,,14769,,0.07431777566671371,,
,,0.001,14779,,,,
7,,,14779,,0.07678060978651047,,
,,0.001,14789,,,,
7,,,14789,,0.0767269879579544,,
,,0.001,14799,,,,
7,,,14799,,0.0750754103064537,,
,,0.001,14809,,,,
7,,,14809,,0.07754053175449371,,
,,0.001,14819,,,,
7,,,14819,,0.0797010287642479,,
,,0.001,14829,,,,
7,,,14829,,0.076700858771801,,
,,0.001,14839,,,,
7,,,14839,,0.07749477028846741,,
,,0.001,14849,,,,
7,,,14849,,0.07452543079853058,,
,,0.001,14859,,,,
7,,,14859,,0.08106869459152222,,
,,0.001,14869,,,,
7,,,14869,,0.0773201659321785,,
,,0.001,14879,,,,
7,,,14879,,0.07889697700738907,,
,,0.001,14889,,,,
7,,,14889,,0.07991869002580643,,
,,0.001,14899,,,,
7,,,14899,,0.0756261795759201,,
,,0.001,14909,,,,
7,,,14909,,0.07616566121578217,,
,,0.001,14919,,,,
7,,,14919,,0.0780075341463089,,
,,0.001,14929,,,,
7,,,14929,,0.07441172748804092,,
,,0.001,14939,,,,
7,,,14939,,0.07693299651145935,,
,,0.001,14949,,,,
7,,,14949,,0.0767441913485527,,
,,0.001,14959,,,,
7,,,14959,,0.08109894394874573,,
,,0.001,14969,,,,
7,,,14969,,0.07711272686719894,,
,,0.001,14979,,,,
7,,,14979,,0.07949165999889374,,
,,0.001,14989,,,,
7,,,14989,,0.07910293340682983,,
,,0.001,14999,,,,
7,,,14999,,0.07811526209115982,,
,,0.001,15009,,,,
7,,,15009,,0.07250507920980453,,
,,0.001,15019,,,,
7,,,15019,,0.07641284167766571,,
,,0.001,15029,,,,
7,,,15029,,0.07466872036457062,,
,,0.001,15039,,,,
7,,,15039,,0.07834958285093307,,
,,0.001,15049,,,,
7,,,15049,,0.07749052345752716,,
,,0.001,15059,,,,
7,,,15059,,0.07750403136014938,,
,,0.001,15069,,,,
7,,,15069,,0.07475106418132782,,
,,0.001,15079,,,,
7,,,15079,,0.07608750462532043,,
,,0.001,15089,,,,
7,,,15089,,0.07526331394910812,,
,,0.001,15099,,,,
7,,,15099,,0.0764375701546669,,
,,0.001,15109,,,,
7,,,15109,,0.07841049134731293,,
,,0.001,15119,,,,
7,,,15119,,0.07937239855527878,,
,,0.001,15129,,,,
7,,,15129,,0.07955525070428848,,
,,0.001,15139,,,,
7,,,15139,,0.07492999732494354,,
,,0.001,15149,,,,
7,,,15149,,0.08148069679737091,,
,,0.001,15159,,,,
7,,,15159,,0.0779128298163414,,
,,0.001,15169,,,,
7,,,15169,,0.0766434594988823,,
,,0.001,15179,,,,
7,,,15179,,0.07474768161773682,,
,,0.001,15189,,,,
7,,,15189,,0.07689225673675537,,
,,0.001,15199,,,,
7,,,15199,,0.07865604013204575,,
,,0.001,15209,,,,
7,,,15209,,0.08099440485239029,,
,,0.001,15219,,,,
7,,,15219,,0.08139895647764206,,
,,0.001,15229,,,,
7,,,15229,,0.07600550353527069,,
,,0.001,15239,,,,
7,,,15239,,0.07337553799152374,,
,,0.001,15249,,,,
7,,,15249,,0.0790921226143837,,
,,0.001,15259,,,,
7,,,15259,,0.07727818936109543,,
,,0.001,15269,,,,
7,,,15269,,0.07365906238555908,,
,,0.001,15279,,,,
7,,,15279,,0.07879804074764252,,
,,0.001,15289,,,,
7,,,15289,,0.07434850931167603,,
,,0.001,15299,,,,
7,,,15299,,0.07416075468063354,,
,,0.001,15309,,,,
7,,,15309,,0.07701979577541351,,
,,0.001,15319,,,,
7,,,15319,,0.07921843975782394,,
,,0.001,15329,,,,
7,,,15329,,0.07946991920471191,,
,,0.001,15339,,,,
7,,,15339,,0.07795116305351257,,
,,0.001,15349,,,,
7,,,15349,,0.07596118748188019,,
,,0.001,15359,,,,
7,,,15359,,0.07723060995340347,,
,,0.001,15369,,,,
7,,,15369,,0.0785273015499115,,
,,0.001,15379,,,,
7,,,15379,,0.0777464434504509,,
,,0.001,15389,,,,
7,,,15389,,0.07469646632671356,,
,,0.001,15399,,,,
7,,,15399,,0.07612364739179611,,
,,0.001,15409,,,,
7,,,15409,,0.07507426291704178,,
,,0.001,15419,,,,
7,,,15419,,0.07547751069068909,,
,,0.001,15429,,,,
7,,,15429,,0.07540637254714966,,
,,0.001,15439,,,,
7,,,15439,,0.07726247608661652,,
,,0.001,15449,,,,
7,,,15449,,0.07405281066894531,,
,,0.001,15459,,,,
7,,,15459,,0.07581839710474014,,
,,0.001,15469,,,,
7,,,15469,,0.07841130346059799,,
,,0.001,15479,,,,
7,,,15479,,0.07984627783298492,,
,,0.001,15489,,,,
7,,,15489,,0.07526040077209473,,
,,0.001,15499,,,,
7,,,15499,,0.07948319613933563,,
,,0.001,15509,,,,
7,,,15509,,0.07950571179389954,,
,,0.001,15519,,,,
7,,,15519,,0.07364203780889511,,
,,0.001,15529,,,,
7,,,15529,,0.08021765947341919,,
,,0.001,15539,,,,
7,,,15539,,0.07348734140396118,,
,,0.001,15549,,,,
7,,,15549,,0.07775633037090302,,
,,0.001,15559,,,,
7,,,15559,,0.08030832558870316,,
,,0.001,15569,,,,
7,,,15569,,0.0782892033457756,,
,,0.001,15579,,,,
7,,,15579,,0.07472041249275208,,
,,0.001,15589,,,,
7,,,15589,,0.07322043925523758,,
,,0.001,15599,,,,
7,,,15599,,0.07866746187210083,,
,,0.001,15609,,,,
7,,,15609,,0.07689044624567032,,
,,0.001,15619,,,,
7,,,15619,,0.07897698134183884,,
,,0.001,15629,,,,
7,,,15629,,0.07558824121952057,,
,,0.001,15639,,,,
7,,,15639,,0.07666070014238358,,
,,0.001,15649,,,,
7,,,15649,,0.07980421930551529,,
,,0.001,15659,,,,
7,,,15659,,0.07523778825998306,,
,,0.001,15669,,,,
7,,,15669,,0.07639916986227036,,
,,0.001,15679,,,,
7,,,15679,,0.07890424132347107,,
,,0.001,15689,,,,
7,,,15689,,0.07878270000219345,,
,,0.001,15699,,,,
7,,,15699,,0.08009634912014008,,
,,0.001,15709,,,,
7,,,15709,,0.08017350733280182,,
,,0.001,15719,,,,
7,,,15719,,0.07746611535549164,,
,,0.001,15729,,,,
7,,,15729,,0.07447853684425354,,
,,0.001,15739,,,,
7,,,15739,,0.07787353545427322,,
,,0.001,15749,,,,
7,,,15749,,0.07937847077846527,,
,,0.001,15759,,,,
7,,,15759,,0.07693946361541748,,
,,0.001,15769,,,,
7,,,15769,,0.07563301920890808,,
,,0.001,15779,,,,
7,,,15779,,0.07475794851779938,,
,,0.001,15789,,,,
7,,,15789,,0.07493948936462402,,
,,0.001,15799,,,,
7,,,15799,,0.0731261670589447,,
,,0.001,15809,,,,
7,,,15809,,0.0751950740814209,,
,,0.001,15819,,,,
7,,,15819,,0.07512208819389343,,
,,0.001,15829,,,,
7,,,15829,,0.07511072605848312,,
,,0.001,15839,,,,
7,,,15839,,0.0780235230922699,,
,,0.001,15849,,,,
7,,,15849,,0.07924562692642212,,
,,0.001,15859,,,,
7,,,15859,,0.08040022850036621,,
,,0.001,15869,,,,
7,,,15869,,0.0756600946187973,,
,,0.001,15879,,,,
7,,,15879,,0.07501133531332016,,
,,0.001,15889,,,,
7,,,15889,,0.07854778319597244,,
,,0.001,15899,,,,
7,,,15899,,0.07430586963891983,,
,,0.001,15909,,,,
7,,,15909,,0.07618438452482224,,
,,0.001,15919,,,,
7,,,15919,,0.07683684676885605,,
,,0.001,15929,,,,
7,,,15929,,0.07644680887460709,,
,,0.001,15939,,,,
7,,,15939,,0.07770480960607529,,
,,0.001,15949,,,,
7,,,15949,,0.07827090471982956,,
,,0.001,15959,,,,
7,,,15959,,0.07737056165933609,,
,,0.001,15969,,,,
7,,,15969,,0.07686495780944824,,
,,0.001,15979,,,,
7,,,15979,,0.0793093889951706,,
,,0.001,15989,,,,
7,,,15989,,0.078839510679245,,
,,0.001,15999,,,,
7,,,15999,,0.07763441652059555,,
,,,350,,,,0.07722078263759613
,,,351,,,,0.07818944752216339
,,,352,,,,0.07518879324197769
,,,353,,,,0.07663612067699432
,,,354,,,,0.07662247866392136
,,,355,,,,0.07659148424863815
,,,356,,,,0.07787217944860458
,,,357,,,,0.07637575268745422
,,,358,,,,0.07785201072692871
,,,359,,,,0.07704916596412659
,,,360,,,,0.07700108736753464
,,,361,,,,0.07696811854839325
,,,362,,,,0.07875390350818634
,,,363,,,,0.07803446054458618
,,,364,,,,0.07829640805721283
,,,365,,,,0.0794355720281601
,,,366,,,,0.07586255669593811
,,,367,,,,0.07507343590259552
,,,368,,,,0.07725562900304794
,,,369,,,,0.07704134285449982
,,,370,,,,0.07816273719072342
,,,371,,,,0.07754013687372208
,,,372,,,,0.07650018483400345
,,,373,,,,0.07689559459686279
,,,374,,,,0.07690830528736115
,,,375,,,,0.07729310542345047
,,,376,,,,0.0776987075805664
,,,377,,,,0.07642745226621628
,,,378,,,,0.07656866312026978
,,,379,,,,0.07628835737705231
,,,380,,,,0.07627958804368973
,,,381,,,,0.07628059387207031
,,,382,,,,0.07615882158279419
,,,383,,,,0.07568593323230743
,,,384,,,,0.07779469341039658
,,,385,,,,0.07605543732643127
,,,386,,,,0.07623691856861115
,,,387,,,,0.07775215804576874
,,,388,,,,0.07680486142635345
,,,389,,,,0.076715849339962
,,,390,,,,0.077317014336586
,,,391,,,,0.07617482542991638
,,,392,,,,0.07599656283855438
,,,393,,,,0.07665815949440002
,,,394,,,,0.07594393193721771
,,,395,,,,0.07626702636480331
,,,396,,,,0.0757191926240921
,,,397,,,,0.07635443657636642
,,,398,,,,0.07703342288732529
,,,399,,,,0.0768069326877594
7,,,15999,,,0.0768728032708168,
7,8.402390480041504,,15999,0.07734201103448868,,,
,,0.001,16009,,,,
8,,,16009,,0.0802106112241745,,
,,0.001,16019,,,,
8,,,16019,,0.076297827064991,,
,,0.001,16029,,,,
8,,,16029,,0.07873117178678513,,
,,0.001,16039,,,,
8,,,16039,,0.07503573596477509,,
,,0.001,16049,,,,
8,,,16049,,0.07765154540538788,,
,,0.001,16059,,,,
8,,,16059,,0.07417357712984085,,
,,0.001,16069,,,,
8,,,16069,,0.07696356624364853,,
,,0.001,16079,,,,
8,,,16079,,0.07827235013246536,,
,,0.001,16089,,,,
8,,,16089,,0.07807492464780807,,
,,0.001,16099,,,,
8,,,16099,,0.0778384730219841,,
,,0.001,16109,,,,
8,,,16109,,0.0752517431974411,,
,,0.001,16119,,,,
8,,,16119,,0.07870227843523026,,
,,0.001,16129,,,,
8,,,16129,,0.07904163002967834,,
,,0.001,16139,,,,
8,,,16139,,0.07395578920841217,,
,,0.001,16149,,,,
8,,,16149,,0.07371927797794342,,
,,0.001,16159,,,,
8,,,16159,,0.0748266875743866,,
,,0.001,16169,,,,
8,,,16169,,0.07726441323757172,,
,,0.001,16179,,,,
8,,,16179,,0.07717955112457275,,
,,0.001,16189,,,,
8,,,16189,,0.07589516043663025,,
,,0.001,16199,,,,
8,,,16199,,0.07506313920021057,,
,,0.001,16209,,,,
8,,,16209,,0.07689104229211807,,
,,0.001,16219,,,,
8,,,16219,,0.07769349962472916,,
,,0.001,16229,,,,
8,,,16229,,0.07897878438234329,,
,,0.001,16239,,,,
8,,,16239,,0.07534810155630112,,
,,0.001,16249,,,,
8,,,16249,,0.07370897382497787,,
,,0.001,16259,,,,
8,,,16259,,0.07691200077533722,,
,,0.001,16269,,,,
8,,,16269,,0.07772532105445862,,
,,0.001,16279,,,,
8,,,16279,,0.0742376521229744,,
,,0.001,16289,,,,
8,,,16289,,0.07761947065591812,,
,,0.001,16299,,,,
8,,,16299,,0.07652795314788818,,
,,0.001,16309,,,,
8,,,16309,,0.07583336532115936,,
,,0.001,16319,,,,
8,,,16319,,0.07589482516050339,,
,,0.001,16329,,,,
8,,,16329,,0.07477329671382904,,
,,0.001,16339,,,,
8,,,16339,,0.07635590434074402,,
,,0.001,16349,,,,
8,,,16349,,0.08062765747308731,,
,,0.001,16359,,,,
8,,,16359,,0.0759681761264801,,
,,0.001,16369,,,,
8,,,16369,,0.07371268421411514,,
,,0.001,16379,,,,
8,,,16379,,0.07511020451784134,,
,,0.001,16389,,,,
8,,,16389,,0.07635896652936935,,
,,0.001,16399,,,,
8,,,16399,,0.0758465975522995,,
,,0.001,16409,,,,
8,,,16409,,0.07651450484991074,,
,,0.001,16419,,,,
8,,,16419,,0.07405511289834976,,
,,0.001,16429,,,,
8,,,16429,,0.07709863781929016,,
,,0.001,16439,,,,
8,,,16439,,0.07718811184167862,,
,,0.001,16449,,,,
8,,,16449,,0.07524940371513367,,
,,0.001,16459,,,,
8,,,16459,,0.0798664391040802,,
,,0.001,16469,,,,
8,,,16469,,0.07658148556947708,,
,,0.001,16479,,,,
8,,,16479,,0.0775708556175232,,
,,0.001,16489,,,,
8,,,16489,,0.07564529776573181,,
,,0.001,16499,,,,
8,,,16499,,0.07967007905244827,,
,,0.001,16509,,,,
8,,,16509,,0.07509098947048187,,
,,0.001,16519,,,,
8,,,16519,,0.07634801417589188,,
,,0.001,16529,,,,
8,,,16529,,0.07143504917621613,,
,,0.001,16539,,,,
8,,,16539,,0.07752946764230728,,
,,0.001,16549,,,,
8,,,16549,,0.08122820407152176,,
,,0.001,16559,,,,
8,,,16559,,0.07573729753494263,,
,,0.001,16569,,,,
8,,,16569,,0.07407772541046143,,
,,0.001,16579,,,,
8,,,16579,,0.07558200508356094,,
,,0.001,16589,,,,
8,,,16589,,0.07606104761362076,,
,,0.001,16599,,,,
8,,,16599,,0.07623868435621262,,
,,0.001,16609,,,,
8,,,16609,,0.0792694017291069,,
,,0.001,16619,,,,
8,,,16619,,0.07877583801746368,,
,,0.001,16629,,,,
8,,,16629,,0.07631327211856842,,
,,0.001,16639,,,,
8,,,16639,,0.07351414859294891,,
,,0.001,16649,,,,
8,,,16649,,0.07454747706651688,,
,,0.001,16659,,,,
8,,,16659,,0.07545557618141174,,
,,0.001,16669,,,,
8,,,16669,,0.07867279648780823,,
,,0.001,16679,,,,
8,,,16679,,0.07490207999944687,,
,,0.001,16689,,,,
8,,,16689,,0.07212226837873459,,
,,0.001,16699,,,,
8,,,16699,,0.08011752367019653,,
,,0.001,16709,,,,
8,,,16709,,0.07849418371915817,,
,,0.001,16719,,,,
8,,,16719,,0.07552653551101685,,
,,0.001,16729,,,,
8,,,16729,,0.07182180881500244,,
,,0.001,16739,,,,
8,,,16739,,0.07839840650558472,,
,,0.001,16749,,,,
8,,,16749,,0.0756564810872078,,
,,0.001,16759,,,,
8,,,16759,,0.07248710095882416,,
,,0.001,16769,,,,
8,,,16769,,0.07761986553668976,,
,,0.001,16779,,,,
8,,,16779,,0.0781695768237114,,
,,0.001,16789,,,,
8,,,16789,,0.07598324865102768,,
,,0.001,16799,,,,
8,,,16799,,0.07552018761634827,,
,,0.001,16809,,,,
8,,,16809,,0.07579217851161957,,
,,0.001,16819,,,,
8,,,16819,,0.07756373286247253,,
,,0.001,16829,,,,
8,,,16829,,0.07693938910961151,,
,,0.001,16839,,,,
8,,,16839,,0.07582653313875198,,
,,0.001,16849,,,,
8,,,16849,,0.07462158799171448,,
,,0.001,16859,,,,
8,,,16859,,0.08037958294153214,,
,,0.001,16869,,,,
8,,,16869,,0.07692752033472061,,
,,0.001,16879,,,,
8,,,16879,,0.07384294271469116,,
,,0.001,16889,,,,
8,,,16889,,0.07508029043674469,,
,,0.001,16899,,,,
8,,,16899,,0.074397511780262,,
,,0.001,16909,,,,
8,,,16909,,0.07653102278709412,,
,,0.001,16919,,,,
8,,,16919,,0.07452742755413055,,
,,0.001,16929,,,,
8,,,16929,,0.07418154925107956,,
,,0.001,16939,,,,
8,,,16939,,0.07548121362924576,,
,,0.001,16949,,,,
8,,,16949,,0.07756076753139496,,
,,0.001,16959,,,,
8,,,16959,,0.0749841034412384,,
,,0.001,16969,,,,
8,,,16969,,0.07746049761772156,,
,,0.001,16979,,,,
8,,,16979,,0.07585377246141434,,
,,0.001,16989,,,,
8,,,16989,,0.07531365007162094,,
,,0.001,16999,,,,
8,,,16999,,0.0784798115491867,,
,,0.001,17009,,,,
8,,,17009,,0.07136376947164536,,
,,0.001,17019,,,,
8,,,17019,,0.07413551211357117,,
,,0.001,17029,,,,
8,,,17029,,0.07536076009273529,,
,,0.001,17039,,,,
8,,,17039,,0.07589838653802872,,
,,0.001,17049,,,,
8,,,17049,,0.07637254148721695,,
,,0.001,17059,,,,
8,,,17059,,0.07442626357078552,,
,,0.001,17069,,,,
8,,,17069,,0.07599865645170212,,
,,0.001,17079,,,,
8,,,17079,,0.07506387680768967,,
,,0.001,17089,,,,
8,,,17089,,0.07374092936515808,,
,,0.001,17099,,,,
8,,,17099,,0.07514015585184097,,
,,0.001,17109,,,,
8,,,17109,,0.07588870823383331,,
,,0.001,17119,,,,
8,,,17119,,0.079706571996212,,
,,0.001,17129,,,,
8,,,17129,,0.07396262139081955,,
,,0.001,17139,,,,
8,,,17139,,0.07869086414575577,,
,,0.001,17149,,,,
8,,,17149,,0.0774359181523323,,
,,0.001,17159,,,,
8,,,17159,,0.07851937413215637,,
,,0.001,17169,,,,
8,,,17169,,0.07802806049585342,,
,,0.001,17179,,,,
8,,,17179,,0.07351373881101608,,
,,0.001,17189,,,,
8,,,17189,,0.07279160618782043,,
,,0.001,17199,,,,
8,,,17199,,0.07840278744697571,,
,,0.001,17209,,,,
8,,,17209,,0.07738007605075836,,
,,0.001,17219,,,,
8,,,17219,,0.0756644532084465,,
,,0.001,17229,,,,
8,,,17229,,0.07519295811653137,,
,,0.001,17239,,,,
8,,,17239,,0.07268115878105164,,
,,0.001,17249,,,,
8,,,17249,,0.07722288370132446,,
,,0.001,17259,,,,
8,,,17259,,0.07579599320888519,,
,,0.001,17269,,,,
8,,,17269,,0.07522399723529816,,
,,0.001,17279,,,,
8,,,17279,,0.07744792848825455,,
,,0.001,17289,,,,
8,,,17289,,0.07537563145160675,,
,,0.001,17299,,,,
8,,,17299,,0.07810792326927185,,
,,0.001,17309,,,,
8,,,17309,,0.07677578926086426,,
,,0.001,17319,,,,
8,,,17319,,0.07995260506868362,,
,,0.001,17329,,,,
8,,,17329,,0.08106400072574615,,
,,0.001,17339,,,,
8,,,17339,,0.07680505514144897,,
,,0.001,17349,,,,
8,,,17349,,0.07350658625364304,,
,,0.001,17359,,,,
8,,,17359,,0.07651466876268387,,
,,0.001,17369,,,,
8,,,17369,,0.07431896030902863,,
,,0.001,17379,,,,
8,,,17379,,0.07437686622142792,,
,,0.001,17389,,,,
8,,,17389,,0.07208971679210663,,
,,0.001,17399,,,,
8,,,17399,,0.07893965393304825,,
,,0.001,17409,,,,
8,,,17409,,0.07461131364107132,,
,,0.001,17419,,,,
8,,,17419,,0.07552722841501236,,
,,0.001,17429,,,,
8,,,17429,,0.0735163539648056,,
,,0.001,17439,,,,
8,,,17439,,0.07863495498895645,,
,,0.001,17449,,,,
8,,,17449,,0.07486698031425476,,
,,0.001,17459,,,,
8,,,17459,,0.07593841105699539,,
,,0.001,17469,,,,
8,,,17469,,0.07633353024721146,,
,,0.001,17479,,,,
8,,,17479,,0.0753774419426918,,
,,0.001,17489,,,,
8,,,17489,,0.07759823650121689,,
,,0.001,17499,,,,
8,,,17499,,0.0764683336019516,,
,,0.001,17509,,,,
8,,,17509,,0.07386896014213562,,
,,0.001,17519,,,,
8,,,17519,,0.0747903436422348,,
,,0.001,17529,,,,
8,,,17529,,0.07474291324615479,,
,,0.001,17539,,,,
8,,,17539,,0.07798907905817032,,
,,0.001,17549,,,,
8,,,17549,,0.07909569889307022,,
,,0.001,17559,,,,
8,,,17559,,0.07600662112236023,,
,,0.001,17569,,,,
8,,,17569,,0.0739932432770729,,
,,0.001,17579,,,,
8,,,17579,,0.07407646626234055,,
,,0.001,17589,,,,
8,,,17589,,0.07496966421604156,,
,,0.001,17599,,,,
8,,,17599,,0.07731388509273529,,
,,0.001,17609,,,,
8,,,17609,,0.07835357636213303,,
,,0.001,17619,,,,
8,,,17619,,0.07492240518331528,,
,,0.001,17629,,,,
8,,,17629,,0.07468515634536743,,
,,0.001,17639,,,,
8,,,17639,,0.0801888108253479,,
,,0.001,17649,,,,
8,,,17649,,0.07415328919887543,,
,,0.001,17659,,,,
8,,,17659,,0.07289702445268631,,
,,0.001,17669,,,,
8,,,17669,,0.07330256700515747,,
,,0.001,17679,,,,
8,,,17679,,0.07331614941358566,,
,,0.001,17689,,,,
8,,,17689,,0.07630138844251633,,
,,0.001,17699,,,,
8,,,17699,,0.07607012987136841,,
,,0.001,17709,,,,
8,,,17709,,0.07817858457565308,,
,,0.001,17719,,,,
8,,,17719,,0.07506440579891205,,
,,0.001,17729,,,,
8,,,17729,,0.07696659117937088,,
,,0.001,17739,,,,
8,,,17739,,0.07581132650375366,,
,,0.001,17749,,,,
8,,,17749,,0.07534775882959366,,
,,0.001,17759,,,,
8,,,17759,,0.07405021786689758,,
,,0.001,17769,,,,
8,,,17769,,0.07671187818050385,,
,,0.001,17779,,,,
8,,,17779,,0.07547993957996368,,
,,0.001,17789,,,,
8,,,17789,,0.07518347352743149,,
,,0.001,17799,,,,
8,,,17799,,0.07569346576929092,,
,,0.001,17809,,,,
8,,,17809,,0.07449301332235336,,
,,0.001,17819,,,,
8,,,17819,,0.07294627279043198,,
,,0.001,17829,,,,
8,,,17829,,0.07384058833122253,,
,,0.001,17839,,,,
8,,,17839,,0.07372183352708817,,
,,0.001,17849,,,,
8,,,17849,,0.07298194617033005,,
,,0.001,17859,,,,
8,,,17859,,0.07590776681900024,,
,,0.001,17869,,,,
8,,,17869,,0.07525650411844254,,
,,0.001,17879,,,,
8,,,17879,,0.07769725471735,,
,,0.001,17889,,,,
8,,,17889,,0.07745087891817093,,
,,0.001,17899,,,,
8,,,17899,,0.07027900218963623,,
,,0.001,17909,,,,
8,,,17909,,0.0765109658241272,,
,,0.001,17919,,,,
8,,,17919,,0.07619926333427429,,
,,0.001,17929,,,,
8,,,17929,,0.07672342658042908,,
,,0.001,17939,,,,
8,,,17939,,0.07681348919868469,,
,,0.001,17949,,,,
8,,,17949,,0.07679831981658936,,
,,0.001,17959,,,,
8,,,17959,,0.07464555650949478,,
,,0.001,17969,,,,
8,,,17969,,0.07287975400686264,,
,,0.001,17979,,,,
8,,,17979,,0.07773763686418533,,
,,0.001,17989,,,,
8,,,17989,,0.0758299008011818,,
,,0.001,17999,,,,
8,,,17999,,0.0771038606762886,,
,,,400,,,,0.074905164539814
,,,401,,,,0.07603740692138672
,,,402,,,,0.07380411773920059
,,,403,,,,0.0750831812620163
,,,404,,,,0.07528623938560486
,,,405,,,,0.07443766295909882
,,,406,,,,0.07624063640832901
,,,407,,,,0.07413551211357117
,,,408,,,,0.07592810690402985
,,,409,,,,0.0755470022559166
,,,410,,,,0.07547671347856522
,,,411,,,,0.07491971552371979
,,,412,,,,0.07671019434928894
,,,413,,,,0.07581605762243271
,,,414,,,,0.07594776153564453
,,,415,,,,0.07716424763202667
,,,416,,,,0.07404369115829468
,,,417,,,,0.0736103504896164
,,,418,,,,0.07515297085046768
,,,419,,,,0.07505464553833008
,,,420,,,,0.07603897899389267
,,,421,,,,0.07542251795530319
,,,422,,,,0.07493593543767929
,,,423,,,,0.07546991109848022
,,,424,,,,0.07448305189609528
,,,425,,,,0.07508799433708191
,,,426,,,,0.07579237222671509
,,,427,,,,0.07445301115512848
,,,428,,,,0.07486441731452942
,,,429,,,,0.07405517995357513
,,,430,,,,0.07473113387823105
,,,431,,,,0.07448653876781464
,,,432,,,,0.07438353449106216
,,,433,,,,0.07360776513814926
,,,434,,,,0.07627454400062561
,,,435,,,,0.07448188215494156
,,,436,,,,0.07473599165678024
,,,437,,,,0.07520225644111633
,,,438,,,,0.07488877326250076
,,,439,,,,0.07453707605600357
,,,440,,,,0.07585963606834412
,,,441,,,,0.07437772303819656
,,,442,,,,0.0734739601612091
,,,443,,,,0.07457199692726135
,,,444,,,,0.07393920421600342
,,,445,,,,0.0740404948592186
,,,446,,,,0.07389699667692184
,,,447,,,,0.07435612380504608
,,,448,,,,0.074872687458992
,,,449,,,,0.07491688430309296
8,,,17999,,,0.07495080679655075,
8,8.393572807312012,,17999,0.07581987231969833,,,
,,0.001,18009,,,,
9,,,18009,,0.07680448144674301,,
,,0.001,18019,,,,
9,,,18019,,0.08028092980384827,,
,,0.001,18029,,,,
9,,,18029,,0.07928973436355591,,
,,0.001,18039,,,,
9,,,18039,,0.07103702425956726,,
,,0.001,18049,,,,
9,,,18049,,0.07336834073066711,,
,,0.001,18059,,,,
9,,,18059,,0.07706274092197418,,
,,0.001,18069,,,,
9,,,18069,,0.07577894628047943,,
,,0.001,18079,,,,
9,,,18079,,0.07756399363279343,,
,,0.001,18089,,,,
9,,,18089,,0.07765539735555649,,
,,0.001,18099,,,,
9,,,18099,,0.07724842429161072,,
,,0.001,18109,,,,
9,,,18109,,0.07536031305789948,,
,,0.001,18119,,,,
9,,,18119,,0.07648787647485733,,
,,0.001,18129,,,,
9,,,18129,,0.0749557614326477,,
,,0.001,18139,,,,
9,,,18139,,0.07595717906951904,,
,,0.001,18149,,,,
9,,,18149,,0.07590528577566147,,
,,0.001,18159,,,,
9,,,18159,,0.07567635923624039,,
,,0.001,18169,,,,
9,,,18169,,0.07490763813257217,,
,,0.001,18179,,,,
9,,,18179,,0.07426413893699646,,
,,0.001,18189,,,,
9,,,18189,,0.0760924220085144,,
,,0.001,18199,,,,
9,,,18199,,0.0729748010635376,,
,,0.001,18209,,,,
9,,,18209,,0.07901108264923096,,
,,0.001,18219,,,,
9,,,18219,,0.07234407961368561,,
,,0.001,18229,,,,
9,,,18229,,0.07560205459594727,,
,,0.001,18239,,,,
9,,,18239,,0.07879645377397537,,
,,0.001,18249,,,,
9,,,18249,,0.07455477863550186,,
,,0.001,18259,,,,
9,,,18259,,0.07171674072742462,,
,,0.001,18269,,,,
9,,,18269,,0.07781106978654861,,
,,0.001,18279,,,,
9,,,18279,,0.07389002293348312,,
,,0.001,18289,,,,
9,,,18289,,0.0742720291018486,,
,,0.001,18299,,,,
9,,,18299,,0.07382867485284805,,
,,0.001,18309,,,,
9,,,18309,,0.07683847844600677,,
,,0.001,18319,,,,
9,,,18319,,0.07008156180381775,,
,,0.001,18329,,,,
9,,,18329,,0.0732564628124237,,
,,0.001,18339,,,,
9,,,18339,,0.074256531894207,,
,,0.001,18349,,,,
9,,,18349,,0.07253067195415497,,
,,0.001,18359,,,,
9,,,18359,,0.07706441730260849,,
,,0.001,18369,,,,
9,,,18369,,0.07497122883796692,,
,,0.001,18379,,,,
9,,,18379,,0.07607623934745789,,
,,0.001,18389,,,,
9,,,18389,,0.07762457430362701,,
,,0.001,18399,,,,
9,,,18399,,0.07372362911701202,,
,,0.001,18409,,,,
9,,,18409,,0.07254219055175781,,
,,0.001,18419,,,,
9,,,18419,,0.07568582892417908,,
,,0.001,18429,,,,
9,,,18429,,0.07551445066928864,,
,,0.001,18439,,,,
9,,,18439,,0.07329154759645462,,
,,0.001,18449,,,,
9,,,18449,,0.07620277255773544,,
,,0.001,18459,,,,
9,,,18459,,0.07882792502641678,,
,,0.001,18469,,,,
9,,,18469,,0.07474680244922638,,
,,0.001,18479,,,,
9,,,18479,,0.07265116274356842,,
,,0.001,18489,,,,
9,,,18489,,0.07691733539104462,,
,,0.001,18499,,,,
9,,,18499,,0.07558773458003998,,
,,0.001,18509,,,,
9,,,18509,,0.07456211745738983,,
,,0.001,18519,,,,
9,,,18519,,0.07253098487854004,,
,,0.001,18529,,,,
9,,,18529,,0.07384555041790009,,
,,0.001,18539,,,,
9,,,18539,,0.07304492592811584,,
,,0.001,18549,,,,
9,,,18549,,0.0762406662106514,,
,,0.001,18559,,,,
9,,,18559,,0.07373233139514923,,
,,0.001,18569,,,,
9,,,18569,,0.07591137290000916,,
,,0.001,18579,,,,
9,,,18579,,0.07729888707399368,,
,,0.001,18589,,,,
9,,,18589,,0.07314474135637283,,
,,0.001,18599,,,,
9,,,18599,,0.07497680187225342,,
,,0.001,18609,,,,
9,,,18609,,0.07564713805913925,,
,,0.001,18619,,,,
9,,,18619,,0.07659632712602615,,
,,0.001,18629,,,,
9,,,18629,,0.07655331492424011,,
,,0.001,18639,,,,
9,,,18639,,0.07402653992176056,,
,,0.001,18649,,,,
9,,,18649,,0.07417220622301102,,
,,0.001,18659,,,,
9,,,18659,,0.07162486761808395,,
,,0.001,18669,,,,
9,,,18669,,0.07467938214540482,,
,,0.001,18679,,,,
9,,,18679,,0.07864711433649063,,
,,0.001,18689,,,,
9,,,18689,,0.0762505903840065,,
,,0.001,18699,,,,
9,,,18699,,0.0759662464261055,,
,,0.001,18709,,,,
9,,,18709,,0.07734733074903488,,
,,0.001,18719,,,,
9,,,18719,,0.07451793551445007,,
,,0.001,18729,,,,
9,,,18729,,0.07344573736190796,,
,,0.001,18739,,,,
9,,,18739,,0.07457506656646729,,
,,0.001,18749,,,,
9,,,18749,,0.07352146506309509,,
,,0.001,18759,,,,
9,,,18759,,0.07088321447372437,,
,,0.001,18769,,,,
9,,,18769,,0.07165881246328354,,
,,0.001,18779,,,,
9,,,18779,,0.07582075893878937,,
,,0.001,18789,,,,
9,,,18789,,0.07226347178220749,,
,,0.001,18799,,,,
9,,,18799,,0.07759324461221695,,
,,0.001,18809,,,,
9,,,18809,,0.07594410330057144,,
,,0.001,18819,,,,
9,,,18819,,0.07875511795282364,,
,,0.001,18829,,,,
9,,,18829,,0.07764578610658646,,
,,0.001,18839,,,,
9,,,18839,,0.07881578803062439,,
,,0.001,18849,,,,
9,,,18849,,0.07502561807632446,,
,,0.001,18859,,,,
9,,,18859,,0.07549652457237244,,
,,0.001,18869,,,,
9,,,18869,,0.07354771345853806,,
,,0.001,18879,,,,
9,,,18879,,0.07180804014205933,,
,,0.001,18889,,,,
9,,,18889,,0.07339104264974594,,
,,0.001,18899,,,,
9,,,18899,,0.07334722578525543,,
,,0.001,18909,,,,
9,,,18909,,0.07624435424804688,,
,,0.001,18919,,,,
9,,,18919,,0.07272472232580185,,
,,0.001,18929,,,,
9,,,18929,,0.07383625954389572,,
,,0.001,18939,,,,
9,,,18939,,0.07300873845815659,,
,,0.001,18949,,,,
9,,,18949,,0.07582810521125793,,
,,0.001,18959,,,,
9,,,18959,,0.07655400037765503,,
,,0.001,18969,,,,
9,,,18969,,0.07419593632221222,,
,,0.001,18979,,,,
9,,,18979,,0.07458395510911942,,
,,0.001,18989,,,,
9,,,18989,,0.07299956679344177,,
,,0.001,18999,,,,
9,,,18999,,0.07509824633598328,,
,,0.001,19009,,,,
9,,,19009,,0.07659848779439926,,
,,0.001,19019,,,,
9,,,19019,,0.07372487336397171,,
,,0.001,19029,,,,
9,,,19029,,0.07497292011976242,,
,,0.001,19039,,,,
9,,,19039,,0.07241977006196976,,
,,0.001,19049,,,,
9,,,19049,,0.07287776470184326,,
,,0.001,19059,,,,
9,,,19059,,0.07357979565858841,,
,,0.001,19069,,,,
9,,,19069,,0.07932372391223907,,
,,0.001,19079,,,,
9,,,19079,,0.07296302169561386,,
,,0.001,19089,,,,
9,,,19089,,0.0772957056760788,,
,,0.001,19099,,,,
9,,,19099,,0.07223613560199738,,
,,0.001,19109,,,,
9,,,19109,,0.07232113182544708,,
,,0.001,19119,,,,
9,,,19119,,0.07411771267652512,,
,,0.001,19129,,,,
9,,,19129,,0.07054112106561661,,
,,0.001,19139,,,,
9,,,19139,,0.07433480769395828,,
,,0.001,19149,,,,
9,,,19149,,0.0766163021326065,,
,,0.001,19159,,,,
9,,,19159,,0.07663629949092865,,
,,0.001,19169,,,,
9,,,19169,,0.07674901187419891,,
,,0.001,19179,,,,
9,,,19179,,0.07720621675252914,,
,,0.001,19189,,,,
9,,,19189,,0.07226350903511047,,
,,0.001,19199,,,,
9,,,19199,,0.07313024252653122,,
,,0.001,19209,,,,
9,,,19209,,0.0775933787226677,,
,,0.001,19219,,,,
9,,,19219,,0.07305993884801865,,
,,0.001,19229,,,,
9,,,19229,,0.0740271508693695,,
,,0.001,19239,,,,
9,,,19239,,0.07232455164194107,,
,,0.001,19249,,,,
9,,,19249,,0.07314377278089523,,
,,0.001,19259,,,,
9,,,19259,,0.07218514382839203,,
,,0.001,19269,,,,
9,,,19269,,0.07393701374530792,,
,,0.001,19279,,,,
9,,,19279,,0.07523749768733978,,
,,0.001,19289,,,,
9,,,19289,,0.07384520024061203,,
,,0.001,19299,,,,
9,,,19299,,0.07638154178857803,,
,,0.001,19309,,,,
9,,,19309,,0.07308797538280487,,
,,0.001,19319,,,,
9,,,19319,,0.07776112109422684,,
,,0.001,19329,,,,
9,,,19329,,0.07793307304382324,,
,,0.001,19339,,,,
9,,,19339,,0.07476886361837387,,
,,0.001,19349,,,,
9,,,19349,,0.07434472441673279,,
,,0.001,19359,,,,
9,,,19359,,0.07505064457654953,,
,,0.001,19369,,,,
9,,,19369,,0.07658115029335022,,
,,0.001,19379,,,,
9,,,19379,,0.07464703917503357,,
,,0.001,19389,,,,
9,,,19389,,0.07291126251220703,,
,,0.001,19399,,,,
9,,,19399,,0.07621358335018158,,
,,0.001,19409,,,,
9,,,19409,,0.0772966518998146,,
,,0.001,19419,,,,
9,,,19419,,0.07739874720573425,,
,,0.001,19429,,,,
9,,,19429,,0.07472921162843704,,
,,0.001,19439,,,,
9,,,19439,,0.07591498643159866,,
,,0.001,19449,,,,
9,,,19449,,0.07476913183927536,,
,,0.001,19459,,,,
9,,,19459,,0.07693735510110855,,
,,0.001,19469,,,,
9,,,19469,,0.07793134450912476,,
,,0.001,19479,,,,
9,,,19479,,0.07479966431856155,,
,,0.001,19489,,,,
9,,,19489,,0.07608404010534286,,
,,0.001,19499,,,,
9,,,19499,,0.07578971236944199,,
,,0.001,19509,,,,
9,,,19509,,0.07331537455320358,,
,,0.001,19519,,,,
9,,,19519,,0.07501542568206787,,
,,0.001,19529,,,,
9,,,19529,,0.07727888226509094,,
,,0.001,19539,,,,
9,,,19539,,0.07456190884113312,,
,,0.001,19549,,,,
9,,,19549,,0.07576708495616913,,
,,0.001,19559,,,,
9,,,19559,,0.07098955661058426,,
,,0.001,19569,,,,
9,,,19569,,0.07373791933059692,,
,,0.001,19579,,,,
9,,,19579,,0.07277319580316544,,
,,0.001,19589,,,,
9,,,19589,,0.07294133305549622,,
,,0.001,19599,,,,
9,,,19599,,0.07210308313369751,,
,,0.001,19609,,,,
9,,,19609,,0.07734901458024979,,
,,0.001,19619,,,,
9,,,19619,,0.07297208905220032,,
,,0.001,19629,,,,
9,,,19629,,0.07296492904424667,,
,,0.001,19639,,,,
9,,,19639,,0.07691613584756851,,
,,0.001,19649,,,,
9,,,19649,,0.07325287908315659,,
,,0.001,19659,,,,
9,,,19659,,0.07489681243896484,,
,,0.001,19669,,,,
9,,,19669,,0.0737227350473404,,
,,0.001,19679,,,,
9,,,19679,,0.07043291628360748,,
,,0.001,19689,,,,
9,,,19689,,0.07541725039482117,,
,,0.001,19699,,,,
9,,,19699,,0.07418464124202728,,
,,0.001,19709,,,,
9,,,19709,,0.07375591993331909,,
,,0.001,19719,,,,
9,,,19719,,0.07495103031396866,,
,,0.001,19729,,,,
9,,,19729,,0.07425440102815628,,
,,0.001,19739,,,,
9,,,19739,,0.07676026970148087,,
,,0.001,19749,,,,
9,,,19749,,0.07733550667762756,,
,,0.001,19759,,,,
9,,,19759,,0.07481344044208527,,
,,0.001,19769,,,,
9,,,19769,,0.07453704625368118,,
,,0.001,19779,,,,
9,,,19779,,0.07441578060388565,,
,,0.001,19789,,,,
9,,,19789,,0.07603812962770462,,
,,0.001,19799,,,,
9,,,19799,,0.075391985476017,,
,,0.001,19809,,,,
9,,,19809,,0.0709225982427597,,
,,0.001,19819,,,,
9,,,19819,,0.07276968657970428,,
,,0.001,19829,,,,
9,,,19829,,0.07308880984783173,,
,,0.001,19839,,,,
9,,,19839,,0.07174185663461685,,
,,0.001,19849,,,,
9,,,19849,,0.07217955589294434,,
,,0.001,19859,,,,
9,,,19859,,0.07684578746557236,,
,,0.001,19869,,,,
9,,,19869,,0.07512298971414566,,
,,0.001,19879,,,,
9,,,19879,,0.07631487399339676,,
,,0.001,19889,,,,
9,,,19889,,0.07486843317747116,,
,,0.001,19899,,,,
9,,,19899,,0.07243040949106216,,
,,0.001,19909,,,,
9,,,19909,,0.07342240959405899,,
,,0.001,19919,,,,
9,,,19919,,0.07492681592702866,,
,,0.001,19929,,,,
9,,,19929,,0.07363377511501312,,
,,0.001,19939,,,,
9,,,19939,,0.07251060754060745,,
,,0.001,19949,,,,
9,,,19949,,0.07553834468126297,,
,,0.001,19959,,,,
9,,,19959,,0.07796445488929749,,
,,0.001,19969,,,,
9,,,19969,,0.07207208126783371,,
,,0.001,19979,,,,
9,,,19979,,0.07539641857147217,,
,,0.001,19989,,,,
9,,,19989,,0.07295442372560501,,
,,0.001,19999,,,,
9,,,19999,,0.07402096688747406,,
,,,450,,,,0.07422337681055069
,,,451,,,,0.07516016811132431
,,,452,,,,0.0725877434015274
,,,453,,,,0.0739697515964508
,,,454,,,,0.07410821318626404
,,,455,,,,0.07361943274736404
,,,456,,,,0.07519863545894623
,,,457,,,,0.0732785314321518
,,,458,,,,0.07499606907367706
,,,459,,,,0.07435746490955353
,,,460,,,,0.0742984414100647
,,,461,,,,0.07386168837547302
,,,462,,,,0.07544782012701035
,,,463,,,,0.07477570325136185
,,,464,,,,0.07500264048576355
,,,465,,,,0.07622109353542328
,,,466,,,,0.07306236773729324
,,,467,,,,0.07252766191959381
,,,468,,,,0.07426284998655319
,,,469,,,,0.0738295167684555
,,,470,,,,0.07506926357746124
,,,471,,,,0.0745115652680397
,,,472,,,,0.0736796036362648
,,,473,,,,0.07435548305511475
,,,474,,,,0.07385597378015518
,,,475,,,,0.07409067451953888
,,,476,,,,0.07477330416440964
,,,477,,,,0.0733814463019371
,,,478,,,,0.07371649146080017
,,,479,,,,0.07318776845932007
,,,480,,,,0.0733388140797615
,,,481,,,,0.07333968579769135
,,,482,,,,0.07312509417533875
,,,483,,,,0.0729389563202858
,,,484,,,,0.07529256492853165
,,,485,,,,0.07363643497228622
,,,486,,,,0.07346019148826599
,,,487,,,,0.0741998627781868
,,,488,,,,0.07388670742511749
,,,489,,,,0.07363417744636536
,,,490,,,,0.07461614161729813
,,,491,,,,0.073398657143116
,,,492,,,,0.07262782752513885
,,,493,,,,0.07374943792819977
,,,494,,,,0.07295405864715576
,,,495,,,,0.07303936034440994
,,,496,,,,0.07266387343406677
,,,497,,,,0.07293309271335602
,,,498,,,,0.07385493069887161
,,,499,,,,0.07378239184617996
9,,,19999,,,0.07391767203807831,
9,8.3090181350708,,19999,0.07466237246990204,,,
,,0.001,20009,,,,
10,,,20009,,0.0735606923699379,,
,,0.001,20019,,,,
10,,,20019,,0.07325567305088043,,
,,0.001,20029,,,,
10,,,20029,,0.07359150052070618,,
,,0.001,20039,,,,
10,,,20039,,0.07334501296281815,,
,,0.001,20049,,,,
10,,,20049,,0.075016088783741,,
,,0.001,20059,,,,
10,,,20059,,0.07194028794765472,,
,,0.001,20069,,,,
10,,,20069,,0.07081135362386703,,
,,0.001,20079,,,,
10,,,20079,,0.07190240174531937,,
,,0.001,20089,,,,
10,,,20089,,0.07698731124401093,,
,,0.001,20099,,,,
10,,,20099,,0.08089866489171982,,
,,0.001,20109,,,,
10,,,20109,,0.07286576181650162,,
,,0.001,20119,,,,
10,,,20119,,0.07307497411966324,,
,,0.001,20129,,,,
10,,,20129,,0.07238592207431793,,
,,0.001,20139,,,,
10,,,20139,,0.07603485882282257,,
,,0.001,20149,,,,
10,,,20149,,0.07330217212438583,,
,,0.001,20159,,,,
10,,,20159,,0.07344602793455124,,
,,0.001,20169,,,,
10,,,20169,,0.07346413284540176,,
,,0.001,20179,,,,
10,,,20179,,0.07207222282886505,,
,,0.001,20189,,,,
10,,,20189,,0.07561387866735458,,
,,0.001,20199,,,,
10,,,20199,,0.07392162084579468,,
,,0.001,20209,,,,
10,,,20209,,0.08001421391963959,,
,,0.001,20219,,,,
10,,,20219,,0.07025549560785294,,
,,0.001,20229,,,,
10,,,20229,,0.07430029660463333,,
,,0.001,20239,,,,
10,,,20239,,0.07409044355154037,,
,,0.001,20249,,,,
10,,,20249,,0.07308130711317062,,
,,0.001,20259,,,,
10,,,20259,,0.0714101567864418,,
,,0.001,20269,,,,
10,,,20269,,0.07319758087396622,,
,,0.001,20279,,,,
10,,,20279,,0.07136958837509155,,
,,0.001,20289,,,,
10,,,20289,,0.07127746939659119,,
,,0.001,20299,,,,
10,,,20299,,0.07241317629814148,,
,,0.001,20309,,,,
10,,,20309,,0.07305168360471725,,
,,0.001,20319,,,,
10,,,20319,,0.07353747636079788,,
,,0.001,20329,,,,
10,,,20329,,0.07364307343959808,,
,,0.001,20339,,,,
10,,,20339,,0.07494018226861954,,
,,0.001,20349,,,,
10,,,20349,,0.07340523600578308,,
,,0.001,20359,,,,
10,,,20359,,0.07657099515199661,,
,,0.001,20369,,,,
10,,,20369,,0.07408398389816284,,
,,0.001,20379,,,,
10,,,20379,,0.06972841918468475,,
,,0.001,20389,,,,
10,,,20389,,0.07394719868898392,,
,,0.001,20399,,,,
10,,,20399,,0.07574692368507385,,
,,0.001,20409,,,,
10,,,20409,,0.07528673112392426,,
,,0.001,20419,,,,
10,,,20419,,0.07323671132326126,,
,,0.001,20429,,,,
10,,,20429,,0.075013667345047,,
,,0.001,20439,,,,
10,,,20439,,0.07448422908782959,,
,,0.001,20449,,,,
10,,,20449,,0.07680168002843857,,
,,0.001,20459,,,,
10,,,20459,,0.07409018278121948,,
,,0.001,20469,,,,
10,,,20469,,0.07324463874101639,,
,,0.001,20479,,,,
10,,,20479,,0.07596646994352341,,
,,0.001,20489,,,,
10,,,20489,,0.07361356168985367,,
,,0.001,20499,,,,
10,,,20499,,0.07554330676794052,,
,,0.001,20509,,,,
10,,,20509,,0.07324561476707458,,
,,0.001,20519,,,,
10,,,20519,,0.07020748406648636,,
,,0.001,20529,,,,
10,,,20529,,0.06966251134872437,,
,,0.001,20539,,,,
10,,,20539,,0.07611138373613358,,
,,0.001,20549,,,,
10,,,20549,,0.07518096268177032,,
,,0.001,20559,,,,
10,,,20559,,0.07139483094215393,,
,,0.001,20569,,,,
10,,,20569,,0.07256924360990524,,
,,0.001,20579,,,,
10,,,20579,,0.07698866724967957,,
,,0.001,20589,,,,
10,,,20589,,0.07346481084823608,,
,,0.001,20599,,,,
10,,,20599,,0.07234665006399155,,
,,0.001,20609,,,,
10,,,20609,,0.07794936001300812,,
,,0.001,20619,,,,
10,,,20619,,0.07520293444395065,,
,,0.001,20629,,,,
10,,,20629,,0.07618185132741928,,
,,0.001,20639,,,,
10,,,20639,,0.07328351587057114,,
,,0.001,20649,,,,
10,,,20649,,0.07412257045507431,,
,,0.001,20659,,,,
10,,,20659,,0.07179246842861176,,
,,0.001,20669,,,,
10,,,20669,,0.07774034887552261,,
,,0.001,20679,,,,
10,,,20679,,0.07649121433496475,,
,,0.001,20689,,,,
10,,,20689,,0.07157739996910095,,
,,0.001,20699,,,,
10,,,20699,,0.07599501311779022,,
,,0.001,20709,,,,
10,,,20709,,0.07605534046888351,,
,,0.001,20719,,,,
10,,,20719,,0.0761871263384819,,
,,0.001,20729,,,,
10,,,20729,,0.07145611196756363,,
,,0.001,20739,,,,
10,,,20739,,0.07626653462648392,,
,,0.001,20749,,,,
10,,,20749,,0.07225964963436127,,
,,0.001,20759,,,,
10,,,20759,,0.07083173841238022,,
,,0.001,20769,,,,
10,,,20769,,0.06957031786441803,,
,,0.001,20779,,,,
10,,,20779,,0.07390227913856506,,
,,0.001,20789,,,,
10,,,20789,,0.07313846051692963,,
,,0.001,20799,,,,
10,,,20799,,0.07333806902170181,,
,,0.001,20809,,,,
10,,,20809,,0.07506113499403,,
,,0.001,20819,,,,
10,,,20819,,0.07446657866239548,,
,,0.001,20829,,,,
10,,,20829,,0.07198866456747055,,
,,0.001,20839,,,,
10,,,20839,,0.07581600546836853,,
,,0.001,20849,,,,
10,,,20849,,0.07424959540367126,,
,,0.001,20859,,,,
10,,,20859,,0.07679187506437302,,
,,0.001,20869,,,,
10,,,20869,,0.07128320634365082,,
,,0.001,20879,,,,
10,,,20879,,0.07401835918426514,,
,,0.001,20889,,,,
10,,,20889,,0.07102523744106293,,
,,0.001,20899,,,,
10,,,20899,,0.07290119677782059,,
,,0.001,20909,,,,
10,,,20909,,0.07326748967170715,,
,,0.001,20919,,,,
10,,,20919,,0.07641277462244034,,
,,0.001,20929,,,,
10,,,20929,,0.07169382274150848,,
,,0.001,20939,,,,
10,,,20939,,0.07265035808086395,,
,,0.001,20949,,,,
10,,,20949,,0.0743139386177063,,
,,0.001,20959,,,,
10,,,20959,,0.07490844279527664,,
,,0.001,20969,,,,
10,,,20969,,0.07575138658285141,,
,,0.001,20979,,,,
10,,,20979,,0.07509074360132217,,
,,0.001,20989,,,,
10,,,20989,,0.07615555077791214,,
,,0.001,20999,,,,
10,,,20999,,0.07716722041368484,,
,,0.001,21009,,,,
10,,,21009,,0.07148140668869019,,
,,0.001,21019,,,,
10,,,21019,,0.07107198238372803,,
,,0.001,21029,,,,
10,,,21029,,0.07604087889194489,,
,,0.001,21039,,,,
10,,,21039,,0.07325916737318039,,
,,0.001,21049,,,,
10,,,21049,,0.07630958408117294,,
,,0.001,21059,,,,
10,,,21059,,0.07249080389738083,,
,,0.001,21069,,,,
10,,,21069,,0.07272964715957642,,
,,0.001,21079,,,,
10,,,21079,,0.0730937048792839,,
,,0.001,21089,,,,
10,,,21089,,0.07389678806066513,,
,,0.001,21099,,,,
10,,,21099,,0.07384806871414185,,
,,0.001,21109,,,,
10,,,21109,,0.07352157682180405,,
,,0.001,21119,,,,
10,,,21119,,0.0780823603272438,,
,,0.001,21129,,,,
10,,,21129,,0.07244850695133209,,
,,0.001,21139,,,,
10,,,21139,,0.07554784417152405,,
,,0.001,21149,,,,
10,,,21149,,0.07520686089992523,,
,,0.001,21159,,,,
10,,,21159,,0.07740844786167145,,
,,0.001,21169,,,,
10,,,21169,,0.07208450883626938,,
,,0.001,21179,,,,
10,,,21179,,0.07673802971839905,,
,,0.001,21189,,,,
10,,,21189,,0.07201782613992691,,
,,0.001,21199,,,,
10,,,21199,,0.07531334459781647,,
,,0.001,21209,,,,
10,,,21209,,0.07070575654506683,,
,,0.001,21219,,,,
10,,,21219,,0.07305504381656647,,
,,0.001,21229,,,,
10,,,21229,,0.0737515538930893,,
,,0.001,21239,,,,
10,,,21239,,0.0725538358092308,,
,,0.001,21249,,,,
10,,,21249,,0.0750662237405777,,
,,0.001,21259,,,,
10,,,21259,,0.07353544980287552,,
,,0.001,21269,,,,
10,,,21269,,0.07188073545694351,,
,,0.001,21279,,,,
10,,,21279,,0.07416270673274994,,
,,0.001,21289,,,,
10,,,21289,,0.07204294949769974,,
,,0.001,21299,,,,
10,,,21299,,0.07514284551143646,,
,,0.001,21309,,,,
10,,,21309,,0.07308892160654068,,
,,0.001,21319,,,,
10,,,21319,,0.07313425093889236,,
,,0.001,21329,,,,
10,,,21329,,0.0753328800201416,,
,,0.001,21339,,,,
10,,,21339,,0.07148021459579468,,
,,0.001,21349,,,,
10,,,21349,,0.07243586331605911,,
,,0.001,21359,,,,
10,,,21359,,0.07091870903968811,,
,,0.001,21369,,,,
10,,,21369,,0.07440795004367828,,
,,0.001,21379,,,,
10,,,21379,,0.0758751779794693,,
,,0.001,21389,,,,
10,,,21389,,0.07444477081298828,,
,,0.001,21399,,,,
10,,,21399,,0.07497966289520264,,
,,0.001,21409,,,,
10,,,21409,,0.0770726427435875,,
,,0.001,21419,,,,
10,,,21419,,0.07553401589393616,,
,,0.001,21429,,,,
10,,,21429,,0.07498475909233093,,
,,0.001,21439,,,,
10,,,21439,,0.07072489708662033,,
,,0.001,21449,,,,
10,,,21449,,0.07604440301656723,,
,,0.001,21459,,,,
10,,,21459,,0.07175552845001221,,
,,0.001,21469,,,,
10,,,21469,,0.07379670441150665,,
,,0.001,21479,,,,
10,,,21479,,0.07456563413143158,,
,,0.001,21489,,,,
10,,,21489,,0.07331707328557968,,
,,0.001,21499,,,,
10,,,21499,,0.07407449930906296,,
,,0.001,21509,,,,
10,,,21509,,0.07499788701534271,,
,,0.001,21519,,,,
10,,,21519,,0.07332706451416016,,
,,0.001,21529,,,,
10,,,21529,,0.07412838190793991,,
,,0.001,21539,,,,
10,,,21539,,0.07765030860900879,,
,,0.001,21549,,,,
10,,,21549,,0.07605205476284027,,
,,0.001,21559,,,,
10,,,21559,,0.07276038825511932,,
,,0.001,21569,,,,
10,,,21569,,0.0720839872956276,,
,,0.001,21579,,,,
10,,,21579,,0.07126259803771973,,
,,0.001,21589,,,,
10,,,21589,,0.07481013238430023,,
,,0.001,21599,,,,
10,,,21599,,0.07247002422809601,,
,,0.001,21609,,,,
10,,,21609,,0.074753537774086,,
,,0.001,21619,,,,
10,,,21619,,0.07359247654676437,,
,,0.001,21629,,,,
10,,,21629,,0.07224845141172409,,
,,0.001,21639,,,,
10,,,21639,,0.07674284279346466,,
,,0.001,21649,,,,
10,,,21649,,0.07500506192445755,,
,,0.001,21659,,,,
10,,,21659,,0.07067307829856873,,
,,0.001,21669,,,,
10,,,21669,,0.07252290099859238,,
,,0.001,21679,,,,
10,,,21679,,0.07370453327894211,,
,,0.001,21689,,,,
10,,,21689,,0.07494085282087326,,
,,0.001,21699,,,,
10,,,21699,,0.07484684884548187,,
,,0.001,21709,,,,
10,,,21709,,0.0724588930606842,,
,,0.001,21719,,,,
10,,,21719,,0.07711520791053772,,
,,0.001,21729,,,,
10,,,21729,,0.07263180613517761,,
,,0.001,21739,,,,
10,,,21739,,0.07248028367757797,,
,,0.001,21749,,,,
10,,,21749,,0.07405897974967957,,
,,0.001,21759,,,,
10,,,21759,,0.07363416999578476,,
,,0.001,21769,,,,
10,,,21769,,0.07330476492643356,,
,,0.001,21779,,,,
10,,,21779,,0.07166031748056412,,
,,0.001,21789,,,,
10,,,21789,,0.07316167652606964,,
,,0.001,21799,,,,
10,,,21799,,0.07308005541563034,,
,,0.001,21809,,,,
10,,,21809,,0.07403962314128876,,
,,0.001,21819,,,,
10,,,21819,,0.07095525413751602,,
,,0.001,21829,,,,
10,,,21829,,0.0725414827466011,,
,,0.001,21839,,,,
10,,,21839,,0.07107570767402649,,
,,0.001,21849,,,,
10,,,21849,,0.07286833226680756,,
,,0.001,21859,,,,
10,,,21859,,0.07518531382083893,,
,,0.001,21869,,,,
10,,,21869,,0.07548774778842926,,
,,0.001,21879,,,,
10,,,21879,,0.0751597136259079,,
,,0.001,21889,,,,
10,,,21889,,0.073910653591156,,
,,0.001,21899,,,,
10,,,21899,,0.06804098188877106,,
,,0.001,21909,,,,
10,,,21909,,0.071247898042202,,
,,0.001,21919,,,,
10,,,21919,,0.07200171798467636,,
,,0.001,21929,,,,
10,,,21929,,0.074517622590065,,
,,0.001,21939,,,,
10,,,21939,,0.07686160504817963,,
,,0.001,21949,,,,
10,,,21949,,0.0754227340221405,,
,,0.001,21959,,,,
10,,,21959,,0.07578525692224503,,
,,0.001,21969,,,,
10,,,21969,,0.07367794215679169,,
,,0.001,21979,,,,
10,,,21979,,0.07249068468809128,,
,,0.001,21989,,,,
10,,,21989,,0.07388429343700409,,
,,0.001,21999,,,,
10,,,21999,,0.07271469384431839,,
,,,500,,,,0.07333693653345108
,,,501,,,,0.07486900687217712
,,,502,,,,0.07266326248645782
,,,503,,,,0.07318101823329926
,,,504,,,,0.07353982329368591
,,,505,,,,0.07291680574417114
,,,506,,,,0.0749490037560463
,,,507,,,,0.07301218807697296
,,,508,,,,0.07428226619958878
,,,509,,,,0.07360239326953888
,,,510,,,,0.07370523363351822
,,,511,,,,0.07352245599031448
,,,512,,,,0.0751664936542511
,,,513,,,,0.0744641125202179
,,,514,,,,0.07453638315200806
,,,515,,,,0.07568113505840302
,,,516,,,,0.07261776179075241
,,,517,,,,0.07228332757949829
,,,518,,,,0.07399945706129074
,,,519,,,,0.07389023900032043
,,,520,,,,0.07460521161556244
,,,521,,,,0.07387521117925644
,,,522,,,,0.07326678186655045
,,,523,,,,0.07370911538600922
,,,524,,,,0.07333574444055557
,,,525,,,,0.07321098446846008
,,,526,,,,0.07447086274623871
,,,527,,,,0.0730128288269043
,,,528,,,,0.07355760037899017
,,,529,,,,0.07256732881069183
,,,530,,,,0.07300686836242676
,,,531,,,,0.073111392557621
,,,532,,,,0.07265160232782364
,,,533,,,,0.07255221903324127
,,,534,,,,0.07442833483219147
,,,535,,,,0.07280013710260391
,,,536,,,,0.07321906089782715
,,,537,,,,0.0741388201713562
,,,538,,,,0.07337803393602371
,,,539,,,,0.07298996299505234
,,,540,,,,0.07447800040245056
,,,541,,,,0.07269702851772308
,,,542,,,,0.07230332493782043
,,,543,,,,0.07312291860580444
,,,544,,,,0.0725105032324791
,,,545,,,,0.07259485870599747
,,,546,,,,0.07228931039571762
,,,547,,,,0.07286988943815231
,,,548,,,,0.07356764376163483
,,,549,,,,0.073300302028656
10,,,21999,,,0.07347682118415833,
10,8.471163749694824,,21999,0.07362399995326996,,,
,,0.001,22009,,,,
11,,,22009,,0.0743219256401062,,
,,0.001,22019,,,,
11,,,22019,,0.07008610665798187,,
,,0.001,22029,,,,
11,,,22029,,0.07485772669315338,,
,,0.001,22039,,,,
11,,,22039,,0.07215085625648499,,
,,0.001,22049,,,,
11,,,22049,,0.07637906819581985,,
,,0.001,22059,,,,
11,,,22059,,0.0753362700343132,,
,,0.001,22069,,,,
11,,,22069,,0.07390881329774857,,
,,0.001,22079,,,,
11,,,22079,,0.0747295692563057,,
,,0.001,22089,,,,
11,,,22089,,0.07425535470247269,,
,,0.001,22099,,,,
11,,,22099,,0.0776687040925026,,
,,0.001,22109,,,,
11,,,22109,,0.07097376137971878,,
,,0.001,22119,,,,
11,,,22119,,0.07401883602142334,,
,,0.001,22129,,,,
11,,,22129,,0.07259705662727356,,
,,0.001,22139,,,,
11,,,22139,,0.07495550811290741,,
,,0.001,22149,,,,
11,,,22149,,0.07394946366548538,,
,,0.001,22159,,,,
11,,,22159,,0.07602117210626602,,
,,0.001,22169,,,,
11,,,22169,,0.07432904094457626,,
,,0.001,22179,,,,
11,,,22179,,0.07324294745922089,,
,,0.001,22189,,,,
11,,,22189,,0.07375972718000412,,
,,0.001,22199,,,,
11,,,22199,,0.07378803193569183,,
,,0.001,22209,,,,
11,,,22209,,0.07595987617969513,,
,,0.001,22219,,,,
11,,,22219,,0.07034489512443542,,
,,0.001,22229,,,,
11,,,22229,,0.07286226004362106,,
,,0.001,22239,,,,
11,,,22239,,0.073086217045784,,
,,0.001,22249,,,,
11,,,22249,,0.07440820336341858,,
,,0.001,22259,,,,
11,,,22259,,0.07296441495418549,,
,,0.001,22269,,,,
11,,,22269,,0.07149436324834824,,
,,0.001,22279,,,,
11,,,22279,,0.07217445969581604,,
,,0.001,22289,,,,
11,,,22289,,0.07265101373195648,,
,,0.001,22299,,,,
11,,,22299,,0.07495385408401489,,
,,0.001,22309,,,,
11,,,22309,,0.07198274880647659,,
,,0.001,22319,,,,
11,,,22319,,0.07408083975315094,,
,,0.001,22329,,,,
11,,,22329,,0.07149636000394821,,
,,0.001,22339,,,,
11,,,22339,,0.07219333201646805,,
,,0.001,22349,,,,
11,,,22349,,0.07084346562623978,,
,,0.001,22359,,,,
11,,,22359,,0.07127772271633148,,
,,0.001,22369,,,,
11,,,22369,,0.07049299031496048,,
,,0.001,22379,,,,
11,,,22379,,0.07376694679260254,,
,,0.001,22389,,,,
11,,,22389,,0.06998609006404877,,
,,0.001,22399,,,,
11,,,22399,,0.0740218311548233,,
,,0.001,22409,,,,
11,,,22409,,0.07229290902614594,,
,,0.001,22419,,,,
11,,,22419,,0.07012231647968292,,
,,0.001,22429,,,,
11,,,22429,,0.07378514111042023,,
,,0.001,22439,,,,
11,,,22439,,0.0711473599076271,,
,,0.001,22449,,,,
11,,,22449,,0.07375927269458771,,
,,0.001,22459,,,,
11,,,22459,,0.07260072976350784,,
,,0.001,22469,,,,
11,,,22469,,0.0736636221408844,,
,,0.001,22479,,,,
11,,,22479,,0.07150578498840332,,
,,0.001,22489,,,,
11,,,22489,,0.07915796339511871,,
,,0.001,22499,,,,
11,,,22499,,0.0709834098815918,,
,,0.001,22509,,,,
11,,,22509,,0.0728273093700409,,
,,0.001,22519,,,,
11,,,22519,,0.06866325438022614,,
,,0.001,22529,,,,
11,,,22529,,0.071421779692173,,
,,0.001,22539,,,,
11,,,22539,,0.07575025409460068,,
,,0.001,22549,,,,
11,,,22549,,0.07469487190246582,,
,,0.001,22559,,,,
11,,,22559,,0.0741896852850914,,
,,0.001,22569,,,,
11,,,22569,,0.07287117093801498,,
,,0.001,22579,,,,
11,,,22579,,0.07515823841094971,,
,,0.001,22589,,,,
11,,,22589,,0.07239927351474762,,
,,0.001,22599,,,,
11,,,22599,,0.07270371913909912,,
,,0.001,22609,,,,
11,,,22609,,0.07211347669363022,,
,,0.001,22619,,,,
11,,,22619,,0.07418251037597656,,
,,0.001,22629,,,,
11,,,22629,,0.07488201558589935,,
,,0.001,22639,,,,
11,,,22639,,0.06774142384529114,,
,,0.001,22649,,,,
11,,,22649,,0.07259579747915268,,
,,0.001,22659,,,,
11,,,22659,,0.07166963070631027,,
,,0.001,22669,,,,
11,,,22669,,0.07383329421281815,,
,,0.001,22679,,,,
11,,,22679,,0.07538828253746033,,
,,0.001,22689,,,,
11,,,22689,,0.07120189070701599,,
,,0.001,22699,,,,
11,,,22699,,0.07264545559883118,,
,,0.001,22709,,,,
11,,,22709,,0.07666036486625671,,
,,0.001,22719,,,,
11,,,22719,,0.07261356711387634,,
,,0.001,22729,,,,
11,,,22729,,0.07165800034999847,,
,,0.001,22739,,,,
11,,,22739,,0.07301211357116699,,
,,0.001,22749,,,,
11,,,22749,,0.07106760144233704,,
,,0.001,22759,,,,
11,,,22759,,0.07086347043514252,,
,,0.001,22769,,,,
11,,,22769,,0.07170653343200684,,
,,0.001,22779,,,,
11,,,22779,,0.07077445089817047,,
,,0.001,22789,,,,
11,,,22789,,0.073271743953228,,
,,0.001,22799,,,,
11,,,22799,,0.07081004977226257,,
,,0.001,22809,,,,
11,,,22809,,0.07264386862516403,,
,,0.001,22819,,,,
11,,,22819,,0.07362117618322372,,
,,0.001,22829,,,,
11,,,22829,,0.07209552824497223,,
,,0.001,22839,,,,
11,,,22839,,0.07553137093782425,,
,,0.001,22849,,,,
11,,,22849,,0.0712028443813324,,
,,0.001,22859,,,,
11,,,22859,,0.07642862200737,,
,,0.001,22869,,,,
11,,,22869,,0.07594405859708786,,
,,0.001,22879,,,,
11,,,22879,,0.07374925911426544,,
,,0.001,22889,,,,
11,,,22889,,0.07084809243679047,,
,,0.001,22899,,,,
11,,,22899,,0.07116501033306122,,
,,0.001,22909,,,,
11,,,22909,,0.07556319236755371,,
,,0.001,22919,,,,
11,,,22919,,0.07019474357366562,,
,,0.001,22929,,,,
11,,,22929,,0.07219800353050232,,
,,0.001,22939,,,,
11,,,22939,,0.07374078035354614,,
,,0.001,22949,,,,
11,,,22949,,0.07185327261686325,,
,,0.001,22959,,,,
11,,,22959,,0.07571781426668167,,
,,0.001,22969,,,,
11,,,22969,,0.07279977202415466,,
,,0.001,22979,,,,
11,,,22979,,0.07218241691589355,,
,,0.001,22989,,,,
11,,,22989,,0.07045202702283859,,
,,0.001,22999,,,,
11,,,22999,,0.0731930136680603,,
,,0.001,23009,,,,
11,,,23009,,0.07235760986804962,,
,,0.001,23019,,,,
11,,,23019,,0.07186026871204376,,
,,0.001,23029,,,,
11,,,23029,,0.06857576966285706,,
,,0.001,23039,,,,
11,,,23039,,0.07268635183572769,,
,,0.001,23049,,,,
11,,,23049,,0.07194206118583679,,
,,0.001,23059,,,,
11,,,23059,,0.0723479613661766,,
,,0.001,23069,,,,
11,,,23069,,0.07631047070026398,,
,,0.001,23079,,,,
11,,,23079,,0.07262923568487167,,
,,0.001,23089,,,,
11,,,23089,,0.07372473180294037,,
,,0.001,23099,,,,
11,,,23099,,0.07567349076271057,,
,,0.001,23109,,,,
11,,,23109,,0.0725582093000412,,
,,0.001,23119,,,,
11,,,23119,,0.07357943058013916,,
,,0.001,23129,,,,
11,,,23129,,0.07354063540697098,,
,,0.001,23139,,,,
11,,,23139,,0.07355529814958572,,
,,0.001,23149,,,,
11,,,23149,,0.07322381436824799,,
,,0.001,23159,,,,
11,,,23159,,0.07500789314508438,,
,,0.001,23169,,,,
11,,,23169,,0.07096230983734131,,
,,0.001,23179,,,,
11,,,23179,,0.07224639505147934,,
,,0.001,23189,,,,
11,,,23189,,0.07166079431772232,,
,,0.001,23199,,,,
11,,,23199,,0.07224836945533752,,
,,0.001,23209,,,,
11,,,23209,,0.07215265929698944,,
,,0.001,23219,,,,
11,,,23219,,0.07605867087841034,,
,,0.001,23229,,,,
11,,,23229,,0.07274364680051804,,
,,0.001,23239,,,,
11,,,23239,,0.07302310317754745,,
,,0.001,23249,,,,
11,,,23249,,0.07288842648267746,,
,,0.001,23259,,,,
11,,,23259,,0.07623856514692307,,
,,0.001,23269,,,,
11,,,23269,,0.07325883209705353,,
,,0.001,23279,,,,
11,,,23279,,0.07486991584300995,,
,,0.001,23289,,,,
11,,,23289,,0.07316678762435913,,
,,0.001,23299,,,,
11,,,23299,,0.0713595524430275,,
,,0.001,23309,,,,
11,,,23309,,0.0706198439002037,,
,,0.001,23319,,,,
11,,,23319,,0.07197030633687973,,
,,0.001,23329,,,,
11,,,23329,,0.07198856770992279,,
,,0.001,23339,,,,
11,,,23339,,0.06927324086427689,,
,,0.001,23349,,,,
11,,,23349,,0.07158131152391434,,
,,0.001,23359,,,,
11,,,23359,,0.07288839668035507,,
,,0.001,23369,,,,
11,,,23369,,0.07560712099075317,,
,,0.001,23379,,,,
11,,,23379,,0.07349520176649094,,
,,0.001,23389,,,,
11,,,23389,,0.07408500462770462,,
,,0.001,23399,,,,
11,,,23399,,0.07269888371229172,,
,,0.001,23409,,,,
11,,,23409,,0.07255540043115616,,
,,0.001,23419,,,,
11,,,23419,,0.0748150646686554,,
,,0.001,23429,,,,
11,,,23429,,0.0745345950126648,,
,,0.001,23439,,,,
11,,,23439,,0.07217919081449509,,
,,0.001,23449,,,,
11,,,23449,,0.0699218288064003,,
,,0.001,23459,,,,
11,,,23459,,0.07289472967386246,,
,,0.001,23469,,,,
11,,,23469,,0.07083982229232788,,
,,0.001,23479,,,,
11,,,23479,,0.07422247529029846,,
,,0.001,23489,,,,
11,,,23489,,0.07058843970298767,,
,,0.001,23499,,,,
11,,,23499,,0.07175523042678833,,
,,0.001,23509,,,,
11,,,23509,,0.07048587501049042,,
,,0.001,23519,,,,
11,,,23519,,0.0700671598315239,,
,,0.001,23529,,,,
11,,,23529,,0.07066895812749863,,
,,0.001,23539,,,,
11,,,23539,,0.07126917690038681,,
,,0.001,23549,,,,
11,,,23549,,0.07388084381818771,,
,,0.001,23559,,,,
11,,,23559,,0.07314082980155945,,
,,0.001,23569,,,,
11,,,23569,,0.07566606253385544,,
,,0.001,23579,,,,
11,,,23579,,0.07377098500728607,,
,,0.001,23589,,,,
11,,,23589,,0.07480056583881378,,
,,0.001,23599,,,,
11,,,23599,,0.07104146480560303,,
,,0.001,23609,,,,
11,,,23609,,0.07655186951160431,,
,,0.001,23619,,,,
11,,,23619,,0.07307744771242142,,
,,0.001,23629,,,,
11,,,23629,,0.071870818734169,,
,,0.001,23639,,,,
11,,,23639,,0.07303277403116226,,
,,0.001,23649,,,,
11,,,23649,,0.07486463338136673,,
,,0.001,23659,,,,
11,,,23659,,0.07384376227855682,,
,,0.001,23669,,,,
11,,,23669,,0.07166753709316254,,
,,0.001,23679,,,,
11,,,23679,,0.0697154700756073,,
,,0.001,23689,,,,
11,,,23689,,0.07373575121164322,,
,,0.001,23699,,,,
11,,,23699,,0.07341448217630386,,
,,0.001,23709,,,,
11,,,23709,,0.07453273981809616,,
,,0.001,23719,,,,
11,,,23719,,0.07453898340463638,,
,,0.001,23729,,,,
11,,,23729,,0.07113411277532578,,
,,0.001,23739,,,,
11,,,23739,,0.0710211843252182,,
,,0.001,23749,,,,
11,,,23749,,0.07067940384149551,,
,,0.001,23759,,,,
11,,,23759,,0.07278823107481003,,
,,0.001,23769,,,,
11,,,23769,,0.07371743023395538,,
,,0.001,23779,,,,
11,,,23779,,0.07190874218940735,,
,,0.001,23789,,,,
11,,,23789,,0.07269500195980072,,
,,0.001,23799,,,,
11,,,23799,,0.06905163824558258,,
,,0.001,23809,,,,
11,,,23809,,0.07088598608970642,,
,,0.001,23819,,,,
11,,,23819,,0.07261602580547333,,
,,0.001,23829,,,,
11,,,23829,,0.0714392215013504,,
,,0.001,23839,,,,
11,,,23839,,0.07084720581769943,,
,,0.001,23849,,,,
11,,,23849,,0.07241859287023544,,
,,0.001,23859,,,,
11,,,23859,,0.07201852649450302,,
,,0.001,23869,,,,
11,,,23869,,0.07236479222774506,,
,,0.001,23879,,,,
11,,,23879,,0.07040692865848541,,
,,0.001,23889,,,,
11,,,23889,,0.071604423224926,,
,,0.001,23899,,,,
11,,,23899,,0.07225575298070908,,
,,0.001,23909,,,,
11,,,23909,,0.07132261246442795,,
,,0.001,23919,,,,
11,,,23919,,0.0727413073182106,,
,,0.001,23929,,,,
11,,,23929,,0.07528278231620789,,
,,0.001,23939,,,,
11,,,23939,,0.07007193565368652,,
,,0.001,23949,,,,
11,,,23949,,0.07314367592334747,,
,,0.001,23959,,,,
11,,,23959,,0.07709003239870071,,
,,0.001,23969,,,,
11,,,23969,,0.06977245211601257,,
,,0.001,23979,,,,
11,,,23979,,0.07536760717630386,,
,,0.001,23989,,,,
11,,,23989,,0.07348937541246414,,
,,0.001,23999,,,,
11,,,23999,,0.0705360546708107,,
,,,550,,,,0.07187607884407043
,,,551,,,,0.07373600453138351
,,,552,,,,0.07087166607379913
,,,553,,,,0.07151569426059723
,,,554,,,,0.07176218926906586
,,,555,,,,0.07113780826330185
,,,556,,,,0.07306262105703354
,,,557,,,,0.0713549330830574
,,,558,,,,0.07219494879245758
,,,559,,,,0.07186004519462585
,,,560,,,,0.07184984534978867
,,,561,,,,0.071708083152771
,,,562,,,,0.07363907992839813
,,,563,,,,0.07278469204902649
,,,564,,,,0.07274709641933441
,,,565,,,,0.07367949187755585
,,,566,,,,0.07076772302389145
,,,567,,,,0.0701839029788971
,,,568,,,,0.07215938717126846
,,,569,,,,0.07243344932794571
,,,570,,,,0.07285153865814209
,,,571,,,,0.0718875378370285
,,,572,,,,0.07152000814676285
,,,573,,,,0.07199916988611221
,,,574,,,,0.07164335995912552
,,,575,,,,0.07160070538520813
,,,576,,,,0.07252627611160278
,,,577,,,,0.0710776224732399
,,,578,,,,0.0718943178653717
,,,579,,,,0.0710270032286644
,,,580,,,,0.07078825682401657
,,,581,,,,0.0715833231806755
,,,582,,,,0.07121032476425171
,,,583,,,,0.07053235173225403
,,,584,,,,0.07267121225595474
,,,585,,,,0.07100534439086914
,,,586,,,,0.07134722918272018
,,,587,,,,0.07235487550497055
,,,588,,,,0.07185527682304382
,,,589,,,,0.07126134634017944
,,,590,,,,0.07266870886087418
,,,591,,,,0.07123266905546188
,,,592,,,,0.07094773650169373
,,,593,,,,0.07131794095039368
,,,594,,,,0.07096894830465317
,,,595,,,,0.0707155242562294
,,,596,,,,0.07103848457336426
,,,597,,,,0.07114879786968231
,,,598,,,,0.07175185531377792
,,,599,,,,0.07137728482484818
11,,,23999,,,0.07174259424209595,
11,8.518853187561035,,23999,0.07275336980819702,,,
,,0.001,24009,,,,
12,,,24009,,0.07130559533834457,,
,,0.001,24019,,,,
12,,,24019,,0.07048552483320236,,
,,0.001,24029,,,,
12,,,24029,,0.07484155893325806,,
,,0.001,24039,,,,
12,,,24039,,0.07719078660011292,,
,,0.001,24049,,,,
12,,,24049,,0.07249423116445541,,
,,0.001,24059,,,,
12,,,24059,,0.07151065021753311,,
,,0.001,24069,,,,
12,,,24069,,0.07124558836221695,,
,,0.001,24079,,,,
12,,,24079,,0.07217492908239365,,
,,0.001,24089,,,,
12,,,24089,,0.07442174851894379,,
,,0.001,24099,,,,
12,,,24099,,0.07832879573106766,,
,,0.001,24109,,,,
12,,,24109,,0.07676658779382706,,
,,0.001,24119,,,,
12,,,24119,,0.07385019212961197,,
,,0.001,24129,,,,
12,,,24129,,0.06878960132598877,,
,,0.001,24139,,,,
12,,,24139,,0.07545077800750732,,
,,0.001,24149,,,,
12,,,24149,,0.07283838093280792,,
,,0.001,24159,,,,
12,,,24159,,0.0709974467754364,,
,,0.001,24169,,,,
12,,,24169,,0.07418913394212723,,
,,0.001,24179,,,,
12,,,24179,,0.06959299743175507,,
,,0.001,24189,,,,
12,,,24189,,0.07230816781520844,,
,,0.001,24199,,,,
12,,,24199,,0.07217027246952057,,
,,0.001,24209,,,,
12,,,24209,,0.07274362444877625,,
,,0.001,24219,,,,
12,,,24219,,0.06919538974761963,,
,,0.001,24229,,,,
12,,,24229,,0.07124628126621246,,
,,0.001,24239,,,,
12,,,24239,,0.07225776463747025,,
,,0.001,24249,,,,
12,,,24249,,0.07140735536813736,,
,,0.001,24259,,,,
12,,,24259,,0.07127785682678223,,
,,0.001,24269,,,,
12,,,24269,,0.07266631722450256,,
,,0.001,24279,,,,
12,,,24279,,0.07141049206256866,,
,,0.001,24289,,,,
12,,,24289,,0.07260113209486008,,
,,0.001,24299,,,,
12,,,24299,,0.07442929595708847,,
,,0.001,24309,,,,
12,,,24309,,0.07560808211565018,,
,,0.001,24319,,,,
12,,,24319,,0.0702616423368454,,
,,0.001,24329,,,,
12,,,24329,,0.07505494356155396,,
,,0.001,24339,,,,
12,,,24339,,0.07446654140949249,,
,,0.001,24349,,,,
12,,,24349,,0.07280059158802032,,
,,0.001,24359,,,,
12,,,24359,,0.07250405848026276,,
,,0.001,24369,,,,
12,,,24369,,0.06891924887895584,,
,,0.001,24379,,,,
12,,,24379,,0.07512159645557404,,
,,0.001,24389,,,,
12,,,24389,,0.07269428670406342,,
,,0.001,24399,,,,
12,,,24399,,0.07572706043720245,,
,,0.001,24409,,,,
12,,,24409,,0.07261678576469421,,
,,0.001,24419,,,,
12,,,24419,,0.07326957583427429,,
,,0.001,24429,,,,
12,,,24429,,0.07419395446777344,,
,,0.001,24439,,,,
12,,,24439,,0.06941238790750504,,
,,0.001,24449,,,,
12,,,24449,,0.07153460383415222,,
,,0.001,24459,,,,
12,,,24459,,0.07296277582645416,,
,,0.001,24469,,,,
12,,,24469,,0.07216174155473709,,
,,0.001,24479,,,,
12,,,24479,,0.07050033658742905,,
,,0.001,24489,,,,
12,,,24489,,0.0720009058713913,,
,,0.001,24499,,,,
12,,,24499,,0.07573258131742477,,
,,0.001,24509,,,,
12,,,24509,,0.0720846951007843,,
,,0.001,24519,,,,
12,,,24519,,0.07258275151252747,,
,,0.001,24529,,,,
12,,,24529,,0.0720735639333725,,
,,0.001,24539,,,,
12,,,24539,,0.07262477278709412,,
,,0.001,24549,,,,
12,,,24549,,0.0738266110420227,,
,,0.001,24559,,,,
12,,,24559,,0.07346255332231522,,
,,0.001,24569,,,,
12,,,24569,,0.0729728415608406,,
,,0.001,24579,,,,
12,,,24579,,0.07326075434684753,,
,,0.001,24589,,,,
12,,,24589,,0.07174481451511383,,
,,0.001,24599,,,,
12,,,24599,,0.07222431898117065,,
,,0.001,24609,,,,
12,,,24609,,0.07194428890943527,,
,,0.001,24619,,,,
12,,,24619,,0.06928503513336182,,
,,0.001,24629,,,,
12,,,24629,,0.07360503077507019,,
,,0.001,24639,,,,
12,,,24639,,0.07348217070102692,,
,,0.001,24649,,,,
12,,,24649,,0.07014068961143494,,
,,0.001,24659,,,,
12,,,24659,,0.0705842524766922,,
,,0.001,24669,,,,
12,,,24669,,0.0723789781332016,,
,,0.001,24679,,,,
12,,,24679,,0.07069799304008484,,
,,0.001,24689,,,,
12,,,24689,,0.07366858422756195,,
,,0.001,24699,,,,
12,,,24699,,0.07264406979084015,,
,,0.001,24709,,,,
12,,,24709,,0.07371395081281662,,
,,0.001,24719,,,,
12,,,24719,,0.07517142593860626,,
,,0.001,24729,,,,
12,,,24729,,0.07095972448587418,,
,,0.001,24739,,,,
12,,,24739,,0.07316336035728455,,
,,0.001,24749,,,,
12,,,24749,,0.07039827853441238,,
,,0.001,24759,,,,
12,,,24759,,0.06845320761203766,,
,,0.001,24769,,,,
12,,,24769,,0.07163620740175247,,
,,0.001,24779,,,,
12,,,24779,,0.0739874392747879,,
,,0.001,24789,,,,
12,,,24789,,0.07159699499607086,,
,,0.001,24799,,,,
12,,,24799,,0.0736655592918396,,
,,0.001,24809,,,,
12,,,24809,,0.07066334038972855,,
,,0.001,24819,,,,
12,,,24819,,0.07225732505321503,,
,,0.001,24829,,,,
12,,,24829,,0.07425625622272491,,
,,0.001,24839,,,,
12,,,24839,,0.07284751534461975,,
,,0.001,24849,,,,
12,,,24849,,0.07253005355596542,,
,,0.001,24859,,,,
12,,,24859,,0.06941714137792587,,
,,0.001,24869,,,,
12,,,24869,,0.07316811382770538,,
,,0.001,24879,,,,
12,,,24879,,0.06971241533756256,,
,,0.001,24889,,,,
12,,,24889,,0.07289612293243408,,
,,0.001,24899,,,,
12,,,24899,,0.07276661694049835,,
,,0.001,24909,,,,
12,,,24909,,0.07145418226718903,,
,,0.001,24919,,,,
12,,,24919,,0.07003577053546906,,
,,0.001,24929,,,,
12,,,24929,,0.07121077179908752,,
,,0.001,24939,,,,
12,,,24939,,0.07068126648664474,,
,,0.001,24949,,,,
12,,,24949,,0.07169065624475479,,
,,0.001,24959,,,,
12,,,24959,,0.07235010713338852,,
,,0.001,24969,,,,
12,,,24969,,0.0748981237411499,,
,,0.001,24979,,,,
12,,,24979,,0.07554499059915543,,
,,0.001,24989,,,,
12,,,24989,,0.07251483201980591,,
,,0.001,24999,,,,
12,,,24999,,0.07454010099172592,,
,,0.001,25009,,,,
12,,,25009,,0.07254212349653244,,
,,0.001,25019,,,,
12,,,25019,,0.07112542539834976,,
,,0.001,25029,,,,
12,,,25029,,0.06983484327793121,,
,,0.001,25039,,,,
12,,,25039,,0.0702395960688591,,
,,0.001,25049,,,,
12,,,25049,,0.07068940252065659,,
,,0.001,25059,,,,
12,,,25059,,0.0696534588932991,,
,,0.001,25069,,,,
12,,,25069,,0.07415617257356644,,
,,0.001,25079,,,,
12,,,25079,,0.07106583565473557,,
,,0.001,25089,,,,
12,,,25089,,0.069992296397686,,
,,0.001,25099,,,,
12,,,25099,,0.07260674238204956,,
,,0.001,25109,,,,
12,,,25109,,0.07026432454586029,,
,,0.001,25119,,,,
12,,,25119,,0.07657283544540405,,
,,0.001,25129,,,,
12,,,25129,,0.07319143414497375,,
,,0.001,25139,,,,
12,,,25139,,0.07304351031780243,,
,,0.001,25149,,,,
12,,,25149,,0.07567042112350464,,
,,0.001,25159,,,,
12,,,25159,,0.07593731582164764,,
,,0.001,25169,,,,
12,,,25169,,0.07465319335460663,,
,,0.001,25179,,,,
12,,,25179,,0.07184188812971115,,
,,0.001,25189,,,,
12,,,25189,,0.06713579595088959,,
,,0.001,25199,,,,
12,,,25199,,0.07500626891851425,,
,,0.001,25209,,,,
12,,,25209,,0.07333704084157944,,
,,0.001,25219,,,,
12,,,25219,,0.07407155632972717,,
,,0.001,25229,,,,
12,,,25229,,0.07265079766511917,,
,,0.001,25239,,,,
12,,,25239,,0.07081135362386703,,
,,0.001,25249,,,,
12,,,25249,,0.07395943254232407,,
,,0.001,25259,,,,
12,,,25259,,0.07239734381437302,,
,,0.001,25269,,,,
12,,,25269,,0.06990714371204376,,
,,0.001,25279,,,,
12,,,25279,,0.07437700778245926,,
,,0.001,25289,,,,
12,,,25289,,0.07188107818365097,,
,,0.001,25299,,,,
12,,,25299,,0.07079385221004486,,
,,0.001,25309,,,,
12,,,25309,,0.07126413285732269,,
,,0.001,25319,,,,
12,,,25319,,0.07488342374563217,,
,,0.001,25329,,,,
12,,,25329,,0.07237067073583603,,
,,0.001,25339,,,,
12,,,25339,,0.07094670832157135,,
,,0.001,25349,,,,
12,,,25349,,0.07188107818365097,,
,,0.001,25359,,,,
12,,,25359,,0.07181890308856964,,
,,0.001,25369,,,,
12,,,25369,,0.0744626522064209,,
,,0.001,25379,,,,
12,,,25379,,0.0731440857052803,,
,,0.001,25389,,,,
12,,,25389,,0.06933944672346115,,
,,0.001,25399,,,,
12,,,25399,,0.07059124112129211,,
,,0.001,25409,,,,
12,,,25409,,0.07591771334409714,,
,,0.001,25419,,,,
12,,,25419,,0.07487775385379791,,
,,0.001,25429,,,,
12,,,25429,,0.0752539336681366,,
,,0.001,25439,,,,
12,,,25439,,0.07426514476537704,,
,,0.001,25449,,,,
12,,,25449,,0.06916800886392593,,
,,0.001,25459,,,,
12,,,25459,,0.07449105381965637,,
,,0.001,25469,,,,
12,,,25469,,0.07490018010139465,,
,,0.001,25479,,,,
12,,,25479,,0.07504928112030029,,
,,0.001,25489,,,,
12,,,25489,,0.07175421714782715,,
,,0.001,25499,,,,
12,,,25499,,0.0763484537601471,,
,,0.001,25509,,,,
12,,,25509,,0.07037630677223206,,
,,0.001,25519,,,,
12,,,25519,,0.07071226090192795,,
,,0.001,25529,,,,
12,,,25529,,0.06977665424346924,,
,,0.001,25539,,,,
12,,,25539,,0.07266736030578613,,
,,0.001,25549,,,,
12,,,25549,,0.07351278513669968,,
,,0.001,25559,,,,
12,,,25559,,0.07193396985530853,,
,,0.001,25569,,,,
12,,,25569,,0.06968910992145538,,
,,0.001,25579,,,,
12,,,25579,,0.07198106497526169,,
,,0.001,25589,,,,
12,,,25589,,0.07257664948701859,,
,,0.001,25599,,,,
12,,,25599,,0.07197883725166321,,
,,0.001,25609,,,,
12,,,25609,,0.07178619503974915,,
,,0.001,25619,,,,
12,,,25619,,0.06925973296165466,,
,,0.001,25629,,,,
12,,,25629,,0.07075425982475281,,
,,0.001,25639,,,,
12,,,25639,,0.07355080544948578,,
,,0.001,25649,,,,
12,,,25649,,0.07436615228652954,,
,,0.001,25659,,,,
12,,,25659,,0.07118600606918335,,
,,0.001,25669,,,,
12,,,25669,,0.07063820213079453,,
,,0.001,25679,,,,
12,,,25679,,0.07446642965078354,,
,,0.001,25689,,,,
12,,,25689,,0.0719694197177887,,
,,0.001,25699,,,,
12,,,25699,,0.07669167965650558,,
,,0.001,25709,,,,
12,,,25709,,0.07620719820261002,,
,,0.001,25719,,,,
12,,,25719,,0.0721513032913208,,
,,0.001,25729,,,,
12,,,25729,,0.07160291820764542,,
,,0.001,25739,,,,
12,,,25739,,0.0725860595703125,,
,,0.001,25749,,,,
12,,,25749,,0.07523122429847717,,
,,0.001,25759,,,,
12,,,25759,,0.0721915140748024,,
,,0.001,25769,,,,
12,,,25769,,0.06895130127668381,,
,,0.001,25779,,,,
12,,,25779,,0.07244185358285904,,
,,0.001,25789,,,,
12,,,25789,,0.07109686732292175,,
,,0.001,25799,,,,
12,,,25799,,0.07390263676643372,,
,,0.001,25809,,,,
12,,,25809,,0.07313215732574463,,
,,0.001,25819,,,,
12,,,25819,,0.0697953850030899,,
,,0.001,25829,,,,
12,,,25829,,0.07057493925094604,,
,,0.001,25839,,,,
12,,,25839,,0.07152224332094193,,
,,0.001,25849,,,,
12,,,25849,,0.07450148463249207,,
,,0.001,25859,,,,
12,,,25859,,0.07254832237958908,,
,,0.001,25869,,,,
12,,,25869,,0.07263489812612534,,
,,0.001,25879,,,,
12,,,25879,,0.0735231339931488,,
,,0.001,25889,,,,
12,,,25889,,0.07302406430244446,,
,,0.001,25899,,,,
12,,,25899,,0.06859008967876434,,
,,0.001,25909,,,,
12,,,25909,,0.07088322937488556,,
,,0.001,25919,,,,
12,,,25919,,0.07055847346782684,,
,,0.001,25929,,,,
12,,,25929,,0.07025747001171112,,
,,0.001,25939,,,,
12,,,25939,,0.07185381650924683,,
,,0.001,25949,,,,
12,,,25949,,0.07296837866306305,,
,,0.001,25959,,,,
12,,,25959,,0.0689205601811409,,
,,0.001,25969,,,,
12,,,25969,,0.07046929746866226,,
,,0.001,25979,,,,
12,,,25979,,0.07232365757226944,,
,,0.001,25989,,,,
12,,,25989,,0.0739460214972496,,
,,0.001,25999,,,,
12,,,25999,,0.07228448987007141,,
,,,600,,,,0.07169880717992783
,,,601,,,,0.07292255014181137
,,,602,,,,0.07046115398406982
,,,603,,,,0.07094969600439072
,,,604,,,,0.07171052694320679
,,,605,,,,0.07092743366956711
,,,606,,,,0.07282625138759613
,,,607,,,,0.07116793096065521
,,,608,,,,0.07234705984592438
,,,609,,,,0.07198168337345123
,,,610,,,,0.0714702382683754
,,,611,,,,0.07131604850292206
,,,612,,,,0.07328404486179352
,,,613,,,,0.072564035654068
,,,614,,,,0.07251490652561188
,,,615,,,,0.0732695534825325
,,,616,,,,0.07076624035835266
,,,617,,,,0.0699131116271019
,,,618,,,,0.07193028926849365
,,,619,,,,0.07176275551319122
,,,620,,,,0.07298746705055237
,,,621,,,,0.0717325434088707
,,,622,,,,0.07131365686655045
,,,623,,,,0.07179015874862671
,,,624,,,,0.07134304940700531
,,,625,,,,0.07144338637590408
,,,626,,,,0.072090744972229
,,,627,,,,0.07103940844535828
,,,628,,,,0.07170187681913376
,,,629,,,,0.0706871971487999
,,,630,,,,0.07100130617618561
,,,631,,,,0.07117787003517151
,,,632,,,,0.07077495753765106
,,,633,,,,0.07074045389890671
,,,634,,,,0.07268557697534561
,,,635,,,,0.07090337574481964
,,,636,,,,0.07155359536409378
,,,637,,,,0.07215724140405655
,,,638,,,,0.07163853198289871
,,,639,,,,0.07104815542697906
,,,640,,,,0.07250913232564926
,,,641,,,,0.07104822248220444
,,,642,,,,0.07056738436222076
,,,643,,,,0.07125578820705414
,,,644,,,,0.07073228806257248
,,,645,,,,0.07063684612512589
,,,646,,,,0.07046174257993698
,,,647,,,,0.07074373215436935
,,,648,,,,0.0717342346906662
,,,649,,,,0.0714452788233757
12,,,25999,,,0.07153458148241043,
12,8.276594161987305,,25999,0.07206731289625168,,,
,,0.001,26009,,,,
13,,,26009,,0.07334908843040466,,
,,0.001,26019,,,,
13,,,26019,,0.0706239566206932,,
,,0.001,26029,,,,
13,,,26029,,0.07344713062047958,,
,,0.001,26039,,,,
13,,,26039,,0.07404528558254242,,
,,0.001,26049,,,,
13,,,26049,,0.0737665593624115,,
,,0.001,26059,,,,
13,,,26059,,0.07094019651412964,,
,,0.001,26069,,,,
13,,,26069,,0.07361523807048798,,
,,0.001,26079,,,,
13,,,26079,,0.07422146201133728,,
,,0.001,26089,,,,
13,,,26089,,0.07367809116840363,,
,,0.001,26099,,,,
13,,,26099,,0.07348711788654327,,
,,0.001,26109,,,,
13,,,26109,,0.07414492219686508,,
,,0.001,26119,,,,
13,,,26119,,0.07296758890151978,,
,,0.001,26129,,,,
13,,,26129,,0.07274708151817322,,
,,0.001,26139,,,,
13,,,26139,,0.0708635002374649,,
,,0.001,26149,,,,
13,,,26149,,0.06879542768001556,,
,,0.001,26159,,,,
13,,,26159,,0.07201267778873444,,
,,0.001,26169,,,,
13,,,26169,,0.07203620672225952,,
,,0.001,26179,,,,
13,,,26179,,0.07372040301561356,,
,,0.001,26189,,,,
13,,,26189,,0.07203429192304611,,
,,0.001,26199,,,,
13,,,26199,,0.07023104280233383,,
,,0.001,26209,,,,
13,,,26209,,0.0719921886920929,,
,,0.001,26219,,,,
13,,,26219,,0.07207043468952179,,
,,0.001,26229,,,,
13,,,26229,,0.07119309902191162,,
,,0.001,26239,,,,
13,,,26239,,0.07367505133152008,,
,,0.001,26249,,,,
13,,,26249,,0.07371934503316879,,
,,0.001,26259,,,,
13,,,26259,,0.0726330354809761,,
,,0.001,26269,,,,
13,,,26269,,0.07129433006048203,,
,,0.001,26279,,,,
13,,,26279,,0.0723813846707344,,
,,0.001,26289,,,,
13,,,26289,,0.06944006681442261,,
,,0.001,26299,,,,
13,,,26299,,0.06985151767730713,,
,,0.001,26309,,,,
13,,,26309,,0.07038232684135437,,
,,0.001,26319,,,,
13,,,26319,,0.07137715816497803,,
,,0.001,26329,,,,
13,,,26329,,0.07320716977119446,,
,,0.001,26339,,,,
13,,,26339,,0.07114096730947495,,
,,0.001,26349,,,,
13,,,26349,,0.06963220983743668,,
,,0.001,26359,,,,
13,,,26359,,0.07283635437488556,,
,,0.001,26369,,,,
13,,,26369,,0.06942185759544373,,
,,0.001,26379,,,,
13,,,26379,,0.07118270546197891,,
,,0.001,26389,,,,
13,,,26389,,0.07272671163082123,,
,,0.001,26399,,,,
13,,,26399,,0.07072070240974426,,
,,0.001,26409,,,,
13,,,26409,,0.07033642381429672,,
,,0.001,26419,,,,
13,,,26419,,0.070745550096035,,
,,0.001,26429,,,,
13,,,26429,,0.07172854989767075,,
,,0.001,26439,,,,
13,,,26439,,0.07124704867601395,,
,,0.001,26449,,,,
13,,,26449,,0.07327786833047867,,
,,0.001,26459,,,,
13,,,26459,,0.07538717985153198,,
,,0.001,26469,,,,
13,,,26469,,0.07282435894012451,,
,,0.001,26479,,,,
13,,,26479,,0.07035233080387115,,
,,0.001,26489,,,,
13,,,26489,,0.07276289910078049,,
,,0.001,26499,,,,
13,,,26499,,0.07016780227422714,,
,,0.001,26509,,,,
13,,,26509,,0.07215005159378052,,
,,0.001,26519,,,,
13,,,26519,,0.07053954154253006,,
,,0.001,26529,,,,
13,,,26529,,0.06803515553474426,,
,,0.001,26539,,,,
13,,,26539,,0.07394605129957199,,
,,0.001,26549,,,,
13,,,26549,,0.07207751274108887,,
,,0.001,26559,,,,
13,,,26559,,0.0723932534456253,,
,,0.001,26569,,,,
13,,,26569,,0.06973942369222641,,
,,0.001,26579,,,,
13,,,26579,,0.07428035140037537,,
,,0.001,26589,,,,
13,,,26589,,0.07301121950149536,,
,,0.001,26599,,,,
13,,,26599,,0.07321512699127197,,
,,0.001,26609,,,,
13,,,26609,,0.07408519834280014,,
,,0.001,26619,,,,
13,,,26619,,0.07058362662792206,,
,,0.001,26629,,,,
13,,,26629,,0.07526662200689316,,
,,0.001,26639,,,,
13,,,26639,,0.06789470463991165,,
,,0.001,26649,,,,
13,,,26649,,0.07029084116220474,,
,,0.001,26659,,,,
13,,,26659,,0.07056531310081482,,
,,0.001,26669,,,,
13,,,26669,,0.07194308936595917,,
,,0.001,26679,,,,
13,,,26679,,0.07097397744655609,,
,,0.001,26689,,,,
13,,,26689,,0.06937038898468018,,
,,0.001,26699,,,,
13,,,26699,,0.07442910969257355,,
,,0.001,26709,,,,
13,,,26709,,0.07328828424215317,,
,,0.001,26719,,,,
13,,,26719,,0.07091541588306427,,
,,0.001,26729,,,,
13,,,26729,,0.06907592713832855,,
,,0.001,26739,,,,
13,,,26739,,0.07327789068222046,,
,,0.001,26749,,,,
13,,,26749,,0.06849408149719238,,
,,0.001,26759,,,,
13,,,26759,,0.0699625015258789,,
,,0.001,26769,,,,
13,,,26769,,0.07089164108037949,,
,,0.001,26779,,,,
13,,,26779,,0.07524457573890686,,
,,0.001,26789,,,,
13,,,26789,,0.07089307904243469,,
,,0.001,26799,,,,
13,,,26799,,0.07087354362010956,,
,,0.001,26809,,,,
13,,,26809,,0.07120813429355621,,
,,0.001,26819,,,,
13,,,26819,,0.07326571643352509,,
,,0.001,26829,,,,
13,,,26829,,0.06889886409044266,,
,,0.001,26839,,,,
13,,,26839,,0.07125820219516754,,
,,0.001,26849,,,,
13,,,26849,,0.07247728109359741,,
,,0.001,26859,,,,
13,,,26859,,0.0708814486861229,,
,,0.001,26869,,,,
13,,,26869,,0.07021442800760269,,
,,0.001,26879,,,,
13,,,26879,,0.06979630887508392,,
,,0.001,26889,,,,
13,,,26889,,0.07000686228275299,,
,,0.001,26899,,,,
13,,,26899,,0.07029359042644501,,
,,0.001,26909,,,,
13,,,26909,,0.07428718358278275,,
,,0.001,26919,,,,
13,,,26919,,0.07034141570329666,,
,,0.001,26929,,,,
13,,,26929,,0.0719747468829155,,
,,0.001,26939,,,,
13,,,26939,,0.07178512960672379,,
,,0.001,26949,,,,
13,,,26949,,0.07169045507907867,,
,,0.001,26959,,,,
13,,,26959,,0.07328266650438309,,
,,0.001,26969,,,,
13,,,26969,,0.07410253584384918,,
,,0.001,26979,,,,
13,,,26979,,0.0718042254447937,,
,,0.001,26989,,,,
13,,,26989,,0.07329190522432327,,
,,0.001,26999,,,,
13,,,26999,,0.07585389167070389,,
,,0.001,27009,,,,
13,,,27009,,0.06977520138025284,,
,,0.001,27019,,,,
13,,,27019,,0.06889043003320694,,
,,0.001,27029,,,,
13,,,27029,,0.07034876942634583,,
,,0.001,27039,,,,
13,,,27039,,0.06941001862287521,,
,,0.001,27049,,,,
13,,,27049,,0.07030415534973145,,
,,0.001,27059,,,,
13,,,27059,,0.06839443743228912,,
,,0.001,27069,,,,
13,,,27069,,0.07360394299030304,,
,,0.001,27079,,,,
13,,,27079,,0.07160007953643799,,
,,0.001,27089,,,,
13,,,27089,,0.07131078839302063,,
,,0.001,27099,,,,
13,,,27099,,0.07298359274864197,,
,,0.001,27109,,,,
13,,,27109,,0.07169880717992783,,
,,0.001,27119,,,,
13,,,27119,,0.07106391340494156,,
,,0.001,27129,,,,
13,,,27129,,0.07061483711004257,,
,,0.001,27139,,,,
13,,,27139,,0.07240647077560425,,
,,0.001,27149,,,,
13,,,27149,,0.0716405138373375,,
,,0.001,27159,,,,
13,,,27159,,0.072455994784832,,
,,0.001,27169,,,,
13,,,27169,,0.07153068482875824,,
,,0.001,27179,,,,
13,,,27179,,0.07080158591270447,,
,,0.001,27189,,,,
13,,,27189,,0.06786862015724182,,
,,0.001,27199,,,,
13,,,27199,,0.07345104962587357,,
,,0.001,27209,,,,
13,,,27209,,0.07264921069145203,,
,,0.001,27219,,,,
13,,,27219,,0.06890208274126053,,
,,0.001,27229,,,,
13,,,27229,,0.07028543204069138,,
,,0.001,27239,,,,
13,,,27239,,0.07086236029863358,,
,,0.001,27249,,,,
13,,,27249,,0.07205766439437866,,
,,0.001,27259,,,,
13,,,27259,,0.06822188943624496,,
,,0.001,27269,,,,
13,,,27269,,0.06788524985313416,,
,,0.001,27279,,,,
13,,,27279,,0.072720967233181,,
,,0.001,27289,,,,
13,,,27289,,0.0717151015996933,,
,,0.001,27299,,,,
13,,,27299,,0.07337453961372375,,
,,0.001,27309,,,,
13,,,27309,,0.06964804232120514,,
,,0.001,27319,,,,
13,,,27319,,0.07345873862504959,,
,,0.001,27329,,,,
13,,,27329,,0.0744972750544548,,
,,0.001,27339,,,,
13,,,27339,,0.06861940771341324,,
,,0.001,27349,,,,
13,,,27349,,0.07192602008581161,,
,,0.001,27359,,,,
13,,,27359,,0.06943941861391068,,
,,0.001,27369,,,,
13,,,27369,,0.07096724212169647,,
,,0.001,27379,,,,
13,,,27379,,0.073752261698246,,
,,0.001,27389,,,,
13,,,27389,,0.06878805160522461,,
,,0.001,27399,,,,
13,,,27399,,0.07213407754898071,,
,,0.001,27409,,,,
13,,,27409,,0.07260012626647949,,
,,0.001,27419,,,,
13,,,27419,,0.06997746229171753,,
,,0.001,27429,,,,
13,,,27429,,0.07480103522539139,,
,,0.001,27439,,,,
13,,,27439,,0.06896618008613586,,
,,0.001,27449,,,,
13,,,27449,,0.07152369618415833,,
,,0.001,27459,,,,
13,,,27459,,0.06955879926681519,,
,,0.001,27469,,,,
13,,,27469,,0.07176216691732407,,
,,0.001,27479,,,,
13,,,27479,,0.0747002363204956,,
,,0.001,27489,,,,
13,,,27489,,0.07030045241117477,,
,,0.001,27499,,,,
13,,,27499,,0.07093670219182968,,
,,0.001,27509,,,,
13,,,27509,,0.0697491317987442,,
,,0.001,27519,,,,
13,,,27519,,0.07237944006919861,,
,,0.001,27529,,,,
13,,,27529,,0.07075778394937515,,
,,0.001,27539,,,,
13,,,27539,,0.07086137682199478,,
,,0.001,27549,,,,
13,,,27549,,0.07313620299100876,,
,,0.001,27559,,,,
13,,,27559,,0.06972282379865646,,
,,0.001,27569,,,,
13,,,27569,,0.0739937350153923,,
,,0.001,27579,,,,
13,,,27579,,0.06955406069755554,,
,,0.001,27589,,,,
13,,,27589,,0.07117968797683716,,
,,0.001,27599,,,,
13,,,27599,,0.07097696512937546,,
,,0.001,27609,,,,
13,,,27609,,0.07292111217975616,,
,,0.001,27619,,,,
13,,,27619,,0.0704149454832077,,
,,0.001,27629,,,,
13,,,27629,,0.07149557769298553,,
,,0.001,27639,,,,
13,,,27639,,0.07216206192970276,,
,,0.001,27649,,,,
13,,,27649,,0.06915443390607834,,
,,0.001,27659,,,,
13,,,27659,,0.07125751674175262,,
,,0.001,27669,,,,
13,,,27669,,0.07124906778335571,,
,,0.001,27679,,,,
13,,,27679,,0.06932050734758377,,
,,0.001,27689,,,,
13,,,27689,,0.07201743125915527,,
,,0.001,27699,,,,
13,,,27699,,0.07058052718639374,,
,,0.001,27709,,,,
13,,,27709,,0.07018610090017319,,
,,0.001,27719,,,,
13,,,27719,,0.06882588565349579,,
,,0.001,27729,,,,
13,,,27729,,0.07159901410341263,,
,,0.001,27739,,,,
13,,,27739,,0.06933601200580597,,
,,0.001,27749,,,,
13,,,27749,,0.07041674107313156,,
,,0.001,27759,,,,
13,,,27759,,0.06878560036420822,,
,,0.001,27769,,,,
13,,,27769,,0.06957198679447174,,
,,0.001,27779,,,,
13,,,27779,,0.07065053284168243,,
,,0.001,27789,,,,
13,,,27789,,0.07088564336299896,,
,,0.001,27799,,,,
13,,,27799,,0.06832170486450195,,
,,0.001,27809,,,,
13,,,27809,,0.07148279994726181,,
,,0.001,27819,,,,
13,,,27819,,0.06766025722026825,,
,,0.001,27829,,,,
13,,,27829,,0.07222159951925278,,
,,0.001,27839,,,,
13,,,27839,,0.07011843472719193,,
,,0.001,27849,,,,
13,,,27849,,0.0710252895951271,,
,,0.001,27859,,,,
13,,,27859,,0.06767059862613678,,
,,0.001,27869,,,,
13,,,27869,,0.07135650515556335,,
,,0.001,27879,,,,
13,,,27879,,0.07129048556089401,,
,,0.001,27889,,,,
13,,,27889,,0.07361002266407013,,
,,0.001,27899,,,,
13,,,27899,,0.06830178201198578,,
,,0.001,27909,,,,
13,,,27909,,0.07056666910648346,,
,,0.001,27919,,,,
13,,,27919,,0.07358529418706894,,
,,0.001,27929,,,,
13,,,27929,,0.0702233836054802,,
,,0.001,27939,,,,
13,,,27939,,0.07085026055574417,,
,,0.001,27949,,,,
13,,,27949,,0.07220429927110672,,
,,0.001,27959,,,,
13,,,27959,,0.0728960633277893,,
,,0.001,27969,,,,
13,,,27969,,0.06970594823360443,,
,,0.001,27979,,,,
13,,,27979,,0.07097335159778595,,
,,0.001,27989,,,,
13,,,27989,,0.07063108682632446,,
,,0.001,27999,,,,
13,,,27999,,0.0731133222579956,,
,,,650,,,,0.07106650620698929
,,,651,,,,0.07262968271970749
,,,652,,,,0.06995460391044617
,,,653,,,,0.07049620151519775
,,,654,,,,0.07103173434734344
,,,655,,,,0.07047528773546219
,,,656,,,,0.0723438486456871
,,,657,,,,0.07061866670846939
,,,658,,,,0.07163356989622116
,,,659,,,,0.07152780890464783
,,,660,,,,0.07092723995447159
,,,661,,,,0.07062733918428421
,,,662,,,,0.07283228635787964
,,,663,,,,0.07196024805307388
,,,664,,,,0.07173251360654831
,,,665,,,,0.07304692268371582
,,,666,,,,0.07043242454528809
,,,667,,,,0.06921408325433731
,,,668,,,,0.07116241008043289
,,,669,,,,0.07120736688375473
,,,670,,,,0.07249043881893158
,,,671,,,,0.07122457027435303
,,,672,,,,0.07053539901971817
,,,673,,,,0.07108817249536514
,,,674,,,,0.0708676129579544
,,,675,,,,0.07100415229797363
,,,676,,,,0.07179472595453262
,,,677,,,,0.07053451985120773
,,,678,,,,0.07103851437568665
,,,679,,,,0.07037479430437088
,,,680,,,,0.07026498764753342
,,,681,,,,0.07080702483654022
,,,682,,,,0.0706745982170105
,,,683,,,,0.06994802504777908
,,,684,,,,0.07182465493679047
,,,685,,,,0.07029105722904205
,,,686,,,,0.07089453190565109
,,,687,,,,0.07162875682115555
,,,688,,,,0.07107767462730408
,,,689,,,,0.07076854258775711
,,,690,,,,0.07179973274469376
,,,691,,,,0.07034795731306076
,,,692,,,,0.07011125236749649
,,,693,,,,0.07057472318410873
,,,694,,,,0.07007957994937897
,,,695,,,,0.07003414630889893
,,,696,,,,0.06996844708919525
,,,697,,,,0.07037144899368286
,,,698,,,,0.07131616771221161
,,,699,,,,0.07086611539125443
13,,,27999,,,0.07099045813083649,
13,8.415135383605957,,27999,0.07126761972904205,,,
,,0.001,28009,,,,
14,,,28009,,0.06936638802289963,,
,,0.001,28019,,,,
14,,,28019,,0.07206834107637405,,
,,0.001,28029,,,,
14,,,28029,,0.07262013107538223,,
,,0.001,28039,,,,
14,,,28039,,0.06795445829629898,,
,,0.001,28049,,,,
14,,,28049,,0.07272683084011078,,
,,0.001,28059,,,,
14,,,28059,,0.06881289929151535,,
,,0.001,28069,,,,
14,,,28069,,0.07098803669214249,,
,,0.001,28079,,,,
14,,,28079,,0.07167091220617294,,
,,0.001,28089,,,,
14,,,28089,,0.07199505716562271,,
,,0.001,28099,,,,
14,,,28099,,0.07341716438531876,,
,,0.001,28109,,,,
14,,,28109,,0.0713794007897377,,
,,0.001,28119,,,,
14,,,28119,,0.07112372666597366,,
,,0.001,28129,,,,
14,,,28129,,0.0724414587020874,,
,,0.001,28139,,,,
14,,,28139,,0.07328464835882187,,
,,0.001,28149,,,,
14,,,28149,,0.07087583094835281,,
,,0.001,28159,,,,
14,,,28159,,0.0713229551911354,,
,,0.001,28169,,,,
14,,,28169,,0.07414417713880539,,
,,0.001,28179,,,,
14,,,28179,,0.07177833467721939,,
,,0.001,28189,,,,
14,,,28189,,0.07207024097442627,,
,,0.001,28199,,,,
14,,,28199,,0.07236040383577347,,
,,0.001,28209,,,,
14,,,28209,,0.07416672259569168,,
,,0.001,28219,,,,
14,,,28219,,0.07256990671157837,,
,,0.001,28229,,,,
14,,,28229,,0.06947775185108185,,
,,0.001,28239,,,,
14,,,28239,,0.07084880769252777,,
,,0.001,28249,,,,
14,,,28249,,0.07305070757865906,,
,,0.001,28259,,,,
14,,,28259,,0.07175271958112717,,
,,0.001,28269,,,,
14,,,28269,,0.06737049669027328,,
,,0.001,28279,,,,
14,,,28279,,0.07321273535490036,,
,,0.001,28289,,,,
14,,,28289,,0.06967302411794662,,
,,0.001,28299,,,,
14,,,28299,,0.07172087579965591,,
,,0.001,28309,,,,
14,,,28309,,0.07181527465581894,,
,,0.001,28319,,,,
14,,,28319,,0.07029568403959274,,
,,0.001,28329,,,,
14,,,28329,,0.07035047560930252,,
,,0.001,28339,,,,
14,,,28339,,0.07083936780691147,,
,,0.001,28349,,,,
14,,,28349,,0.06924372911453247,,
,,0.001,28359,,,,
14,,,28359,,0.06742843240499496,,
,,0.001,28369,,,,
14,,,28369,,0.07024266570806503,,
,,0.001,28379,,,,
14,,,28379,,0.07115786522626877,,
,,0.001,28389,,,,
14,,,28389,,0.07372923195362091,,
,,0.001,28399,,,,
14,,,28399,,0.06808045506477356,,
,,0.001,28409,,,,
14,,,28409,,0.07226632535457611,,
,,0.001,28419,,,,
14,,,28419,,0.07196009904146194,,
,,0.001,28429,,,,
14,,,28429,,0.07531343400478363,,
,,0.001,28439,,,,
14,,,28439,,0.06957923620939255,,
,,0.001,28449,,,,
14,,,28449,,0.0715736448764801,,
,,0.001,28459,,,,
14,,,28459,,0.07121031731367111,,
,,0.001,28469,,,,
14,,,28469,,0.07233404368162155,,
,,0.001,28479,,,,
14,,,28479,,0.07066560536623001,,
,,0.001,28489,,,,
14,,,28489,,0.07325828075408936,,
,,0.001,28499,,,,
14,,,28499,,0.07068725675344467,,
,,0.001,28509,,,,
14,,,28509,,0.07279948145151138,,
,,0.001,28519,,,,
14,,,28519,,0.07080648839473724,,
,,0.001,28529,,,,
14,,,28529,,0.06995968520641327,,
,,0.001,28539,,,,
14,,,28539,,0.06938450783491135,,
,,0.001,28549,,,,
14,,,28549,,0.06940910220146179,,
,,0.001,28559,,,,
14,,,28559,,0.07216255366802216,,
,,0.001,28569,,,,
14,,,28569,,0.07039295881986618,,
,,0.001,28579,,,,
14,,,28579,,0.07357411831617355,,
,,0.001,28589,,,,
14,,,28589,,0.0683477446436882,,
,,0.001,28599,,,,
14,,,28599,,0.07167059928178787,,
,,0.001,28609,,,,
14,,,28609,,0.07170072197914124,,
,,0.001,28619,,,,
14,,,28619,,0.07053984701633453,,
,,0.001,28629,,,,
14,,,28629,,0.06825627386569977,,
,,0.001,28639,,,,
14,,,28639,,0.06955501437187195,,
,,0.001,28649,,,,
14,,,28649,,0.06869009137153625,,
,,0.001,28659,,,,
14,,,28659,,0.0695107951760292,,
,,0.001,28669,,,,
14,,,28669,,0.07294692099094391,,
,,0.001,28679,,,,
14,,,28679,,0.07175017893314362,,
,,0.001,28689,,,,
14,,,28689,,0.06965325772762299,,
,,0.001,28699,,,,
14,,,28699,,0.07202233374118805,,
,,0.001,28709,,,,
14,,,28709,,0.0726066455245018,,
,,0.001,28719,,,,
14,,,28719,,0.0719638541340828,,
,,0.001,28729,,,,
14,,,28729,,0.0681479275226593,,
,,0.001,28739,,,,
14,,,28739,,0.07245828956365585,,
,,0.001,28749,,,,
14,,,28749,,0.07039731740951538,,
,,0.001,28759,,,,
14,,,28759,,0.07240039110183716,,
,,0.001,28769,,,,
14,,,28769,,0.06686840206384659,,
,,0.001,28779,,,,
14,,,28779,,0.07246673852205276,,
,,0.001,28789,,,,
14,,,28789,,0.06961880624294281,,
,,0.001,28799,,,,
14,,,28799,,0.07045576721429825,,
,,0.001,28809,,,,
14,,,28809,,0.07019234448671341,,
,,0.001,28819,,,,
14,,,28819,,0.07367905229330063,,
,,0.001,28829,,,,
14,,,28829,,0.06991852074861526,,
,,0.001,28839,,,,
14,,,28839,,0.06943642348051071,,
,,0.001,28849,,,,
14,,,28849,,0.06787000596523285,,
,,0.001,28859,,,,
14,,,28859,,0.07281386852264404,,
,,0.001,28869,,,,
14,,,28869,,0.07257089018821716,,
,,0.001,28879,,,,
14,,,28879,,0.0740709975361824,,
,,0.001,28889,,,,
14,,,28889,,0.06939825415611267,,
,,0.001,28899,,,,
14,,,28899,,0.0692487508058548,,
,,0.001,28909,,,,
14,,,28909,,0.07208224385976791,,
,,0.001,28919,,,,
14,,,28919,,0.07189816236495972,,
,,0.001,28929,,,,
14,,,28929,,0.06900280714035034,,
,,0.001,28939,,,,
14,,,28939,,0.07111930102109909,,
,,0.001,28949,,,,
14,,,28949,,0.07005992531776428,,
,,0.001,28959,,,,
14,,,28959,,0.0721798986196518,,
,,0.001,28969,,,,
14,,,28969,,0.07300198823213577,,
,,0.001,28979,,,,
14,,,28979,,0.07518117129802704,,
,,0.001,28989,,,,
14,,,28989,,0.07046304643154144,,
,,0.001,28999,,,,
14,,,28999,,0.07236352562904358,,
,,0.001,29009,,,,
14,,,29009,,0.0716409906744957,,
,,0.001,29019,,,,
14,,,29019,,0.0709499940276146,,
,,0.001,29029,,,,
14,,,29029,,0.06937320530414581,,
,,0.001,29039,,,,
14,,,29039,,0.06937851011753082,,
,,0.001,29049,,,,
14,,,29049,,0.07045329362154007,,
,,0.001,29059,,,,
14,,,29059,,0.07194259762763977,,
,,0.001,29069,,,,
14,,,29069,,0.07442351430654526,,
,,0.001,29079,,,,
14,,,29079,,0.0706426352262497,,
,,0.001,29089,,,,
14,,,29089,,0.06788388639688492,,
,,0.001,29099,,,,
14,,,29099,,0.06857124716043472,,
,,0.001,29109,,,,
14,,,29109,,0.07056478410959244,,
,,0.001,29119,,,,
14,,,29119,,0.07168766111135483,,
,,0.001,29129,,,,
14,,,29129,,0.07005621492862701,,
,,0.001,29139,,,,
14,,,29139,,0.07002727687358856,,
,,0.001,29149,,,,
14,,,29149,,0.06915389001369476,,
,,0.001,29159,,,,
14,,,29159,,0.07392691820859909,,
,,0.001,29169,,,,
14,,,29169,,0.07186760008335114,,
,,0.001,29179,,,,
14,,,29179,,0.06692661345005035,,
,,0.001,29189,,,,
14,,,29189,,0.06837190687656403,,
,,0.001,29199,,,,
14,,,29199,,0.07184325158596039,,
,,0.001,29209,,,,
14,,,29209,,0.07288718223571777,,
,,0.001,29219,,,,
14,,,29219,,0.07162775844335556,,
,,0.001,29229,,,,
14,,,29229,,0.07052844762802124,,
,,0.001,29239,,,,
14,,,29239,,0.06592623144388199,,
,,0.001,29249,,,,
14,,,29249,,0.07172493636608124,,
,,0.001,29259,,,,
14,,,29259,,0.07094524055719376,,
,,0.001,29269,,,,
14,,,29269,,0.06855301558971405,,
,,0.001,29279,,,,
14,,,29279,,0.07111002504825592,,
,,0.001,29289,,,,
14,,,29289,,0.06881440430879593,,
,,0.001,29299,,,,
14,,,29299,,0.07206487655639648,,
,,0.001,29309,,,,
14,,,29309,,0.07029442489147186,,
,,0.001,29319,,,,
14,,,29319,,0.07370951026678085,,
,,0.001,29329,,,,
14,,,29329,,0.07250267267227173,,
,,0.001,29339,,,,
14,,,29339,,0.07208847254514694,,
,,0.001,29349,,,,
14,,,29349,,0.0731087476015091,,
,,0.001,29359,,,,
14,,,29359,,0.06935957074165344,,
,,0.001,29369,,,,
14,,,29369,,0.06849944591522217,,
,,0.001,29379,,,,
14,,,29379,,0.07132921367883682,,
,,0.001,29389,,,,
14,,,29389,,0.06972596794366837,,
,,0.001,29399,,,,
14,,,29399,,0.07226540893316269,,
,,0.001,29409,,,,
14,,,29409,,0.07138900458812714,,
,,0.001,29419,,,,
14,,,29419,,0.07146509736776352,,
,,0.001,29429,,,,
14,,,29429,,0.07083479315042496,,
,,0.001,29439,,,,
14,,,29439,,0.07230488955974579,,
,,0.001,29449,,,,
14,,,29449,,0.07223959267139435,,
,,0.001,29459,,,,
14,,,29459,,0.07130677253007889,,
,,0.001,29469,,,,
14,,,29469,,0.07016487419605255,,
,,0.001,29479,,,,
14,,,29479,,0.07384353131055832,,
,,0.001,29489,,,,
14,,,29489,,0.06966514140367508,,
,,0.001,29499,,,,
14,,,29499,,0.06994890421628952,,
,,0.001,29509,,,,
14,,,29509,,0.07237202674150467,,
,,0.001,29519,,,,
14,,,29519,,0.07133086025714874,,
,,0.001,29529,,,,
14,,,29529,,0.06963150948286057,,
,,0.001,29539,,,,
14,,,29539,,0.06863131374120712,,
,,0.001,29549,,,,
14,,,29549,,0.07301273941993713,,
,,0.001,29559,,,,
14,,,29559,,0.07026757299900055,,
,,0.001,29569,,,,
14,,,29569,,0.069705069065094,,
,,0.001,29579,,,,
14,,,29579,,0.07054682075977325,,
,,0.001,29589,,,,
14,,,29589,,0.07034212350845337,,
,,0.001,29599,,,,
14,,,29599,,0.07075200229883194,,
,,0.001,29609,,,,
14,,,29609,,0.07504701614379883,,
,,0.001,29619,,,,
14,,,29619,,0.07054566591978073,,
,,0.001,29629,,,,
14,,,29629,,0.07307044416666031,,
,,0.001,29639,,,,
14,,,29639,,0.07250519841909409,,
,,0.001,29649,,,,
14,,,29649,,0.06993865221738815,,
,,0.001,29659,,,,
14,,,29659,,0.06966684758663177,,
,,0.001,29669,,,,
14,,,29669,,0.07185416668653488,,
,,0.001,29679,,,,
14,,,29679,,0.07058689743280411,,
,,0.001,29689,,,,
14,,,29689,,0.07155926525592804,,
,,0.001,29699,,,,
14,,,29699,,0.07153903692960739,,
,,0.001,29709,,,,
14,,,29709,,0.07427620887756348,,
,,0.001,29719,,,,
14,,,29719,,0.07050042599439621,,
,,0.001,29729,,,,
14,,,29729,,0.06922798603773117,,
,,0.001,29739,,,,
14,,,29739,,0.07097204029560089,,
,,0.001,29749,,,,
14,,,29749,,0.06919358670711517,,
,,0.001,29759,,,,
14,,,29759,,0.06795622408390045,,
,,0.001,29769,,,,
14,,,29769,,0.0693499892950058,,
,,0.001,29779,,,,
14,,,29779,,0.06861136853694916,,
,,0.001,29789,,,,
14,,,29789,,0.07266517728567123,,
,,0.001,29799,,,,
14,,,29799,,0.06933537870645523,,
,,0.001,29809,,,,
14,,,29809,,0.06766759604215622,,
,,0.001,29819,,,,
14,,,29819,,0.06941968947649002,,
,,0.001,29829,,,,
14,,,29829,,0.07058928161859512,,
,,0.001,29839,,,,
14,,,29839,,0.06953016668558121,,
,,0.001,29849,,,,
14,,,29849,,0.0699111670255661,,
,,0.001,29859,,,,
14,,,29859,,0.06892772763967514,,
,,0.001,29869,,,,
14,,,29869,,0.07110298424959183,,
,,0.001,29879,,,,
14,,,29879,,0.06809031218290329,,
,,0.001,29889,,,,
14,,,29889,,0.07223201543092728,,
,,0.001,29899,,,,
14,,,29899,,0.07127110660076141,,
,,0.001,29909,,,,
14,,,29909,,0.07380227744579315,,
,,0.001,29919,,,,
14,,,29919,,0.06695649772882462,,
,,0.001,29929,,,,
14,,,29929,,0.06917793303728104,,
,,0.001,29939,,,,
14,,,29939,,0.06978601962327957,,
,,0.001,29949,,,,
14,,,29949,,0.0717204213142395,,
,,0.001,29959,,,,
14,,,29959,,0.07218440622091293,,
,,0.001,29969,,,,
14,,,29969,,0.07019134610891342,,
,,0.001,29979,,,,
14,,,29979,,0.06953011453151703,,
,,0.001,29989,,,,
14,,,29989,,0.07303395867347717,,
,,0.001,29999,,,,
14,,,29999,,0.07183805853128433,,
,,,700,,,,0.07085961103439331
,,,701,,,,0.07234641164541245
,,,702,,,,0.06953848153352737
,,,703,,,,0.07021918147802353
,,,704,,,,0.07058917731046677
,,,705,,,,0.06992457062005997
,,,706,,,,0.07210495322942734
,,,707,,,,0.07046584784984589
,,,708,,,,0.07128877937793732
,,,709,,,,0.07102026045322418
,,,710,,,,0.07084618508815765
,,,711,,,,0.0703902542591095
,,,712,,,,0.0722571536898613
,,,713,,,,0.07129693776369095
,,,714,,,,0.07110758870840073
,,,715,,,,0.07250580936670303
,,,716,,,,0.06990263611078262
,,,717,,,,0.06900124251842499
,,,718,,,,0.07111241668462753
,,,719,,,,0.07078391313552856
,,,720,,,,0.0719699040055275
,,,721,,,,0.07110057771205902
,,,722,,,,0.07017945498228073
,,,723,,,,0.07077649980783463
,,,724,,,,0.07051054388284683
,,,725,,,,0.07056266069412231
,,,726,,,,0.07146144658327103
,,,727,,,,0.07052747905254364
,,,728,,,,0.07072082161903381
,,,729,,,,0.07001444697380066
,,,730,,,,0.07012105733156204
,,,731,,,,0.07030346989631653
,,,732,,,,0.07027585059404373
,,,733,,,,0.06958925724029541
,,,734,,,,0.07178417593240738
,,,735,,,,0.0705045536160469
,,,736,,,,0.07094835489988327
,,,737,,,,0.07116832584142685
,,,738,,,,0.07079436630010605
,,,739,,,,0.07029479742050171
,,,740,,,,0.07164354622364044
,,,741,,,,0.07001183927059174
,,,742,,,,0.06957462430000305
,,,743,,,,0.07021728157997131
,,,744,,,,0.06941311061382294
,,,745,,,,0.06992827355861664
,,,746,,,,0.06985632330179214
,,,747,,,,0.07011111825704575
,,,748,,,,0.07100514322519302
,,,749,,,,0.07076942920684814
14,,,29999,,,0.07067400217056274,
14,8.502161026000977,,29999,0.07064249366521835,,,
,,0.001,30009,,,,
15,,,30009,,0.07141963392496109,,
,,0.001,30019,,,,
15,,,30019,,0.0703313872218132,,
,,0.001,30029,,,,
15,,,30029,,0.07407088577747345,,
,,0.001,30039,,,,
15,,,30039,,0.07096751034259796,,
,,0.001,30049,,,,
15,,,30049,,0.07006113976240158,,
,,0.001,30059,,,,
15,,,30059,,0.06978485733270645,,
,,0.001,30069,,,,
15,,,30069,,0.07199736684560776,,
,,0.001,30079,,,,
15,,,30079,,0.07061444967985153,,
,,0.001,30089,,,,
15,,,30089,,0.07046489417552948,,
,,0.001,30099,,,,
15,,,30099,,0.07407059520483017,,
,,0.001,30109,,,,
15,,,30109,,0.0698845311999321,,
,,0.001,30119,,,,
15,,,30119,,0.07207391411066055,,
,,0.001,30129,,,,
15,,,30129,,0.0703175812959671,,
,,0.001,30139,,,,
15,,,30139,,0.06914033740758896,,
,,0.001,30149,,,,
15,,,30149,,0.06871072947978973,,
,,0.001,30159,,,,
15,,,30159,,0.0709315612912178,,
,,0.001,30169,,,,
15,,,30169,,0.07181201875209808,,
,,0.001,30179,,,,
15,,,30179,,0.06966528296470642,,
,,0.001,30189,,,,
15,,,30189,,0.07153408229351044,,
,,0.001,30199,,,,
15,,,30199,,0.07078684866428375,,
,,0.001,30209,,,,
15,,,30209,,0.07198864966630936,,
,,0.001,30219,,,,
15,,,30219,,0.06937599927186966,,
,,0.001,30229,,,,
15,,,30229,,0.06812672317028046,,
,,0.001,30239,,,,
15,,,30239,,0.06949745118618011,,
,,0.001,30249,,,,
15,,,30249,,0.06863687932491302,,
,,0.001,30259,,,,
15,,,30259,,0.06849287450313568,,
,,0.001,30269,,,,
15,,,30269,,0.06686879694461823,,
,,0.001,30279,,,,
15,,,30279,,0.0694052055478096,,
,,0.001,30289,,,,
15,,,30289,,0.06868908554315567,,
,,0.001,30299,,,,
15,,,30299,,0.07093366980552673,,
,,0.001,30309,,,,
15,,,30309,,0.06988462060689926,,
,,0.001,30319,,,,
15,,,30319,,0.06690837442874908,,
,,0.001,30329,,,,
15,,,30329,,0.06972125917673111,,
,,0.001,30339,,,,
15,,,30339,,0.06875961273908615,,
,,0.001,30349,,,,
15,,,30349,,0.0685638040304184,,
,,0.001,30359,,,,
15,,,30359,,0.07109250128269196,,
,,0.001,30369,,,,
15,,,30369,,0.07123388350009918,,
,,0.001,30379,,,,
15,,,30379,,0.0723961666226387,,
,,0.001,30389,,,,
15,,,30389,,0.07134559005498886,,
,,0.001,30399,,,,
15,,,30399,,0.07436145842075348,,
,,0.001,30409,,,,
15,,,30409,,0.0703510120511055,,
,,0.001,30419,,,,
15,,,30419,,0.06963946670293808,,
,,0.001,30429,,,,
15,,,30429,,0.07499927282333374,,
,,0.001,30439,,,,
15,,,30439,,0.07090389728546143,,
,,0.001,30449,,,,
15,,,30449,,0.07179246097803116,,
,,0.001,30459,,,,
15,,,30459,,0.07190556824207306,,
,,0.001,30469,,,,
15,,,30469,,0.07200366258621216,,
,,0.001,30479,,,,
15,,,30479,,0.06968298554420471,,
,,0.001,30489,,,,
15,,,30489,,0.06943593174219131,,
,,0.001,30499,,,,
15,,,30499,,0.07081820070743561,,
,,0.001,30509,,,,
15,,,30509,,0.07292191684246063,,
,,0.001,30519,,,,
15,,,30519,,0.07029148936271667,,
,,0.001,30529,,,,
15,,,30529,,0.06765615195035934,,
,,0.001,30539,,,,
15,,,30539,,0.07001732289791107,,
,,0.001,30549,,,,
15,,,30549,,0.06907576322555542,,
,,0.001,30559,,,,
15,,,30559,,0.06947632133960724,,
,,0.001,30569,,,,
15,,,30569,,0.07047753781080246,,
,,0.001,30579,,,,
15,,,30579,,0.0724150612950325,,
,,0.001,30589,,,,
15,,,30589,,0.06658326834440231,,
,,0.001,30599,,,,
15,,,30599,,0.06974107027053833,,
,,0.001,30609,,,,
15,,,30609,,0.06829918175935745,,
,,0.001,30619,,,,
15,,,30619,,0.06799021363258362,,
,,0.001,30629,,,,
15,,,30629,,0.07151873409748077,,
,,0.001,30639,,,,
15,,,30639,,0.06823854148387909,,
,,0.001,30649,,,,
15,,,30649,,0.07005307823419571,,
,,0.001,30659,,,,
15,,,30659,,0.06808657199144363,,
,,0.001,30669,,,,
15,,,30669,,0.07060785591602325,,
,,0.001,30679,,,,
15,,,30679,,0.0715438649058342,,
,,0.001,30689,,,,
15,,,30689,,0.07026511430740356,,
,,0.001,30699,,,,
15,,,30699,,0.07209166884422302,,
,,0.001,30709,,,,
15,,,30709,,0.07001327723264694,,
,,0.001,30719,,,,
15,,,30719,,0.06776386499404907,,
,,0.001,30729,,,,
15,,,30729,,0.06943798810243607,,
,,0.001,30739,,,,
15,,,30739,,0.07307691127061844,,
,,0.001,30749,,,,
15,,,30749,,0.068580761551857,,
,,0.001,30759,,,,
15,,,30759,,0.06872856616973877,,
,,0.001,30769,,,,
15,,,30769,,0.06962770968675613,,
,,0.001,30779,,,,
15,,,30779,,0.068421371281147,,
,,0.001,30789,,,,
15,,,30789,,0.06920640915632248,,
,,0.001,30799,,,,
15,,,30799,,0.07012572884559631,,
,,0.001,30809,,,,
15,,,30809,,0.07116829603910446,,
,,0.001,30819,,,,
15,,,30819,,0.07258710265159607,,
,,0.001,30829,,,,
15,,,30829,,0.07175429165363312,,
,,0.001,30839,,,,
15,,,30839,,0.06956261396408081,,
,,0.001,30849,,,,
15,,,30849,,0.06722450256347656,,
,,0.001,30859,,,,
15,,,30859,,0.07125943899154663,,
,,0.001,30869,,,,
15,,,30869,,0.0717373937368393,,
,,0.001,30879,,,,
15,,,30879,,0.07316054403781891,,
,,0.001,30889,,,,
15,,,30889,,0.07248622179031372,,
,,0.001,30899,,,,
15,,,30899,,0.0674603208899498,,
,,0.001,30909,,,,
15,,,30909,,0.06831000000238419,,
,,0.001,30919,,,,
15,,,30919,,0.07048223912715912,,
,,0.001,30929,,,,
15,,,30929,,0.06954336166381836,,
,,0.001,30939,,,,
15,,,30939,,0.0699489414691925,,
,,0.001,30949,,,,
15,,,30949,,0.07002608478069305,,
,,0.001,30959,,,,
15,,,30959,,0.06785929948091507,,
,,0.001,30969,,,,
15,,,30969,,0.07201091200113297,,
,,0.001,30979,,,,
15,,,30979,,0.07121370732784271,,
,,0.001,30989,,,,
15,,,30989,,0.06895527243614197,,
,,0.001,30999,,,,
15,,,30999,,0.07010894268751144,,
,,0.001,31009,,,,
15,,,31009,,0.06999073177576065,,
,,0.001,31019,,,,
15,,,31019,,0.06917621195316315,,
,,0.001,31029,,,,
15,,,31029,,0.06790343672037125,,
,,0.001,31039,,,,
15,,,31039,,0.07064393907785416,,
,,0.001,31049,,,,
15,,,31049,,0.06879710406064987,,
,,0.001,31059,,,,
15,,,31059,,0.06833942979574203,,
,,0.001,31069,,,,
15,,,31069,,0.07492034137248993,,
,,0.001,31079,,,,
15,,,31079,,0.0720599815249443,,
,,0.001,31089,,,,
15,,,31089,,0.06902627646923065,,
,,0.001,31099,,,,
15,,,31099,,0.07005561888217926,,
,,0.001,31109,,,,
15,,,31109,,0.07038314640522003,,
,,0.001,31119,,,,
15,,,31119,,0.07225869596004486,,
,,0.001,31129,,,,
15,,,31129,,0.07382971793413162,,
,,0.001,31139,,,,
15,,,31139,,0.07205655425786972,,
,,0.001,31149,,,,
15,,,31149,,0.06960805505514145,,
,,0.001,31159,,,,
15,,,31159,,0.07130978256464005,,
,,0.001,31169,,,,
15,,,31169,,0.07148826122283936,,
,,0.001,31179,,,,
15,,,31179,,0.07077614217996597,,
,,0.001,31189,,,,
15,,,31189,,0.06748397648334503,,
,,0.001,31199,,,,
15,,,31199,,0.06867203116416931,,
,,0.001,31209,,,,
15,,,31209,,0.06997258961200714,,
,,0.001,31219,,,,
15,,,31219,,0.07152418047189713,,
,,0.001,31229,,,,
15,,,31229,,0.07424882799386978,,
,,0.001,31239,,,,
15,,,31239,,0.06748105585575104,,
,,0.001,31249,,,,
15,,,31249,,0.07012950628995895,,
,,0.001,31259,,,,
15,,,31259,,0.07019508630037308,,
,,0.001,31269,,,,
15,,,31269,,0.07157310098409653,,
,,0.001,31279,,,,
15,,,31279,,0.06993678212165833,,
,,0.001,31289,,,,
15,,,31289,,0.06991101801395416,,
,,0.001,31299,,,,
15,,,31299,,0.07054449617862701,,
,,0.001,31309,,,,
15,,,31309,,0.06951703131198883,,
,,0.001,31319,,,,
15,,,31319,,0.07073431462049484,,
,,0.001,31329,,,,
15,,,31329,,0.07325746864080429,,
,,0.001,31339,,,,
15,,,31339,,0.0699409693479538,,
,,0.001,31349,,,,
15,,,31349,,0.07197732478380203,,
,,0.001,31359,,,,
15,,,31359,,0.07060430198907852,,
,,0.001,31369,,,,
15,,,31369,,0.0698447898030281,,
,,0.001,31379,,,,
15,,,31379,,0.07125186920166016,,
,,0.001,31389,,,,
15,,,31389,,0.07109417021274567,,
,,0.001,31399,,,,
15,,,31399,,0.06638709455728531,,
,,0.001,31409,,,,
15,,,31409,,0.07010819762945175,,
,,0.001,31419,,,,
15,,,31419,,0.06767988204956055,,
,,0.001,31429,,,,
15,,,31429,,0.0727020800113678,,
,,0.001,31439,,,,
15,,,31439,,0.07327941060066223,,
,,0.001,31449,,,,
15,,,31449,,0.07216823101043701,,
,,0.001,31459,,,,
15,,,31459,,0.07033157348632812,,
,,0.001,31469,,,,
15,,,31469,,0.0718596801161766,,
,,0.001,31479,,,,
15,,,31479,,0.07105045765638351,,
,,0.001,31489,,,,
15,,,31489,,0.07018256187438965,,
,,0.001,31499,,,,
15,,,31499,,0.06965519487857819,,
,,0.001,31509,,,,
15,,,31509,,0.06972411274909973,,
,,0.001,31519,,,,
15,,,31519,,0.07196488976478577,,
,,0.001,31529,,,,
15,,,31529,,0.07059158384799957,,
,,0.001,31539,,,,
15,,,31539,,0.06960868835449219,,
,,0.001,31549,,,,
15,,,31549,,0.07034920156002045,,
,,0.001,31559,,,,
15,,,31559,,0.0684615895152092,,
,,0.001,31569,,,,
15,,,31569,,0.06726713478565216,,
,,0.001,31579,,,,
15,,,31579,,0.07142406702041626,,
,,0.001,31589,,,,
15,,,31589,,0.06918356567621231,,
,,0.001,31599,,,,
15,,,31599,,0.06876953691244125,,
,,0.001,31609,,,,
15,,,31609,,0.07133536785840988,,
,,0.001,31619,,,,
15,,,31619,,0.07006044685840607,,
,,0.001,31629,,,,
15,,,31629,,0.07254371047019958,,
,,0.001,31639,,,,
15,,,31639,,0.07000178098678589,,
,,0.001,31649,,,,
15,,,31649,,0.06913390755653381,,
,,0.001,31659,,,,
15,,,31659,,0.06814976781606674,,
,,0.001,31669,,,,
15,,,31669,,0.07187645882368088,,
,,0.001,31679,,,,
15,,,31679,,0.0701281726360321,,
,,0.001,31689,,,,
15,,,31689,,0.06807728856801987,,
,,0.001,31699,,,,
15,,,31699,,0.07156531512737274,,
,,0.001,31709,,,,
15,,,31709,,0.06947599351406097,,
,,0.001,31719,,,,
15,,,31719,,0.06931127607822418,,
,,0.001,31729,,,,
15,,,31729,,0.06898254156112671,,
,,0.001,31739,,,,
15,,,31739,,0.07074002921581268,,
,,0.001,31749,,,,
15,,,31749,,0.06972285360097885,,
,,0.001,31759,,,,
15,,,31759,,0.06818388402462006,,
,,0.001,31769,,,,
15,,,31769,,0.06667251139879227,,
,,0.001,31779,,,,
15,,,31779,,0.07253091782331467,,
,,0.001,31789,,,,
15,,,31789,,0.06997665762901306,,
,,0.001,31799,,,,
15,,,31799,,0.0672072023153305,,
,,0.001,31809,,,,
15,,,31809,,0.06903038173913956,,
,,0.001,31819,,,,
15,,,31819,,0.07019875943660736,,
,,0.001,31829,,,,
15,,,31829,,0.07213853299617767,,
,,0.001,31839,,,,
15,,,31839,,0.070951908826828,,
,,0.001,31849,,,,
15,,,31849,,0.0702720433473587,,
,,0.001,31859,,,,
15,,,31859,,0.07054436206817627,,
,,0.001,31869,,,,
15,,,31869,,0.07151050120592117,,
,,0.001,31879,,,,
15,,,31879,,0.06773544102907181,,
,,0.001,31889,,,,
15,,,31889,,0.07054108381271362,,
,,0.001,31899,,,,
15,,,31899,,0.06922304630279541,,
,,0.001,31909,,,,
15,,,31909,,0.06875251978635788,,
,,0.001,31919,,,,
15,,,31919,,0.07300084084272385,,
,,0.001,31929,,,,
15,,,31929,,0.06831925362348557,,
,,0.001,31939,,,,
15,,,31939,,0.07193175703287125,,
,,0.001,31949,,,,
15,,,31949,,0.0696181207895279,,
,,0.001,31959,,,,
15,,,31959,,0.0734969824552536,,
,,0.001,31969,,,,
15,,,31969,,0.06906457990407944,,
,,0.001,31979,,,,
15,,,31979,,0.07055902481079102,,
,,0.001,31989,,,,
15,,,31989,,0.07108309864997864,,
,,0.001,31999,,,,
15,,,31999,,0.06903325766324997,,
,,,750,,,,0.06988974660634995
,,,751,,,,0.07201705127954483
,,,752,,,,0.06906432658433914
,,,753,,,,0.06957251578569412
,,,754,,,,0.06999329477548599
,,,755,,,,0.06945391744375229
,,,756,,,,0.07135870307683945
,,,757,,,,0.06966924667358398
,,,758,,,,0.07051204890012741
,,,759,,,,0.07064330577850342
,,,760,,,,0.07020577788352966
,,,761,,,,0.06975855678319931
,,,762,,,,0.07159785181283951
,,,763,,,,0.07062330096960068
,,,764,,,,0.07054679095745087
,,,765,,,,0.07193057984113693
,,,766,,,,0.06931251287460327
,,,767,,,,0.06818614155054092
,,,768,,,,0.07035326957702637
,,,769,,,,0.07027784734964371
,,,770,,,,0.07121064513921738
,,,771,,,,0.07043606787919998
,,,772,,,,0.06956764310598373
,,,773,,,,0.07017537206411362
,,,774,,,,0.06992966681718826
,,,775,,,,0.07017260789871216
,,,776,,,,0.07064604014158249
,,,777,,,,0.06998033821582794
,,,778,,,,0.07007678598165512
,,,779,,,,0.06941384077072144
,,,780,,,,0.06938295066356659
,,,781,,,,0.06967724114656448
,,,782,,,,0.06958120316267014
,,,783,,,,0.06895099580287933
,,,784,,,,0.07096954435110092
,,,785,,,,0.0696825161576271
,,,786,,,,0.06994382292032242
,,,787,,,,0.07070691883563995
,,,788,,,,0.07004810869693756
,,,789,,,,0.06965533643960953
,,,790,,,,0.0706423670053482
,,,791,,,,0.06926719844341278
,,,792,,,,0.06905592232942581
,,,793,,,,0.06948365271091461
,,,794,,,,0.06908891350030899
,,,795,,,,0.06899912655353546
,,,796,,,,0.06896842271089554
,,,797,,,,0.06947275251150131
,,,798,,,,0.07014626264572144
,,,799,,,,0.07005832344293594
15,,,31999,,,0.07000714540481567,
15,8.29323673248291,,31999,0.07015359401702881,,,
,,0.001,32009,,,,
16,,,32009,,0.07102509588003159,,
,,0.001,32019,,,,
16,,,32019,,0.07233959436416626,,
,,0.001,32029,,,,
16,,,32029,,0.06951281428337097,,
,,0.001,32039,,,,
16,,,32039,,0.06927365064620972,,
,,0.001,32049,,,,
16,,,32049,,0.07128120958805084,,
,,0.001,32059,,,,
16,,,32059,,0.06896492093801498,,
,,0.001,32069,,,,
16,,,32069,,0.06910321116447449,,
,,0.001,32079,,,,
16,,,32079,,0.06880948692560196,,
,,0.001,32089,,,,
16,,,32089,,0.06856760382652283,,
,,0.001,32099,,,,
16,,,32099,,0.07139599323272705,,
,,0.001,32109,,,,
16,,,32109,,0.07030156999826431,,
,,0.001,32119,,,,
16,,,32119,,0.06977266073226929,,
,,0.001,32129,,,,
16,,,32129,,0.07047620415687561,,
,,0.001,32139,,,,
16,,,32139,,0.06919549405574799,,
,,0.001,32149,,,,
16,,,32149,,0.07150804996490479,,
,,0.001,32159,,,,
16,,,32159,,0.07132602483034134,,
,,0.001,32169,,,,
16,,,32169,,0.0694054663181305,,
,,0.001,32179,,,,
16,,,32179,,0.06992296874523163,,
,,0.001,32189,,,,
16,,,32189,,0.06911793351173401,,
,,0.001,32199,,,,
16,,,32199,,0.06832879781723022,,
,,0.001,32209,,,,
16,,,32209,,0.07225383818149567,,
,,0.001,32219,,,,
16,,,32219,,0.06688477843999863,,
,,0.001,32229,,,,
16,,,32229,,0.0708145871758461,,
,,0.001,32239,,,,
16,,,32239,,0.0698709562420845,,
,,0.001,32249,,,,
16,,,32249,,0.06955941766500473,,
,,0.001,32259,,,,
16,,,32259,,0.06908553093671799,,
,,0.001,32269,,,,
16,,,32269,,0.07013816386461258,,
,,0.001,32279,,,,
16,,,32279,,0.06931160390377045,,
,,0.001,32289,,,,
16,,,32289,,0.07057102769613266,,
,,0.001,32299,,,,
16,,,32299,,0.06678033620119095,,
,,0.001,32309,,,,
16,,,32309,,0.0681615099310875,,
,,0.001,32319,,,,
16,,,32319,,0.07073678076267242,,
,,0.001,32329,,,,
16,,,32329,,0.06859169155359268,,
,,0.001,32339,,,,
16,,,32339,,0.0703873485326767,,
,,0.001,32349,,,,
16,,,32349,,0.06928271055221558,,
,,0.001,32359,,,,
16,,,32359,,0.06649061292409897,,
,,0.001,32369,,,,
16,,,32369,,0.07085099816322327,,
,,0.001,32379,,,,
16,,,32379,,0.07068769633769989,,
,,0.001,32389,,,,
16,,,32389,,0.07100193947553635,,
,,0.001,32399,,,,
16,,,32399,,0.07183949649333954,,
,,0.001,32409,,,,
16,,,32409,,0.06889057159423828,,
,,0.001,32419,,,,
16,,,32419,,0.06902918219566345,,
,,0.001,32429,,,,
16,,,32429,,0.07107129693031311,,
,,0.001,32439,,,,
16,,,32439,,0.06997552514076233,,
,,0.001,32449,,,,
16,,,32449,,0.07008956372737885,,
,,0.001,32459,,,,
16,,,32459,,0.07094243168830872,,
,,0.001,32469,,,,
16,,,32469,,0.06773177534341812,,
,,0.001,32479,,,,
16,,,32479,,0.06757380813360214,,
,,0.001,32489,,,,
16,,,32489,,0.0684058666229248,,
,,0.001,32499,,,,
16,,,32499,,0.0711551308631897,,
,,0.001,32509,,,,
16,,,32509,,0.0680624470114708,,
,,0.001,32519,,,,
16,,,32519,,0.07245039194822311,,
,,0.001,32529,,,,
16,,,32529,,0.06702356040477753,,
,,0.001,32539,,,,
16,,,32539,,0.07025185227394104,,
,,0.001,32549,,,,
16,,,32549,,0.07221829146146774,,
,,0.001,32559,,,,
16,,,32559,,0.0716252252459526,,
,,0.001,32569,,,,
16,,,32569,,0.06944833695888519,,
,,0.001,32579,,,,
16,,,32579,,0.07347247004508972,,
,,0.001,32589,,,,
16,,,32589,,0.06877300143241882,,
,,0.001,32599,,,,
16,,,32599,,0.07005663216114044,,
,,0.001,32609,,,,
16,,,32609,,0.06919141113758087,,
,,0.001,32619,,,,
16,,,32619,,0.07106219977140427,,
,,0.001,32629,,,,
16,,,32629,,0.06867769360542297,,
,,0.001,32639,,,,
16,,,32639,,0.0689685121178627,,
,,0.001,32649,,,,
16,,,32649,,0.06931117177009583,,
,,0.001,32659,,,,
16,,,32659,,0.06752557307481766,,
,,0.001,32669,,,,
16,,,32669,,0.06921259313821793,,
,,0.001,32679,,,,
16,,,32679,,0.0698072612285614,,
,,0.001,32689,,,,
16,,,32689,,0.06836578994989395,,
,,0.001,32699,,,,
16,,,32699,,0.07349646091461182,,
,,0.001,32709,,,,
16,,,32709,,0.06912849843502045,,
,,0.001,32719,,,,
16,,,32719,,0.0705900713801384,,
,,0.001,32729,,,,
16,,,32729,,0.06702825427055359,,
,,0.001,32739,,,,
16,,,32739,,0.06805834174156189,,
,,0.001,32749,,,,
16,,,32749,,0.06667470186948776,,
,,0.001,32759,,,,
16,,,32759,,0.06961521506309509,,
,,0.001,32769,,,,
16,,,32769,,0.06792979687452316,,
,,0.001,32779,,,,
16,,,32779,,0.07090917229652405,,
,,0.001,32789,,,,
16,,,32789,,0.06956683844327927,,
,,0.001,32799,,,,
16,,,32799,,0.07129406929016113,,
,,0.001,32809,,,,
16,,,32809,,0.07029873132705688,,
,,0.001,32819,,,,
16,,,32819,,0.06922727078199387,,
,,0.001,32829,,,,
16,,,32829,,0.06938308477401733,,
,,0.001,32839,,,,
16,,,32839,,0.06552448868751526,,
,,0.001,32849,,,,
16,,,32849,,0.07007987797260284,,
,,0.001,32859,,,,
16,,,32859,,0.0717257633805275,,
,,0.001,32869,,,,
16,,,32869,,0.07190309464931488,,
,,0.001,32879,,,,
16,,,32879,,0.07254838943481445,,
,,0.001,32889,,,,
16,,,32889,,0.0679684579372406,,
,,0.001,32899,,,,
16,,,32899,,0.06901451200246811,,
,,0.001,32909,,,,
16,,,32909,,0.06992045044898987,,
,,0.001,32919,,,,
16,,,32919,,0.07020945847034454,,
,,0.001,32929,,,,
16,,,32929,,0.07043387740850449,,
,,0.001,32939,,,,
16,,,32939,,0.07132142037153244,,
,,0.001,32949,,,,
16,,,32949,,0.07006862014532089,,
,,0.001,32959,,,,
16,,,32959,,0.07124865055084229,,
,,0.001,32969,,,,
16,,,32969,,0.0718265101313591,,
,,0.001,32979,,,,
16,,,32979,,0.0731913149356842,,
,,0.001,32989,,,,
16,,,32989,,0.0733615979552269,,
,,0.001,32999,,,,
16,,,32999,,0.0724983662366867,,
,,0.001,33009,,,,
16,,,33009,,0.06806740164756775,,
,,0.001,33019,,,,
16,,,33019,,0.06579501926898956,,
,,0.001,33029,,,,
16,,,33029,,0.06908783316612244,,
,,0.001,33039,,,,
16,,,33039,,0.06944503635168076,,
,,0.001,33049,,,,
16,,,33049,,0.07052995264530182,,
,,0.001,33059,,,,
16,,,33059,,0.06927208602428436,,
,,0.001,33069,,,,
16,,,33069,,0.07183574885129929,,
,,0.001,33079,,,,
16,,,33079,,0.06958291679620743,,
,,0.001,33089,,,,
16,,,33089,,0.06678271293640137,,
,,0.001,33099,,,,
16,,,33099,,0.06932057440280914,,
,,0.001,33109,,,,
16,,,33109,,0.06823760271072388,,
,,0.001,33119,,,,
16,,,33119,,0.07209962606430054,,
,,0.001,33129,,,,
16,,,33129,,0.06941781938076019,,
,,0.001,33139,,,,
16,,,33139,,0.0711546242237091,,
,,0.001,33149,,,,
16,,,33149,,0.07324645668268204,,
,,0.001,33159,,,,
16,,,33159,,0.07009255141019821,,
,,0.001,33169,,,,
16,,,33169,,0.06903321295976639,,
,,0.001,33179,,,,
16,,,33179,,0.070094995200634,,
,,0.001,33189,,,,
16,,,33189,,0.0702541396021843,,
,,0.001,33199,,,,
16,,,33199,,0.07034087926149368,,
,,0.001,33209,,,,
16,,,33209,,0.06934136897325516,,
,,0.001,33219,,,,
16,,,33219,,0.06912431865930557,,
,,0.001,33229,,,,
16,,,33229,,0.06987818330526352,,
,,0.001,33239,,,,
16,,,33239,,0.06728681921958923,,
,,0.001,33249,,,,
16,,,33249,,0.0680740475654602,,
,,0.001,33259,,,,
16,,,33259,,0.06810644268989563,,
,,0.001,33269,,,,
16,,,33269,,0.07055895775556564,,
,,0.001,33279,,,,
16,,,33279,,0.06971725076436996,,
,,0.001,33289,,,,
16,,,33289,,0.07241038233041763,,
,,0.001,33299,,,,
16,,,33299,,0.07084912061691284,,
,,0.001,33309,,,,
16,,,33309,,0.07004552334547043,,
,,0.001,33319,,,,
16,,,33319,,0.07087964564561844,,
,,0.001,33329,,,,
16,,,33329,,0.07139565795660019,,
,,0.001,33339,,,,
16,,,33339,,0.07075462490320206,,
,,0.001,33349,,,,
16,,,33349,,0.06723096966743469,,
,,0.001,33359,,,,
16,,,33359,,0.06975695490837097,,
,,0.001,33369,,,,
16,,,33369,,0.06795156002044678,,
,,0.001,33379,,,,
16,,,33379,,0.07075997442007065,,
,,0.001,33389,,,,
16,,,33389,,0.06965502351522446,,
,,0.001,33399,,,,
16,,,33399,,0.06986342370510101,,
,,0.001,33409,,,,
16,,,33409,,0.06864689290523529,,
,,0.001,33419,,,,
16,,,33419,,0.06790819019079208,,
,,0.001,33429,,,,
16,,,33429,,0.07039124518632889,,
,,0.001,33439,,,,
16,,,33439,,0.0732811838388443,,
,,0.001,33449,,,,
16,,,33449,,0.07009027898311615,,
,,0.001,33459,,,,
16,,,33459,,0.06997464597225189,,
,,0.001,33469,,,,
16,,,33469,,0.06914317607879639,,
,,0.001,33479,,,,
16,,,33479,,0.07180757075548172,,
,,0.001,33489,,,,
16,,,33489,,0.0701993927359581,,
,,0.001,33499,,,,
16,,,33499,,0.07246536016464233,,
,,0.001,33509,,,,
16,,,33509,,0.07045358419418335,,
,,0.001,33519,,,,
16,,,33519,,0.06952690333127975,,
,,0.001,33529,,,,
16,,,33529,,0.0717925950884819,,
,,0.001,33539,,,,
16,,,33539,,0.07052679359912872,,
,,0.001,33549,,,,
16,,,33549,,0.06954704970121384,,
,,0.001,33559,,,,
16,,,33559,,0.06791415810585022,,
,,0.001,33569,,,,
16,,,33569,,0.07001722604036331,,
,,0.001,33579,,,,
16,,,33579,,0.06979039311408997,,
,,0.001,33589,,,,
16,,,33589,,0.06744757294654846,,
,,0.001,33599,,,,
16,,,33599,,0.06906871497631073,,
,,0.001,33609,,,,
16,,,33609,,0.07295114547014236,,
,,0.001,33619,,,,
16,,,33619,,0.06969358026981354,,
,,0.001,33629,,,,
16,,,33629,,0.06748156249523163,,
,,0.001,33639,,,,
16,,,33639,,0.07068869471549988,,
,,0.001,33649,,,,
16,,,33649,,0.07348448038101196,,
,,0.001,33659,,,,
16,,,33659,,0.07032283395528793,,
,,0.001,33669,,,,
16,,,33669,,0.06780163198709488,,
,,0.001,33679,,,,
16,,,33679,,0.06951901316642761,,
,,0.001,33689,,,,
16,,,33689,,0.0698259249329567,,
,,0.001,33699,,,,
16,,,33699,,0.06979400664567947,,
,,0.001,33709,,,,
16,,,33709,,0.07110820710659027,,
,,0.001,33719,,,,
16,,,33719,,0.0667172446846962,,
,,0.001,33729,,,,
16,,,33729,,0.06952234357595444,,
,,0.001,33739,,,,
16,,,33739,,0.06872447580099106,,
,,0.001,33749,,,,
16,,,33749,,0.0692877396941185,,
,,0.001,33759,,,,
16,,,33759,,0.06607431173324585,,
,,0.001,33769,,,,
16,,,33769,,0.06799229234457016,,
,,0.001,33779,,,,
16,,,33779,,0.07069756835699081,,
,,0.001,33789,,,,
16,,,33789,,0.07123130559921265,,
,,0.001,33799,,,,
16,,,33799,,0.06845592707395554,,
,,0.001,33809,,,,
16,,,33809,,0.0678824931383133,,
,,0.001,33819,,,,
16,,,33819,,0.07108913362026215,,
,,0.001,33829,,,,
16,,,33829,,0.06868994235992432,,
,,0.001,33839,,,,
16,,,33839,,0.07026968896389008,,
,,0.001,33849,,,,
16,,,33849,,0.07198859006166458,,
,,0.001,33859,,,,
16,,,33859,,0.06921617686748505,,
,,0.001,33869,,,,
16,,,33869,,0.07254710793495178,,
,,0.001,33879,,,,
16,,,33879,,0.0681152418255806,,
,,0.001,33889,,,,
16,,,33889,,0.07206498086452484,,
,,0.001,33899,,,,
16,,,33899,,0.06738706678152084,,
,,0.001,33909,,,,
16,,,33909,,0.07059327512979507,,
,,0.001,33919,,,,
16,,,33919,,0.06661272794008255,,
,,0.001,33929,,,,
16,,,33929,,0.07027508318424225,,
,,0.001,33939,,,,
16,,,33939,,0.07007806748151779,,
,,0.001,33949,,,,
16,,,33949,,0.07198243588209152,,
,,0.001,33959,,,,
16,,,33959,,0.07001368701457977,,
,,0.001,33969,,,,
16,,,33969,,0.06729428470134735,,
,,0.001,33979,,,,
16,,,33979,,0.07092196494340897,,
,,0.001,33989,,,,
16,,,33989,,0.07427938282489777,,
,,0.001,33999,,,,
16,,,33999,,0.07052932679653168,,
,,,800,,,,0.06969244033098221
,,,801,,,,0.07175692915916443
,,,802,,,,0.06873143464326859
,,,803,,,,0.0695958212018013
,,,804,,,,0.06982697546482086
,,,805,,,,0.06927147507667542
,,,806,,,,0.07118647545576096
,,,807,,,,0.069511279463768
,,,808,,,,0.07023125141859055
,,,809,,,,0.07041365653276443
,,,810,,,,0.06992017477750778
,,,811,,,,0.06993123888969421
,,,812,,,,0.07162018120288849
,,,813,,,,0.07045064121484756
,,,814,,,,0.07060220837593079
,,,815,,,,0.07160485535860062
,,,816,,,,0.06928825378417969
,,,817,,,,0.06777048110961914
,,,818,,,,0.07015085220336914
,,,819,,,,0.06999001652002335
,,,820,,,,0.0708993673324585
,,,821,,,,0.07011967152357101
,,,822,,,,0.06937496364116669
,,,823,,,,0.06999804079532623
,,,824,,,,0.06992018967866898
,,,825,,,,0.07013233006000519
,,,826,,,,0.07049846649169922
,,,827,,,,0.06946255266666412
,,,828,,,,0.06982352584600449
,,,829,,,,0.06924402713775635
,,,830,,,,0.0692991241812706
,,,831,,,,0.06956347078084946
,,,832,,,,0.06921665370464325
,,,833,,,,0.06880850344896317
,,,834,,,,0.07101254165172577
,,,835,,,,0.06937196850776672
,,,836,,,,0.06977373361587524
,,,837,,,,0.07037526369094849
,,,838,,,,0.07007919251918793
,,,839,,,,0.06933986395597458
,,,840,,,,0.07064570486545563
,,,841,,,,0.06929796189069748
,,,842,,,,0.0692281574010849
,,,843,,,,0.06950763612985611
,,,844,,,,0.06863527745008469
,,,845,,,,0.06883732974529266
,,,846,,,,0.06883572787046432
,,,847,,,,0.06939152628183365
,,,848,,,,0.06985960155725479
,,,849,,,,0.06967572867870331
16,,,33999,,,0.06983549147844315,
16,8.316877365112305,,33999,0.06972133368253708,,,
,,0.001,34009,,,,
17,,,34009,,0.07294569164514542,,
,,0.001,34019,,,,
17,,,34019,,0.06882504373788834,,
,,0.001,34029,,,,
17,,,34029,,0.07262774556875229,,
,,0.001,34039,,,,
17,,,34039,,0.06902680546045303,,
,,0.001,34049,,,,
17,,,34049,,0.07056594640016556,,
,,0.001,34059,,,,
17,,,34059,,0.06980474293231964,,
,,0.001,34069,,,,
17,,,34069,,0.0679800733923912,,
,,0.001,34079,,,,
17,,,34079,,0.06899740546941757,,
,,0.001,34089,,,,
17,,,34089,,0.06827325373888016,,
,,0.001,34099,,,,
17,,,34099,,0.07235075533390045,,
,,0.001,34109,,,,
17,,,34109,,0.0700770691037178,,
,,0.001,34119,,,,
17,,,34119,,0.07114006578922272,,
,,0.001,34129,,,,
17,,,34129,,0.06851600110530853,,
,,0.001,34139,,,,
17,,,34139,,0.06925275176763535,,
,,0.001,34149,,,,
17,,,34149,,0.06905420869588852,,
,,0.001,34159,,,,
17,,,34159,,0.06858362257480621,,
,,0.001,34169,,,,
17,,,34169,,0.06967557221651077,,
,,0.001,34179,,,,
17,,,34179,,0.06709621846675873,,
,,0.001,34189,,,,
17,,,34189,,0.07099796086549759,,
,,0.001,34199,,,,
17,,,34199,,0.0684417262673378,,
,,0.001,34209,,,,
17,,,34209,,0.07256826758384705,,
,,0.001,34219,,,,
17,,,34219,,0.06932207196950912,,
,,0.001,34229,,,,
17,,,34229,,0.06956005841493607,,
,,0.001,34239,,,,
17,,,34239,,0.06706996262073517,,
,,0.001,34249,,,,
17,,,34249,,0.06848285347223282,,
,,0.001,34259,,,,
17,,,34259,,0.07072530686855316,,
,,0.001,34269,,,,
17,,,34269,,0.0700407475233078,,
,,0.001,34279,,,,
17,,,34279,,0.06703323125839233,,
,,0.001,34289,,,,
17,,,34289,,0.06948400288820267,,
,,0.001,34299,,,,
17,,,34299,,0.06718551367521286,,
,,0.001,34309,,,,
17,,,34309,,0.07155494391918182,,
,,0.001,34319,,,,
17,,,34319,,0.06745670735836029,,
,,0.001,34329,,,,
17,,,34329,,0.07011956721544266,,
,,0.001,34339,,,,
17,,,34339,,0.06646330654621124,,
,,0.001,34349,,,,
17,,,34349,,0.06756611168384552,,
,,0.001,34359,,,,
17,,,34359,,0.069184310734272,,
,,0.001,34369,,,,
17,,,34369,,0.06992733478546143,,
,,0.001,34379,,,,
17,,,34379,,0.0688212513923645,,
,,0.001,34389,,,,
17,,,34389,,0.06848414242267609,,
,,0.001,34399,,,,
17,,,34399,,0.0701969638466835,,
,,0.001,34409,,,,
17,,,34409,,0.07172738760709763,,
,,0.001,34419,,,,
17,,,34419,,0.06976143270730972,,
,,0.001,34429,,,,
17,,,34429,,0.06974285840988159,,
,,0.001,34439,,,,
17,,,34439,,0.06778242439031601,,
,,0.001,34449,,,,
17,,,34449,,0.07103531062602997,,
,,0.001,34459,,,,
17,,,34459,,0.07129007577896118,,
,,0.001,34469,,,,
17,,,34469,,0.07310470938682556,,
,,0.001,34479,,,,
17,,,34479,,0.06675831973552704,,
,,0.001,34489,,,,
17,,,34489,,0.07159370929002762,,
,,0.001,34499,,,,
17,,,34499,,0.07096919417381287,,
,,0.001,34509,,,,
17,,,34509,,0.06958877295255661,,
,,0.001,34519,,,,
17,,,34519,,0.06817518919706345,,
,,0.001,34529,,,,
17,,,34529,,0.068125881254673,,
,,0.001,34539,,,,
17,,,34539,,0.0705309808254242,,
,,0.001,34549,,,,
17,,,34549,,0.06872986257076263,,
,,0.001,34559,,,,
17,,,34559,,0.0684460997581482,,
,,0.001,34569,,,,
17,,,34569,,0.0696224495768547,,
,,0.001,34579,,,,
17,,,34579,,0.07217063009738922,,
,,0.001,34589,,,,
17,,,34589,,0.06994926184415817,,
,,0.001,34599,,,,
17,,,34599,,0.06852804124355316,,
,,0.001,34609,,,,
17,,,34609,,0.07234017550945282,,
,,0.001,34619,,,,
17,,,34619,,0.06811929494142532,,
,,0.001,34629,,,,
17,,,34629,,0.0700470358133316,,
,,0.001,34639,,,,
17,,,34639,,0.06774510443210602,,
,,0.001,34649,,,,
17,,,34649,,0.06891394406557083,,
,,0.001,34659,,,,
17,,,34659,,0.06865048408508301,,
,,0.001,34669,,,,
17,,,34669,,0.07016909867525101,,
,,0.001,34679,,,,
17,,,34679,,0.06932391971349716,,
,,0.001,34689,,,,
17,,,34689,,0.0673835352063179,,
,,0.001,34699,,,,
17,,,34699,,0.07295821607112885,,
,,0.001,34709,,,,
17,,,34709,,0.07004591822624207,,
,,0.001,34719,,,,
17,,,34719,,0.0694013237953186,,
,,0.001,34729,,,,
17,,,34729,,0.06750015169382095,,
,,0.001,34739,,,,
17,,,34739,,0.07046590000391006,,
,,0.001,34749,,,,
17,,,34749,,0.06853723526000977,,
,,0.001,34759,,,,
17,,,34759,,0.0682489350438118,,
,,0.001,34769,,,,
17,,,34769,,0.06724090874195099,,
,,0.001,34779,,,,
17,,,34779,,0.07205970585346222,,
,,0.001,34789,,,,
17,,,34789,,0.06791046261787415,,
,,0.001,34799,,,,
17,,,34799,,0.06893845647573471,,
,,0.001,34809,,,,
17,,,34809,,0.06935209035873413,,
,,0.001,34819,,,,
17,,,34819,,0.07145556807518005,,
,,0.001,34829,,,,
17,,,34829,,0.0675579160451889,,
,,0.001,34839,,,,
17,,,34839,,0.07194369286298752,,
,,0.001,34849,,,,
17,,,34849,,0.07259318232536316,,
,,0.001,34859,,,,
17,,,34859,,0.06926512718200684,,
,,0.001,34869,,,,
17,,,34869,,0.06887507438659668,,
,,0.001,34879,,,,
17,,,34879,,0.07202912867069244,,
,,0.001,34889,,,,
17,,,34889,,0.0669127032160759,,
,,0.001,34899,,,,
17,,,34899,,0.06921112537384033,,
,,0.001,34909,,,,
17,,,34909,,0.06882370263338089,,
,,0.001,34919,,,,
17,,,34919,,0.06896863877773285,,
,,0.001,34929,,,,
17,,,34929,,0.06923498958349228,,
,,0.001,34939,,,,
17,,,34939,,0.06775791198015213,,
,,0.001,34949,,,,
17,,,34949,,0.07139788568019867,,
,,0.001,34959,,,,
17,,,34959,,0.06942002475261688,,
,,0.001,34969,,,,
17,,,34969,,0.07249561697244644,,
,,0.001,34979,,,,
17,,,34979,,0.07328595966100693,,
,,0.001,34989,,,,
17,,,34989,,0.0679066851735115,,
,,0.001,34999,,,,
17,,,34999,,0.07180972397327423,,
,,0.001,35009,,,,
17,,,35009,,0.06743132323026657,,
,,0.001,35019,,,,
17,,,35019,,0.06612899899482727,,
,,0.001,35029,,,,
17,,,35029,,0.06746719032526016,,
,,0.001,35039,,,,
17,,,35039,,0.0682961568236351,,
,,0.001,35049,,,,
17,,,35049,,0.06974047422409058,,
,,0.001,35059,,,,
17,,,35059,,0.06944070011377335,,
,,0.001,35069,,,,
17,,,35069,,0.07192621380090714,,
,,0.001,35079,,,,
17,,,35079,,0.06968550384044647,,
,,0.001,35089,,,,
17,,,35089,,0.069968581199646,,
,,0.001,35099,,,,
17,,,35099,,0.07003854215145111,,
,,0.001,35109,,,,
17,,,35109,,0.07137162238359451,,
,,0.001,35119,,,,
17,,,35119,,0.07080318033695221,,
,,0.001,35129,,,,
17,,,35129,,0.07025596499443054,,
,,0.001,35139,,,,
17,,,35139,,0.06880147755146027,,
,,0.001,35149,,,,
17,,,35149,,0.07046673446893692,,
,,0.001,35159,,,,
17,,,35159,,0.07043509185314178,,
,,0.001,35169,,,,
17,,,35169,,0.06896191835403442,,
,,0.001,35179,,,,
17,,,35179,,0.06978613138198853,,
,,0.001,35189,,,,
17,,,35189,,0.06790103018283844,,
,,0.001,35199,,,,
17,,,35199,,0.07171127200126648,,
,,0.001,35209,,,,
17,,,35209,,0.07070858031511307,,
,,0.001,35219,,,,
17,,,35219,,0.07099536806344986,,
,,0.001,35229,,,,
17,,,35229,,0.06737716495990753,,
,,0.001,35239,,,,
17,,,35239,,0.06745772808790207,,
,,0.001,35249,,,,
17,,,35249,,0.06869050860404968,,
,,0.001,35259,,,,
17,,,35259,,0.07080283015966415,,
,,0.001,35269,,,,
17,,,35269,,0.06697043776512146,,
,,0.001,35279,,,,
17,,,35279,,0.07038506120443344,,
,,0.001,35289,,,,
17,,,35289,,0.06803146749734879,,
,,0.001,35299,,,,
17,,,35299,,0.06806210428476334,,
,,0.001,35309,,,,
17,,,35309,,0.06951850652694702,,
,,0.001,35319,,,,
17,,,35319,,0.07246527820825577,,
,,0.001,35329,,,,
17,,,35329,,0.0669560506939888,,
,,0.001,35339,,,,
17,,,35339,,0.06775148957967758,,
,,0.001,35349,,,,
17,,,35349,,0.06794260442256927,,
,,0.001,35359,,,,
17,,,35359,,0.06827159970998764,,
,,0.001,35369,,,,
17,,,35369,,0.06952394545078278,,
,,0.001,35379,,,,
17,,,35379,,0.06852180510759354,,
,,0.001,35389,,,,
17,,,35389,,0.06908335536718369,,
,,0.001,35399,,,,
17,,,35399,,0.06898558884859085,,
,,0.001,35409,,,,
17,,,35409,,0.06801831722259521,,
,,0.001,35419,,,,
17,,,35419,,0.07024507969617844,,
,,0.001,35429,,,,
17,,,35429,,0.07032860815525055,,
,,0.001,35439,,,,
17,,,35439,,0.07051712274551392,,
,,0.001,35449,,,,
17,,,35449,,0.0687289834022522,,
,,0.001,35459,,,,
17,,,35459,,0.06815159320831299,,
,,0.001,35469,,,,
17,,,35469,,0.07039955258369446,,
,,0.001,35479,,,,
17,,,35479,,0.07134158909320831,,
,,0.001,35489,,,,
17,,,35489,,0.06947498768568039,,
,,0.001,35499,,,,
17,,,35499,,0.06722912192344666,,
,,0.001,35509,,,,
17,,,35509,,0.07079895585775375,,
,,0.001,35519,,,,
17,,,35519,,0.07053600996732712,,
,,0.001,35529,,,,
17,,,35529,,0.07072445750236511,,
,,0.001,35539,,,,
17,,,35539,,0.06853651255369186,,
,,0.001,35549,,,,
17,,,35549,,0.06919021904468536,,
,,0.001,35559,,,,
17,,,35559,,0.0670926496386528,,
,,0.001,35569,,,,
17,,,35569,,0.07124844938516617,,
,,0.001,35579,,,,
17,,,35579,,0.07318166643381119,,
,,0.001,35589,,,,
17,,,35589,,0.07046736776828766,,
,,0.001,35599,,,,
17,,,35599,,0.068301722407341,,
,,0.001,35609,,,,
17,,,35609,,0.07167674601078033,,
,,0.001,35619,,,,
17,,,35619,,0.0689048171043396,,
,,0.001,35629,,,,
17,,,35629,,0.06870903074741364,,
,,0.001,35639,,,,
17,,,35639,,0.070693239569664,,
,,0.001,35649,,,,
17,,,35649,,0.0729406550526619,,
,,0.001,35659,,,,
17,,,35659,,0.06737639009952545,,
,,0.001,35669,,,,
17,,,35669,,0.06730785965919495,,
,,0.001,35679,,,,
17,,,35679,,0.06973713636398315,,
,,0.001,35689,,,,
17,,,35689,,0.0701487585902214,,
,,0.001,35699,,,,
17,,,35699,,0.07153059542179108,,
,,0.001,35709,,,,
17,,,35709,,0.06966375559568405,,
,,0.001,35719,,,,
17,,,35719,,0.06708388775587082,,
,,0.001,35729,,,,
17,,,35729,,0.06715883314609528,,
,,0.001,35739,,,,
17,,,35739,,0.06959152221679688,,
,,0.001,35749,,,,
17,,,35749,,0.0680820494890213,,
,,0.001,35759,,,,
17,,,35759,,0.0710509717464447,,
,,0.001,35769,,,,
17,,,35769,,0.07148478925228119,,
,,0.001,35779,,,,
17,,,35779,,0.0695740133523941,,
,,0.001,35789,,,,
17,,,35789,,0.0686136931180954,,
,,0.001,35799,,,,
17,,,35799,,0.07023552060127258,,
,,0.001,35809,,,,
17,,,35809,,0.07136257737874985,,
,,0.001,35819,,,,
17,,,35819,,0.07016126066446304,,
,,0.001,35829,,,,
17,,,35829,,0.06790545582771301,,
,,0.001,35839,,,,
17,,,35839,,0.06961438804864883,,
,,0.001,35849,,,,
17,,,35849,,0.06942609697580338,,
,,0.001,35859,,,,
17,,,35859,,0.06912738084793091,,
,,0.001,35869,,,,
17,,,35869,,0.07186705619096756,,
,,0.001,35879,,,,
17,,,35879,,0.06642201542854309,,
,,0.001,35889,,,,
17,,,35889,,0.07165051251649857,,
,,0.001,35899,,,,
17,,,35899,,0.06941235810518265,,
,,0.001,35909,,,,
17,,,35909,,0.06755250692367554,,
,,0.001,35919,,,,
17,,,35919,,0.069307342171669,,
,,0.001,35929,,,,
17,,,35929,,0.06719338893890381,,
,,0.001,35939,,,,
17,,,35939,,0.06927810609340668,,
,,0.001,35949,,,,
17,,,35949,,0.072018101811409,,
,,0.001,35959,,,,
17,,,35959,,0.07252182811498642,,
,,0.001,35969,,,,
17,,,35969,,0.06990183144807816,,
,,0.001,35979,,,,
17,,,35979,,0.07231456786394119,,
,,0.001,35989,,,,
17,,,35989,,0.07139238715171814,,
,,0.001,35999,,,,
17,,,35999,,0.06972973793745041,,
,,,850,,,,0.06908078491687775
,,,851,,,,0.07105115801095963
,,,852,,,,0.06815436482429504
,,,853,,,,0.068767249584198
,,,854,,,,0.06917516142129898
,,,855,,,,0.06844200938940048
,,,856,,,,0.07054052501916885
,,,857,,,,0.06884623318910599
,,,858,,,,0.06962038576602936
,,,859,,,,0.06950318068265915
,,,860,,,,0.06960413604974747
,,,861,,,,0.06926974654197693
,,,862,,,,0.07074424624443054
,,,863,,,,0.06988060474395752
,,,864,,,,0.06971529871225357
,,,865,,,,0.07101955264806747
,,,866,,,,0.06850331276655197
,,,867,,,,0.06745096296072006
,,,868,,,,0.06972182542085648
,,,869,,,,0.06931845843791962
,,,870,,,,0.0702223926782608
,,,871,,,,0.06931234151124954
,,,872,,,,0.06855092197656631
,,,873,,,,0.06931090354919434
,,,874,,,,0.06902216374874115
,,,875,,,,0.06928050518035889
,,,876,,,,0.06976838409900665
,,,877,,,,0.06894484162330627
,,,878,,,,0.06908825784921646
,,,879,,,,0.06855177879333496
,,,880,,,,0.06870859116315842
,,,881,,,,0.06869618594646454
,,,882,,,,0.06887083500623703
,,,883,,,,0.06804116070270538
,,,884,,,,0.0701904296875
,,,885,,,,0.06884066015481949
,,,886,,,,0.06925570219755173
,,,887,,,,0.06984148174524307
,,,888,,,,0.06945553421974182
,,,889,,,,0.06850791722536087
,,,890,,,,0.0701441541314125
,,,891,,,,0.06842023134231567
,,,892,,,,0.06819143891334534
,,,893,,,,0.0686703771352768
,,,894,,,,0.06815637648105621
,,,895,,,,0.06856823712587357
,,,896,,,,0.06812389940023422
,,,897,,,,0.06884010881185532
,,,898,,,,0.06932521611452103
,,,899,,,,0.06928400695323944
17,,,35999,,,0.06917188316583633,
17,8.40684986114502,,35999,0.06939205527305603,,,
,,0.001,36009,,,,
18,,,36009,,0.0687568336725235,,
,,0.001,36019,,,,
18,,,36019,,0.07065179944038391,,
,,0.001,36029,,,,
18,,,36029,,0.07163207978010178,,
,,0.001,36039,,,,
18,,,36039,,0.06971922516822815,,
,,0.001,36049,,,,
18,,,36049,,0.06751348078250885,,
,,0.001,36059,,,,
18,,,36059,,0.06828721612691879,,
,,0.001,36069,,,,
18,,,36069,,0.06753464788198471,,
,,0.001,36079,,,,
18,,,36079,,0.07130572199821472,,
,,0.001,36089,,,,
18,,,36089,,0.07014723122119904,,
,,0.001,36099,,,,
18,,,36099,,0.0702245905995369,,
,,0.001,36109,,,,
18,,,36109,,0.07120206952095032,,
,,0.001,36119,,,,
18,,,36119,,0.07063114643096924,,
,,0.001,36129,,,,
18,,,36129,,0.06774254143238068,,
,,0.001,36139,,,,
18,,,36139,,0.06963702291250229,,
,,0.001,36149,,,,
18,,,36149,,0.07468298822641373,,
,,0.001,36159,,,,
18,,,36159,,0.0689811185002327,,
,,0.001,36169,,,,
18,,,36169,,0.07326474785804749,,
,,0.001,36179,,,,
18,,,36179,,0.06982016563415527,,
,,0.001,36189,,,,
18,,,36189,,0.07213704288005829,,
,,0.001,36199,,,,
18,,,36199,,0.07005439698696136,,
,,0.001,36209,,,,
18,,,36209,,0.07371390610933304,,
,,0.001,36219,,,,
18,,,36219,,0.06913609802722931,,
,,0.001,36229,,,,
18,,,36229,,0.06605392694473267,,
,,0.001,36239,,,,
18,,,36239,,0.06931878626346588,,
,,0.001,36249,,,,
18,,,36249,,0.06874047219753265,,
,,0.001,36259,,,,
18,,,36259,,0.07253802567720413,,
,,0.001,36269,,,,
18,,,36269,,0.06817933171987534,,
,,0.001,36279,,,,
18,,,36279,,0.06995538622140884,,
,,0.001,36289,,,,
18,,,36289,,0.07133103162050247,,
,,0.001,36299,,,,
18,,,36299,,0.06876321882009506,,
,,0.001,36309,,,,
18,,,36309,,0.07099074125289917,,
,,0.001,36319,,,,
18,,,36319,,0.0664563924074173,,
,,0.001,36329,,,,
18,,,36329,,0.06807934492826462,,
,,0.001,36339,,,,
18,,,36339,,0.06919196248054504,,
,,0.001,36349,,,,
18,,,36349,,0.07042363286018372,,
,,0.001,36359,,,,
18,,,36359,,0.07072602957487106,,
,,0.001,36369,,,,
18,,,36369,,0.06942307204008102,,
,,0.001,36379,,,,
18,,,36379,,0.0689873993396759,,
,,0.001,36389,,,,
18,,,36389,,0.07011550664901733,,
,,0.001,36399,,,,
18,,,36399,,0.06727884709835052,,
,,0.001,36409,,,,
18,,,36409,,0.07141924649477005,,
,,0.001,36419,,,,
18,,,36419,,0.06727385520935059,,
,,0.001,36429,,,,
18,,,36429,,0.07082591205835342,,
,,0.001,36439,,,,
18,,,36439,,0.0670522153377533,,
,,0.001,36449,,,,
18,,,36449,,0.06853069365024567,,
,,0.001,36459,,,,
18,,,36459,,0.06847541034221649,,
,,0.001,36469,,,,
18,,,36469,,0.07052990794181824,,
,,0.001,36479,,,,
18,,,36479,,0.07152725011110306,,
,,0.001,36489,,,,
18,,,36489,,0.06961994618177414,,
,,0.001,36499,,,,
18,,,36499,,0.07329601049423218,,
,,0.001,36509,,,,
18,,,36509,,0.07033642381429672,,
,,0.001,36519,,,,
18,,,36519,,0.06814317405223846,,
,,0.001,36529,,,,
18,,,36529,,0.0671599879860878,,
,,0.001,36539,,,,
18,,,36539,,0.06800293177366257,,
,,0.001,36549,,,,
18,,,36549,,0.06945382803678513,,
,,0.001,36559,,,,
18,,,36559,,0.0681021586060524,,
,,0.001,36569,,,,
18,,,36569,,0.06997648626565933,,
,,0.001,36579,,,,
18,,,36579,,0.0699688270688057,,
,,0.001,36589,,,,
18,,,36589,,0.06959010660648346,,
,,0.001,36599,,,,
18,,,36599,,0.0674101933836937,,
,,0.001,36609,,,,
18,,,36609,,0.07050259411334991,,
,,0.001,36619,,,,
18,,,36619,,0.07040030509233475,,
,,0.001,36629,,,,
18,,,36629,,0.06782715022563934,,
,,0.001,36639,,,,
18,,,36639,,0.06871648132801056,,
,,0.001,36649,,,,
18,,,36649,,0.06721837818622589,,
,,0.001,36659,,,,
18,,,36659,,0.06684450060129166,,
,,0.001,36669,,,,
18,,,36669,,0.0700131431221962,,
,,0.001,36679,,,,
18,,,36679,,0.07027511298656464,,
,,0.001,36689,,,,
18,,,36689,,0.06613441556692123,,
,,0.001,36699,,,,
18,,,36699,,0.06942828744649887,,
,,0.001,36709,,,,
18,,,36709,,0.0694771260023117,,
,,0.001,36719,,,,
18,,,36719,,0.07170145958662033,,
,,0.001,36729,,,,
18,,,36729,,0.06821349263191223,,
,,0.001,36739,,,,
18,,,36739,,0.07027998566627502,,
,,0.001,36749,,,,
18,,,36749,,0.07216780632734299,,
,,0.001,36759,,,,
18,,,36759,,0.06728840619325638,,
,,0.001,36769,,,,
18,,,36769,,0.06780032813549042,,
,,0.001,36779,,,,
18,,,36779,,0.06950502842664719,,
,,0.001,36789,,,,
18,,,36789,,0.06772155314683914,,
,,0.001,36799,,,,
18,,,36799,,0.07125096023082733,,
,,0.001,36809,,,,
18,,,36809,,0.0673452764749527,,
,,0.001,36819,,,,
18,,,36819,,0.07210491597652435,,
,,0.001,36829,,,,
18,,,36829,,0.07116171717643738,,
,,0.001,36839,,,,
18,,,36839,,0.0683031901717186,,
,,0.001,36849,,,,
18,,,36849,,0.06702865660190582,,
,,0.001,36859,,,,
18,,,36859,,0.07022622972726822,,
,,0.001,36869,,,,
18,,,36869,,0.07081076502799988,,
,,0.001,36879,,,,
18,,,36879,,0.06914352625608444,,
,,0.001,36889,,,,
18,,,36889,,0.06928331404924393,,
,,0.001,36899,,,,
18,,,36899,,0.06848208606243134,,
,,0.001,36909,,,,
18,,,36909,,0.06831549108028412,,
,,0.001,36919,,,,
18,,,36919,,0.0693771243095398,,
,,0.001,36929,,,,
18,,,36929,,0.0697915330529213,,
,,0.001,36939,,,,
18,,,36939,,0.06946195662021637,,
,,0.001,36949,,,,
18,,,36949,,0.0733325332403183,,
,,0.001,36959,,,,
18,,,36959,,0.07211649417877197,,
,,0.001,36969,,,,
18,,,36969,,0.06935182213783264,,
,,0.001,36979,,,,
18,,,36979,,0.071150042116642,,
,,0.001,36989,,,,
18,,,36989,,0.06758527457714081,,
,,0.001,36999,,,,
18,,,36999,,0.07206359505653381,,
,,0.001,37009,,,,
18,,,37009,,0.06891990453004837,,
,,0.001,37019,,,,
18,,,37019,,0.06909754127264023,,
,,0.001,37029,,,,
18,,,37029,,0.07052433490753174,,
,,0.001,37039,,,,
18,,,37039,,0.06976371258497238,,
,,0.001,37049,,,,
18,,,37049,,0.07005862146615982,,
,,0.001,37059,,,,
18,,,37059,,0.06940577179193497,,
,,0.001,37069,,,,
18,,,37069,,0.06896521151065826,,
,,0.001,37079,,,,
18,,,37079,,0.07081607729196548,,
,,0.001,37089,,,,
18,,,37089,,0.0700482428073883,,
,,0.001,37099,,,,
18,,,37099,,0.06976548582315445,,
,,0.001,37109,,,,
18,,,37109,,0.07135436683893204,,
,,0.001,37119,,,,
18,,,37119,,0.0726875439286232,,
,,0.001,37129,,,,
18,,,37129,,0.07231254875659943,,
,,0.001,37139,,,,
18,,,37139,,0.06956963986158371,,
,,0.001,37149,,,,
18,,,37149,,0.07099044322967529,,
,,0.001,37159,,,,
18,,,37159,,0.07275986671447754,,
,,0.001,37169,,,,
18,,,37169,,0.06895124912261963,,
,,0.001,37179,,,,
18,,,37179,,0.06699278950691223,,
,,0.001,37189,,,,
18,,,37189,,0.07016637921333313,,
,,0.001,37199,,,,
18,,,37199,,0.0697527602314949,,
,,0.001,37209,,,,
18,,,37209,,0.06922438740730286,,
,,0.001,37219,,,,
18,,,37219,,0.07172747701406479,,
,,0.001,37229,,,,
18,,,37229,,0.06598654389381409,,
,,0.001,37239,,,,
18,,,37239,,0.06639693677425385,,
,,0.001,37249,,,,
18,,,37249,,0.06981605291366577,,
,,0.001,37259,,,,
18,,,37259,,0.06883501261472702,,
,,0.001,37269,,,,
18,,,37269,,0.06862907856702805,,
,,0.001,37279,,,,
18,,,37279,,0.07331614941358566,,
,,0.001,37289,,,,
18,,,37289,,0.06660141795873642,,
,,0.001,37299,,,,
18,,,37299,,0.06885972619056702,,
,,0.001,37309,,,,
18,,,37309,,0.06947718560695648,,
,,0.001,37319,,,,
18,,,37319,,0.07048773765563965,,
,,0.001,37329,,,,
18,,,37329,,0.07032261043787003,,
,,0.001,37339,,,,
18,,,37339,,0.06906305253505707,,
,,0.001,37349,,,,
18,,,37349,,0.0685422345995903,,
,,0.001,37359,,,,
18,,,37359,,0.06853806227445602,,
,,0.001,37369,,,,
18,,,37369,,0.06863310933113098,,
,,0.001,37379,,,,
18,,,37379,,0.06997764855623245,,
,,0.001,37389,,,,
18,,,37389,,0.06926900893449783,,
,,0.001,37399,,,,
18,,,37399,,0.07056593894958496,,
,,0.001,37409,,,,
18,,,37409,,0.07131412625312805,,
,,0.001,37419,,,,
18,,,37419,,0.0708090215921402,,
,,0.001,37429,,,,
18,,,37429,,0.07006347924470901,,
,,0.001,37439,,,,
18,,,37439,,0.07022671401500702,,
,,0.001,37449,,,,
18,,,37449,,0.06830118596553802,,
,,0.001,37459,,,,
18,,,37459,,0.07103300094604492,,
,,0.001,37469,,,,
18,,,37469,,0.06990320980548859,,
,,0.001,37479,,,,
18,,,37479,,0.07060714811086655,,
,,0.001,37489,,,,
18,,,37489,,0.06891431659460068,,
,,0.001,37499,,,,
18,,,37499,,0.07017139345407486,,
,,0.001,37509,,,,
18,,,37509,,0.06851304322481155,,
,,0.001,37519,,,,
18,,,37519,,0.06815869361162186,,
,,0.001,37529,,,,
18,,,37529,,0.06777657568454742,,
,,0.001,37539,,,,
18,,,37539,,0.07023866474628448,,
,,0.001,37549,,,,
18,,,37549,,0.07002357393503189,,
,,0.001,37559,,,,
18,,,37559,,0.06776125729084015,,
,,0.001,37569,,,,
18,,,37569,,0.06755407899618149,,
,,0.001,37579,,,,
18,,,37579,,0.07078339159488678,,
,,0.001,37589,,,,
18,,,37589,,0.06793472170829773,,
,,0.001,37599,,,,
18,,,37599,,0.06722691655158997,,
,,0.001,37609,,,,
18,,,37609,,0.07390638440847397,,
,,0.001,37619,,,,
18,,,37619,,0.070341095328331,,
,,0.001,37629,,,,
18,,,37629,,0.06597873568534851,,
,,0.001,37639,,,,
18,,,37639,,0.07155761122703552,,
,,0.001,37649,,,,
18,,,37649,,0.07003730535507202,,
,,0.001,37659,,,,
18,,,37659,,0.07112172245979309,,
,,0.001,37669,,,,
18,,,37669,,0.06757413595914841,,
,,0.001,37679,,,,
18,,,37679,,0.07017350196838379,,
,,0.001,37689,,,,
18,,,37689,,0.06910202652215958,,
,,0.001,37699,,,,
18,,,37699,,0.06829257309436798,,
,,0.001,37709,,,,
18,,,37709,,0.07166872918605804,,
,,0.001,37719,,,,
18,,,37719,,0.06664649397134781,,
,,0.001,37729,,,,
18,,,37729,,0.07035056501626968,,
,,0.001,37739,,,,
18,,,37739,,0.06967997550964355,,
,,0.001,37749,,,,
18,,,37749,,0.06975406408309937,,
,,0.001,37759,,,,
18,,,37759,,0.06875085085630417,,
,,0.001,37769,,,,
18,,,37769,,0.0696246400475502,,
,,0.001,37779,,,,
18,,,37779,,0.0677376314997673,,
,,0.001,37789,,,,
18,,,37789,,0.07182992994785309,,
,,0.001,37799,,,,
18,,,37799,,0.06949601322412491,,
,,0.001,37809,,,,
18,,,37809,,0.07038073986768723,,
,,0.001,37819,,,,
18,,,37819,,0.06889548152685165,,
,,0.001,37829,,,,
18,,,37829,,0.06827473640441895,,
,,0.001,37839,,,,
18,,,37839,,0.0692746713757515,,
,,0.001,37849,,,,
18,,,37849,,0.06801653653383255,,
,,0.001,37859,,,,
18,,,37859,,0.06994250416755676,,
,,0.001,37869,,,,
18,,,37869,,0.06992535293102264,,
,,0.001,37879,,,,
18,,,37879,,0.06945088505744934,,
,,0.001,37889,,,,
18,,,37889,,0.06974217295646667,,
,,0.001,37899,,,,
18,,,37899,,0.06646312773227692,,
,,0.001,37909,,,,
18,,,37909,,0.06885068118572235,,
,,0.001,37919,,,,
18,,,37919,,0.07028058171272278,,
,,0.001,37929,,,,
18,,,37929,,0.06813956052064896,,
,,0.001,37939,,,,
18,,,37939,,0.07085342705249786,,
,,0.001,37949,,,,
18,,,37949,,0.06750762462615967,,
,,0.001,37959,,,,
18,,,37959,,0.07066737860441208,,
,,0.001,37969,,,,
18,,,37969,,0.06793215870857239,,
,,0.001,37979,,,,
18,,,37979,,0.0710996687412262,,
,,0.001,37989,,,,
18,,,37989,,0.0711570605635643,,
,,0.001,37999,,,,
18,,,37999,,0.0701509490609169,,
,,,900,,,,0.06862632185220718
,,,901,,,,0.07057184725999832
,,,902,,,,0.06797867268323898
,,,903,,,,0.06875596195459366
,,,904,,,,0.06885883957147598
,,,905,,,,0.06841184943914413
,,,906,,,,0.07011827081441879
,,,907,,,,0.06843668222427368
,,,908,,,,0.06939760595560074
,,,909,,,,0.06906726956367493
,,,910,,,,0.06890060752630234
,,,911,,,,0.06890541315078735
,,,912,,,,0.07022156566381454
,,,913,,,,0.06946306675672531
,,,914,,,,0.06955098360776901
,,,915,,,,0.0704895630478859
,,,916,,,,0.0681786760687828
,,,917,,,,0.06705161929130554
,,,918,,,,0.06894329190254211
,,,919,,,,0.06913568824529648
,,,920,,,,0.0695691853761673
,,,921,,,,0.06900124251842499
,,,922,,,,0.06837264448404312
,,,923,,,,0.06916183233261108
,,,924,,,,0.06879565864801407
,,,925,,,,0.06875457614660263
,,,926,,,,0.06942008435726166
,,,927,,,,0.06838682293891907
,,,928,,,,0.06852051615715027
,,,929,,,,0.06797803938388824
,,,930,,,,0.068236343562603
,,,931,,,,0.06847889721393585
,,,932,,,,0.06824786961078644
,,,933,,,,0.06776808947324753
,,,934,,,,0.06991209089756012
,,,935,,,,0.0681324228644371
,,,936,,,,0.06860138475894928
,,,937,,,,0.06931997835636139
,,,938,,,,0.06890209019184113
,,,939,,,,0.06842971593141556
,,,940,,,,0.06971035152673721
,,,941,,,,0.0681355744600296
,,,942,,,,0.06799005717039108
,,,943,,,,0.06846718490123749
,,,944,,,,0.06776668131351471
,,,945,,,,0.06790079921483994
,,,946,,,,0.06785450875759125
,,,947,,,,0.0685620829463005
,,,948,,,,0.06886406242847443
,,,949,,,,0.06867823004722595
18,,,37999,,,0.06877965480089188,
18,8.418574333190918,,37999,0.06908027082681656,,,
,,0.001,38009,,,,
19,,,38009,,0.06971435248851776,,
,,0.001,38019,,,,
19,,,38019,,0.06918974220752716,,
,,0.001,38029,,,,
19,,,38029,,0.07383262366056442,,
,,0.001,38039,,,,
19,,,38039,,0.06927673518657684,,
,,0.001,38049,,,,
19,,,38049,,0.06790779531002045,,
,,0.001,38059,,,,
19,,,38059,,0.06924653798341751,,
,,0.001,38069,,,,
19,,,38069,,0.06813856959342957,,
,,0.001,38079,,,,
19,,,38079,,0.07445954531431198,,
,,0.001,38089,,,,
19,,,38089,,0.06869979202747345,,
,,0.001,38099,,,,
19,,,38099,,0.07326699793338776,,
,,0.001,38109,,,,
19,,,38109,,0.06961776316165924,,
,,0.001,38119,,,,
19,,,38119,,0.06775129586458206,,
,,0.001,38129,,,,
19,,,38129,,0.06662137806415558,,
,,0.001,38139,,,,
19,,,38139,,0.06755375117063522,,
,,0.001,38149,,,,
19,,,38149,,0.06983374804258347,,
,,0.001,38159,,,,
19,,,38159,,0.06864906847476959,,
,,0.001,38169,,,,
19,,,38169,,0.06950618326663971,,
,,0.001,38179,,,,
19,,,38179,,0.06712453067302704,,
,,0.001,38189,,,,
19,,,38189,,0.06883160024881363,,
,,0.001,38199,,,,
19,,,38199,,0.06984171271324158,,
,,0.001,38209,,,,
19,,,38209,,0.06919362396001816,,
,,0.001,38219,,,,
19,,,38219,,0.06688106060028076,,
,,0.001,38229,,,,
19,,,38229,,0.06924998015165329,,
,,0.001,38239,,,,
19,,,38239,,0.06527010351419449,,
,,0.001,38249,,,,
19,,,38249,,0.06801845133304596,,
,,0.001,38259,,,,
19,,,38259,,0.0695406049489975,,
,,0.001,38269,,,,
19,,,38269,,0.06816533952951431,,
,,0.001,38279,,,,
19,,,38279,,0.06922484189271927,,
,,0.001,38289,,,,
19,,,38289,,0.06776933372020721,,
,,0.001,38299,,,,
19,,,38299,,0.06668798625469208,,
,,0.001,38309,,,,
19,,,38309,,0.06865105777978897,,
,,0.001,38319,,,,
19,,,38319,,0.06882070749998093,,
,,0.001,38329,,,,
19,,,38329,,0.06962881237268448,,
,,0.001,38339,,,,
19,,,38339,,0.06706840544939041,,
,,0.001,38349,,,,
19,,,38349,,0.0681561604142189,,
,,0.001,38359,,,,
19,,,38359,,0.06693322956562042,,
,,0.001,38369,,,,
19,,,38369,,0.06565333157777786,,
,,0.001,38379,,,,
19,,,38379,,0.06671669334173203,,
,,0.001,38389,,,,
19,,,38389,,0.06753139197826385,,
,,0.001,38399,,,,
19,,,38399,,0.07077070325613022,,
,,0.001,38409,,,,
19,,,38409,,0.07079896330833435,,
,,0.001,38419,,,,
19,,,38419,,0.06888383626937866,,
,,0.001,38429,,,,
19,,,38429,,0.07118319720029831,,
,,0.001,38439,,,,
19,,,38439,,0.06823490560054779,,
,,0.001,38449,,,,
19,,,38449,,0.0698336511850357,,
,,0.001,38459,,,,
19,,,38459,,0.0725473165512085,,
,,0.001,38469,,,,
19,,,38469,,0.07072845846414566,,
,,0.001,38479,,,,
19,,,38479,,0.07034461200237274,,
,,0.001,38489,,,,
19,,,38489,,0.0657632052898407,,
,,0.001,38499,,,,
19,,,38499,,0.06799490749835968,,
,,0.001,38509,,,,
19,,,38509,,0.06957706809043884,,
,,0.001,38519,,,,
19,,,38519,,0.06585245579481125,,
,,0.001,38529,,,,
19,,,38529,,0.06534464657306671,,
,,0.001,38539,,,,
19,,,38539,,0.07054338604211807,,
,,0.001,38549,,,,
19,,,38549,,0.0700749084353447,,
,,0.001,38559,,,,
19,,,38559,,0.06758412718772888,,
,,0.001,38569,,,,
19,,,38569,,0.06889057904481888,,
,,0.001,38579,,,,
19,,,38579,,0.07156648486852646,,
,,0.001,38589,,,,
19,,,38589,,0.07044679671525955,,
,,0.001,38599,,,,
19,,,38599,,0.06907662004232407,,
,,0.001,38609,,,,
19,,,38609,,0.07050301134586334,,
,,0.001,38619,,,,
19,,,38619,,0.06880270689725876,,
,,0.001,38629,,,,
19,,,38629,,0.06884690374135971,,
,,0.001,38639,,,,
19,,,38639,,0.0676705613732338,,
,,0.001,38649,,,,
19,,,38649,,0.06622205674648285,,
,,0.001,38659,,,,
19,,,38659,,0.07018448412418365,,
,,0.001,38669,,,,
19,,,38669,,0.06785412132740021,,
,,0.001,38679,,,,
19,,,38679,,0.06945039331912994,,
,,0.001,38689,,,,
19,,,38689,,0.06921851634979248,,
,,0.001,38699,,,,
19,,,38699,,0.0722251757979393,,
,,0.001,38709,,,,
19,,,38709,,0.06889134645462036,,
,,0.001,38719,,,,
19,,,38719,,0.06927350163459778,,
,,0.001,38729,,,,
19,,,38729,,0.06645788252353668,,
,,0.001,38739,,,,
19,,,38739,,0.0700795128941536,,
,,0.001,38749,,,,
19,,,38749,,0.06657052785158157,,
,,0.001,38759,,,,
19,,,38759,,0.06810591369867325,,
,,0.001,38769,,,,
19,,,38769,,0.06548074632883072,,
,,0.001,38779,,,,
19,,,38779,,0.06998670846223831,,
,,0.001,38789,,,,
19,,,38789,,0.06578830629587173,,
,,0.001,38799,,,,
19,,,38799,,0.06992485374212265,,
,,0.001,38809,,,,
19,,,38809,,0.0686749666929245,,
,,0.001,38819,,,,
19,,,38819,,0.06972011178731918,,
,,0.001,38829,,,,
19,,,38829,,0.06948036700487137,,
,,0.001,38839,,,,
19,,,38839,,0.0713680237531662,,
,,0.001,38849,,,,
19,,,38849,,0.07130622118711472,,
,,0.001,38859,,,,
19,,,38859,,0.07110137492418289,,
,,0.001,38869,,,,
19,,,38869,,0.07011496275663376,,
,,0.001,38879,,,,
19,,,38879,,0.06876008212566376,,
,,0.001,38889,,,,
19,,,38889,,0.06642156094312668,,
,,0.001,38899,,,,
19,,,38899,,0.06656508147716522,,
,,0.001,38909,,,,
19,,,38909,,0.07022836804389954,,
,,0.001,38919,,,,
19,,,38919,,0.06836709380149841,,
,,0.001,38929,,,,
19,,,38929,,0.06631235778331757,,
,,0.001,38939,,,,
19,,,38939,,0.067568339407444,,
,,0.001,38949,,,,
19,,,38949,,0.0707906112074852,,
,,0.001,38959,,,,
19,,,38959,,0.07027826458215714,,
,,0.001,38969,,,,
19,,,38969,,0.06785808503627777,,
,,0.001,38979,,,,
19,,,38979,,0.06949558109045029,,
,,0.001,38989,,,,
19,,,38989,,0.07046431303024292,,
,,0.001,38999,,,,
19,,,38999,,0.07015407830476761,,
,,0.001,39009,,,,
19,,,39009,,0.06678034365177155,,
,,0.001,39019,,,,
19,,,39019,,0.06641709804534912,,
,,0.001,39029,,,,
19,,,39029,,0.06850669533014297,,
,,0.001,39039,,,,
19,,,39039,,0.06866563856601715,,
,,0.001,39049,,,,
19,,,39049,,0.06965169310569763,,
,,0.001,39059,,,,
19,,,39059,,0.06874347478151321,,
,,0.001,39069,,,,
19,,,39069,,0.07101850211620331,,
,,0.001,39079,,,,
19,,,39079,,0.06826695054769516,,
,,0.001,39089,,,,
19,,,39089,,0.0691523477435112,,
,,0.001,39099,,,,
19,,,39099,,0.07050295174121857,,
,,0.001,39109,,,,
19,,,39109,,0.06885465979576111,,
,,0.001,39119,,,,
19,,,39119,,0.06990917772054672,,
,,0.001,39129,,,,
19,,,39129,,0.07184974104166031,,
,,0.001,39139,,,,
19,,,39139,,0.07030387222766876,,
,,0.001,39149,,,,
19,,,39149,,0.06922374665737152,,
,,0.001,39159,,,,
19,,,39159,,0.07052447646856308,,
,,0.001,39169,,,,
19,,,39169,,0.06663717329502106,,
,,0.001,39179,,,,
19,,,39179,,0.06641354411840439,,
,,0.001,39189,,,,
19,,,39189,,0.06837122142314911,,
,,0.001,39199,,,,
19,,,39199,,0.06937482953071594,,
,,0.001,39209,,,,
19,,,39209,,0.0698159784078598,,
,,0.001,39219,,,,
19,,,39219,,0.0693170502781868,,
,,0.001,39229,,,,
19,,,39229,,0.06926976144313812,,
,,0.001,39239,,,,
19,,,39239,,0.06517525017261505,,
,,0.001,39249,,,,
19,,,39249,,0.0710473582148552,,
,,0.001,39259,,,,
19,,,39259,,0.0679321438074112,,
,,0.001,39269,,,,
19,,,39269,,0.06848617643117905,,
,,0.001,39279,,,,
19,,,39279,,0.068945974111557,,
,,0.001,39289,,,,
19,,,39289,,0.06980136781930923,,
,,0.001,39299,,,,
19,,,39299,,0.07062132656574249,,
,,0.001,39309,,,,
19,,,39309,,0.06886456161737442,,
,,0.001,39319,,,,
19,,,39319,,0.07148799300193787,,
,,0.001,39329,,,,
19,,,39329,,0.0687088891863823,,
,,0.001,39339,,,,
19,,,39339,,0.07033916562795639,,
,,0.001,39349,,,,
19,,,39349,,0.07042831182479858,,
,,0.001,39359,,,,
19,,,39359,,0.06983565539121628,,
,,0.001,39369,,,,
19,,,39369,,0.06835617870092392,,
,,0.001,39379,,,,
19,,,39379,,0.07000470161437988,,
,,0.001,39389,,,,
19,,,39389,,0.06951845437288284,,
,,0.001,39399,,,,
19,,,39399,,0.06892050802707672,,
,,0.001,39409,,,,
19,,,39409,,0.06621410697698593,,
,,0.001,39419,,,,
19,,,39419,,0.07012251764535904,,
,,0.001,39429,,,,
19,,,39429,,0.0675375834107399,,
,,0.001,39439,,,,
19,,,39439,,0.06894983351230621,,
,,0.001,39449,,,,
19,,,39449,,0.07005124539136887,,
,,0.001,39459,,,,
19,,,39459,,0.07045593857765198,,
,,0.001,39469,,,,
19,,,39469,,0.07143965363502502,,
,,0.001,39479,,,,
19,,,39479,,0.06964617222547531,,
,,0.001,39489,,,,
19,,,39489,,0.06955944001674652,,
,,0.001,39499,,,,
19,,,39499,,0.06801291555166245,,
,,0.001,39509,,,,
19,,,39509,,0.06961586326360703,,
,,0.001,39519,,,,
19,,,39519,,0.06716334074735641,,
,,0.001,39529,,,,
19,,,39529,,0.07071919739246368,,
,,0.001,39539,,,,
19,,,39539,,0.07064700871706009,,
,,0.001,39549,,,,
19,,,39549,,0.07010029256343842,,
,,0.001,39559,,,,
19,,,39559,,0.06660690158605576,,
,,0.001,39569,,,,
19,,,39569,,0.07097890973091125,,
,,0.001,39579,,,,
19,,,39579,,0.06914474070072174,,
,,0.001,39589,,,,
19,,,39589,,0.0697389617562294,,
,,0.001,39599,,,,
19,,,39599,,0.06835431605577469,,
,,0.001,39609,,,,
19,,,39609,,0.07138750702142715,,
,,0.001,39619,,,,
19,,,39619,,0.06763485074043274,,
,,0.001,39629,,,,
19,,,39629,,0.06733641028404236,,
,,0.001,39639,,,,
19,,,39639,,0.07061353325843811,,
,,0.001,39649,,,,
19,,,39649,,0.07059377431869507,,
,,0.001,39659,,,,
19,,,39659,,0.06617346405982971,,
,,0.001,39669,,,,
19,,,39669,,0.06768494844436646,,
,,0.001,39679,,,,
19,,,39679,,0.06756201386451721,,
,,0.001,39689,,,,
19,,,39689,,0.0687708854675293,,
,,0.001,39699,,,,
19,,,39699,,0.06933126598596573,,
,,0.001,39709,,,,
19,,,39709,,0.06917010992765427,,
,,0.001,39719,,,,
19,,,39719,,0.07088947296142578,,
,,0.001,39729,,,,
19,,,39729,,0.07335638999938965,,
,,0.001,39739,,,,
19,,,39739,,0.06901782006025314,,
,,0.001,39749,,,,
19,,,39749,,0.06894814223051071,,
,,0.001,39759,,,,
19,,,39759,,0.06959769129753113,,
,,0.001,39769,,,,
19,,,39769,,0.0695350170135498,,
,,0.001,39779,,,,
19,,,39779,,0.06854604929685593,,
,,0.001,39789,,,,
19,,,39789,,0.07084672152996063,,
,,0.001,39799,,,,
19,,,39799,,0.06634142994880676,,
,,0.001,39809,,,,
19,,,39809,,0.06788868457078934,,
,,0.001,39819,,,,
19,,,39819,,0.0679299458861351,,
,,0.001,39829,,,,
19,,,39829,,0.07185661047697067,,
,,0.001,39839,,,,
19,,,39839,,0.06616641581058502,,
,,0.001,39849,,,,
19,,,39849,,0.0695895403623581,,
,,0.001,39859,,,,
19,,,39859,,0.06938289105892181,,
,,0.001,39869,,,,
19,,,39869,,0.06622465699911118,,
,,0.001,39879,,,,
19,,,39879,,0.06980536133050919,,
,,0.001,39889,,,,
19,,,39889,,0.06997917592525482,,
,,0.001,39899,,,,
19,,,39899,,0.0664537250995636,,
,,0.001,39909,,,,
19,,,39909,,0.06904227286577225,,
,,0.001,39919,,,,
19,,,39919,,0.06830980628728867,,
,,0.001,39929,,,,
19,,,39929,,0.06752245128154755,,
,,0.001,39939,,,,
19,,,39939,,0.06867437064647675,,
,,0.001,39949,,,,
19,,,39949,,0.06923389434814453,,
,,0.001,39959,,,,
19,,,39959,,0.07150597125291824,,
,,0.001,39969,,,,
19,,,39969,,0.06855626404285431,,
,,0.001,39979,,,,
19,,,39979,,0.07029637694358826,,
,,0.001,39989,,,,
19,,,39989,,0.06965694576501846,,
,,0.001,39999,,,,
19,,,39999,,0.06754195690155029,,
,,,950,,,,0.06761720031499863
,,,951,,,,0.06962769478559494
,,,952,,,,0.06713463366031647
,,,953,,,,0.06799828261137009
,,,954,,,,0.06792641431093216
,,,955,,,,0.06767759472131729
,,,956,,,,0.06920551508665085
,,,957,,,,0.06761204451322556
,,,958,,,,0.06857090443372726
,,,959,,,,0.06823895126581192
,,,960,,,,0.0682457759976387
,,,961,,,,0.06807330995798111
,,,962,,,,0.0691344290971756
,,,963,,,,0.06866833567619324
,,,964,,,,0.06878091394901276
,,,965,,,,0.06983315944671631
,,,966,,,,0.06765680760145187
,,,967,,,,0.06631487607955933
,,,968,,,,0.06845055520534515
,,,969,,,,0.06824931502342224
,,,970,,,,0.06891202181577682
,,,971,,,,0.06813124567270279
,,,972,,,,0.06767916679382324
,,,973,,,,0.0683499351143837
,,,974,,,,0.06804157793521881
,,,975,,,,0.0683286041021347
,,,976,,,,0.0687011107802391
,,,977,,,,0.06758531928062439
,,,978,,,,0.06784971803426743
,,,979,,,,0.06735802441835403
,,,980,,,,0.06708527356386185
,,,981,,,,0.06754705309867859
,,,982,,,,0.06762506067752838
,,,983,,,,0.06683551520109177
,,,984,,,,0.06899747997522354
,,,985,,,,0.06755207479000092
,,,986,,,,0.06791488826274872
,,,987,,,,0.06826260685920715
,,,988,,,,0.06831948459148407
,,,989,,,,0.06753097474575043
,,,990,,,,0.06897395849227905
,,,991,,,,0.06746887415647507
,,,992,,,,0.06706926971673965
,,,993,,,,0.06755445152521133
,,,994,,,,0.06706599146127701
,,,995,,,,0.06730080395936966
,,,996,,,,0.06707127392292023
,,,997,,,,0.06767076253890991
,,,998,,,,0.06807247549295425
,,,999,,,,0.0680694729089737
19,,,39999,,,0.06799882650375366,
19,8.419447898864746,,39999,0.06876228749752045,,,
,,0.001,40009,,,,
20,,,40009,,0.06780988723039627,,
,,0.001,40019,,,,
20,,,40019,,0.06711869686841965,,
,,0.001,40029,,,,
20,,,40029,,0.06983989477157593,,
,,0.001,40039,,,,
20,,,40039,,0.06878173351287842,,
,,0.001,40049,,,,
20,,,40049,,0.06734857708215714,,
,,0.001,40059,,,,
20,,,40059,,0.0685146301984787,,
,,0.001,40069,,,,
20,,,40069,,0.06736207008361816,,
,,0.001,40079,,,,
20,,,40079,,0.07061942666769028,,
,,0.001,40089,,,,
20,,,40089,,0.06742380559444427,,
,,0.001,40099,,,,
20,,,40099,,0.07180892676115036,,
,,0.001,40109,,,,
20,,,40109,,0.06838051974773407,,
,,0.001,40119,,,,
20,,,40119,,0.06876413524150848,,
,,0.001,40129,,,,
20,,,40129,,0.07033734768629074,,
,,0.001,40139,,,,
20,,,40139,,0.06647147238254547,,
,,0.001,40149,,,,
20,,,40149,,0.06916461884975433,,
,,0.001,40159,,,,
20,,,40159,,0.06877738237380981,,
,,0.001,40169,,,,
20,,,40169,,0.07226479053497314,,
,,0.001,40179,,,,
20,,,40179,,0.06965862214565277,,
,,0.001,40189,,,,
20,,,40189,,0.069849893450737,,
,,0.001,40199,,,,
20,,,40199,,0.07032215595245361,,
,,0.001,40209,,,,
20,,,40209,,0.07089024037122726,,
,,0.001,40219,,,,
20,,,40219,,0.06686396896839142,,
,,0.001,40229,,,,
20,,,40229,,0.06704423576593399,,
,,0.001,40239,,,,
20,,,40239,,0.07058839499950409,,
,,0.001,40249,,,,
20,,,40249,,0.06733375042676926,,
,,0.001,40259,,,,
20,,,40259,,0.06890919059515,,
,,0.001,40269,,,,
20,,,40269,,0.06678617000579834,,
,,0.001,40279,,,,
20,,,40279,,0.06964510679244995,,
,,0.001,40289,,,,
20,,,40289,,0.06663578748703003,,
,,0.001,40299,,,,
20,,,40299,,0.06542688608169556,,
,,0.001,40309,,,,
20,,,40309,,0.0714324489235878,,
,,0.001,40319,,,,
20,,,40319,,0.07096785306930542,,
,,0.001,40329,,,,
20,,,40329,,0.07034894824028015,,
,,0.001,40339,,,,
20,,,40339,,0.06684752553701401,,
,,0.001,40349,,,,
20,,,40349,,0.06800957769155502,,
,,0.001,40359,,,,
20,,,40359,,0.070057213306427,,
,,0.001,40369,,,,
20,,,40369,,0.06776237487792969,,
,,0.001,40379,,,,
20,,,40379,,0.0690455362200737,,
,,0.001,40389,,,,
20,,,40389,,0.07040845602750778,,
,,0.001,40399,,,,
20,,,40399,,0.06698152422904968,,
,,0.001,40409,,,,
20,,,40409,,0.07077015191316605,,
,,0.001,40419,,,,
20,,,40419,,0.06775300949811935,,
,,0.001,40429,,,,
20,,,40429,,0.06862019747495651,,
,,0.001,40439,,,,
20,,,40439,,0.06716122478246689,,
,,0.001,40449,,,,
20,,,40449,,0.0697043314576149,,
,,0.001,40459,,,,
20,,,40459,,0.07029704749584198,,
,,0.001,40469,,,,
20,,,40469,,0.06922627240419388,,
,,0.001,40479,,,,
20,,,40479,,0.06530734151601791,,
,,0.001,40489,,,,
20,,,40489,,0.06725720316171646,,
,,0.001,40499,,,,
20,,,40499,,0.06906767189502716,,
,,0.001,40509,,,,
20,,,40509,,0.06911396235227585,,
,,0.001,40519,,,,
20,,,40519,,0.06840762495994568,,
,,0.001,40529,,,,
20,,,40529,,0.0670081377029419,,
,,0.001,40539,,,,
20,,,40539,,0.07101918756961823,,
,,0.001,40549,,,,
20,,,40549,,0.07160118967294693,,
,,0.001,40559,,,,
20,,,40559,,0.07161487638950348,,
,,0.001,40569,,,,
20,,,40569,,0.06831467151641846,,
,,0.001,40579,,,,
20,,,40579,,0.06966620683670044,,
,,0.001,40589,,,,
20,,,40589,,0.06919818371534348,,
,,0.001,40599,,,,
20,,,40599,,0.06883592158555984,,
,,0.001,40609,,,,
20,,,40609,,0.06833397597074509,,
,,0.001,40619,,,,
20,,,40619,,0.06844955682754517,,
,,0.001,40629,,,,
20,,,40629,,0.06802254915237427,,
,,0.001,40639,,,,
20,,,40639,,0.065416619181633,,
,,0.001,40649,,,,
20,,,40649,,0.06624297797679901,,
,,0.001,40659,,,,
20,,,40659,,0.0683879554271698,,
,,0.001,40669,,,,
20,,,40669,,0.07235874980688095,,
,,0.001,40679,,,,
20,,,40679,,0.06869305670261383,,
,,0.001,40689,,,,
20,,,40689,,0.06960847228765488,,
,,0.001,40699,,,,
20,,,40699,,0.06972543895244598,,
,,0.001,40709,,,,
20,,,40709,,0.06956219673156738,,
,,0.001,40719,,,,
20,,,40719,,0.07027362287044525,,
,,0.001,40729,,,,
20,,,40729,,0.0645250454545021,,
,,0.001,40739,,,,
20,,,40739,,0.06831591576337814,,
,,0.001,40749,,,,
20,,,40749,,0.0670761689543724,,
,,0.001,40759,,,,
20,,,40759,,0.06941535323858261,,
,,0.001,40769,,,,
20,,,40769,,0.0681636855006218,,
,,0.001,40779,,,,
20,,,40779,,0.06817727535963058,,
,,0.001,40789,,,,
20,,,40789,,0.06707320362329483,,
,,0.001,40799,,,,
20,,,40799,,0.06872855126857758,,
,,0.001,40809,,,,
20,,,40809,,0.0680578425526619,,
,,0.001,40819,,,,
20,,,40819,,0.07112482935190201,,
,,0.001,40829,,,,
20,,,40829,,0.06417407095432281,,
,,0.001,40839,,,,
20,,,40839,,0.06851553916931152,,
,,0.001,40849,,,,
20,,,40849,,0.06678855419158936,,
,,0.001,40859,,,,
20,,,40859,,0.07192188501358032,,
,,0.001,40869,,,,
20,,,40869,,0.06900977343320847,,
,,0.001,40879,,,,
20,,,40879,,0.06892802566289902,,
,,0.001,40889,,,,
20,,,40889,,0.06835770606994629,,
,,0.001,40899,,,,
20,,,40899,,0.06922490149736404,,
,,0.001,40909,,,,
20,,,40909,,0.06971275806427002,,
,,0.001,40919,,,,
20,,,40919,,0.07108626514673233,,
,,0.001,40929,,,,
20,,,40929,,0.06967002153396606,,
,,0.001,40939,,,,
20,,,40939,,0.06717725098133087,,
,,0.001,40949,,,,
20,,,40949,,0.07021690905094147,,
,,0.001,40959,,,,
20,,,40959,,0.06658580154180527,,
,,0.001,40969,,,,
20,,,40969,,0.06820524483919144,,
,,0.001,40979,,,,
20,,,40979,,0.06985169649124146,,
,,0.001,40989,,,,
20,,,40989,,0.06367857754230499,,
,,0.001,40999,,,,
20,,,40999,,0.06997673958539963,,
,,0.001,41009,,,,
20,,,41009,,0.06960642337799072,,
,,0.001,41019,,,,
20,,,41019,,0.06813469529151917,,
,,0.001,41029,,,,
20,,,41029,,0.06634470075368881,,
,,0.001,41039,,,,
20,,,41039,,0.06813392043113708,,
,,0.001,41049,,,,
20,,,41049,,0.07149408012628555,,
,,0.001,41059,,,,
20,,,41059,,0.06841561198234558,,
,,0.001,41069,,,,
20,,,41069,,0.06898853927850723,,
,,0.001,41079,,,,
20,,,41079,,0.06877008080482483,,
,,0.001,41089,,,,
20,,,41089,,0.06785604357719421,,
,,0.001,41099,,,,
20,,,41099,,0.06905157119035721,,
,,0.001,41109,,,,
20,,,41109,,0.06815727800130844,,
,,0.001,41119,,,,
20,,,41119,,0.06962434202432632,,
,,0.001,41129,,,,
20,,,41129,,0.06929248571395874,,
,,0.001,41139,,,,
20,,,41139,,0.06710812449455261,,
,,0.001,41149,,,,
20,,,41149,,0.06912694871425629,,
,,0.001,41159,,,,
20,,,41159,,0.07193215936422348,,
,,0.001,41169,,,,
20,,,41169,,0.06710009276866913,,
,,0.001,41179,,,,
20,,,41179,,0.06773946434259415,,
,,0.001,41189,,,,
20,,,41189,,0.06877947598695755,,
,,0.001,41199,,,,
20,,,41199,,0.0704335868358612,,
,,0.001,41209,,,,
20,,,41209,,0.06764276325702667,,
,,0.001,41219,,,,
20,,,41219,,0.06844215840101242,,
,,0.001,41229,,,,
20,,,41229,,0.0710432231426239,,
,,0.001,41239,,,,
20,,,41239,,0.06891985982656479,,
,,0.001,41249,,,,
20,,,41249,,0.06814060360193253,,
,,0.001,41259,,,,
20,,,41259,,0.06952732801437378,,
,,0.001,41269,,,,
20,,,41269,,0.06758706271648407,,
,,0.001,41279,,,,
20,,,41279,,0.06840309500694275,,
,,0.001,41289,,,,
20,,,41289,,0.06754444539546967,,
,,0.001,41299,,,,
20,,,41299,,0.06827332824468613,,
,,0.001,41309,,,,
20,,,41309,,0.06997831165790558,,
,,0.001,41319,,,,
20,,,41319,,0.06905914843082428,,
,,0.001,41329,,,,
20,,,41329,,0.0704653337597847,,
,,0.001,41339,,,,
20,,,41339,,0.07242518663406372,,
,,0.001,41349,,,,
20,,,41349,,0.07033012807369232,,
,,0.001,41359,,,,
20,,,41359,,0.06772271543741226,,
,,0.001,41369,,,,
20,,,41369,,0.06729520857334137,,
,,0.001,41379,,,,
20,,,41379,,0.07051778584718704,,
,,0.001,41389,,,,
20,,,41389,,0.06800951063632965,,
,,0.001,41399,,,,
20,,,41399,,0.06951440125703812,,
,,0.001,41409,,,,
20,,,41409,,0.06846465915441513,,
,,0.001,41419,,,,
20,,,41419,,0.0688490942120552,,
,,0.001,41429,,,,
20,,,41429,,0.06687480211257935,,
,,0.001,41439,,,,
20,,,41439,,0.06903544068336487,,
,,0.001,41449,,,,
20,,,41449,,0.06844454258680344,,
,,0.001,41459,,,,
20,,,41459,,0.06829118728637695,,
,,0.001,41469,,,,
20,,,41469,,0.0697341114282608,,
,,0.001,41479,,,,
20,,,41479,,0.07122802734375,,
,,0.001,41489,,,,
20,,,41489,,0.06900981068611145,,
,,0.001,41499,,,,
20,,,41499,,0.06921825557947159,,
,,0.001,41509,,,,
20,,,41509,,0.06743521243333817,,
,,0.001,41519,,,,
20,,,41519,,0.06958796083927155,,
,,0.001,41529,,,,
20,,,41529,,0.06710256636142731,,
,,0.001,41539,,,,
20,,,41539,,0.0686151534318924,,
,,0.001,41549,,,,
20,,,41549,,0.06932355463504791,,
,,0.001,41559,,,,
20,,,41559,,0.06918372213840485,,
,,0.001,41569,,,,
20,,,41569,,0.07018216699361801,,
,,0.001,41579,,,,
20,,,41579,,0.06869705766439438,,
,,0.001,41589,,,,
20,,,41589,,0.06791194528341293,,
,,0.001,41599,,,,
20,,,41599,,0.06968136876821518,,
,,0.001,41609,,,,
20,,,41609,,0.0700690746307373,,
,,0.001,41619,,,,
20,,,41619,,0.06639456748962402,,
,,0.001,41629,,,,
20,,,41629,,0.06814835220575333,,
,,0.001,41639,,,,
20,,,41639,,0.06838472187519073,,
,,0.001,41649,,,,
20,,,41649,,0.07298995554447174,,
,,0.001,41659,,,,
20,,,41659,,0.06832826882600784,,
,,0.001,41669,,,,
20,,,41669,,0.06862770020961761,,
,,0.001,41679,,,,
20,,,41679,,0.06745108962059021,,
,,0.001,41689,,,,
20,,,41689,,0.0672876313328743,,
,,0.001,41699,,,,
20,,,41699,,0.06785625964403152,,
,,0.001,41709,,,,
20,,,41709,,0.07039470225572586,,
,,0.001,41719,,,,
20,,,41719,,0.06760045886039734,,
,,0.001,41729,,,,
20,,,41729,,0.0665806382894516,,
,,0.001,41739,,,,
20,,,41739,,0.06834477931261063,,
,,0.001,41749,,,,
20,,,41749,,0.0673588439822197,,
,,0.001,41759,,,,
20,,,41759,,0.06905228644609451,,
,,0.001,41769,,,,
20,,,41769,,0.06868010014295578,,
,,0.001,41779,,,,
20,,,41779,,0.06894607841968536,,
,,0.001,41789,,,,
20,,,41789,,0.06923770159482956,,
,,0.001,41799,,,,
20,,,41799,,0.068779855966568,,
,,0.001,41809,,,,
20,,,41809,,0.06896315515041351,,
,,0.001,41819,,,,
20,,,41819,,0.06745436042547226,,
,,0.001,41829,,,,
20,,,41829,,0.06941236555576324,,
,,0.001,41839,,,,
20,,,41839,,0.06858747452497482,,
,,0.001,41849,,,,
20,,,41849,,0.07090745121240616,,
,,0.001,41859,,,,
20,,,41859,,0.0708635076880455,,
,,0.001,41869,,,,
20,,,41869,,0.06861064583063126,,
,,0.001,41879,,,,
20,,,41879,,0.06748461723327637,,
,,0.001,41889,,,,
20,,,41889,,0.06993033736944199,,
,,0.001,41899,,,,
20,,,41899,,0.06567158550024033,,
,,0.001,41909,,,,
20,,,41909,,0.0676557868719101,,
,,0.001,41919,,,,
20,,,41919,,0.07124415040016174,,
,,0.001,41929,,,,
20,,,41929,,0.06728118658065796,,
,,0.001,41939,,,,
20,,,41939,,0.06973835825920105,,
,,0.001,41949,,,,
20,,,41949,,0.07080015540122986,,
,,0.001,41959,,,,
20,,,41959,,0.0699266791343689,,
,,0.001,41969,,,,
20,,,41969,,0.06883061677217484,,
,,0.001,41979,,,,
20,,,41979,,0.07015206664800644,,
,,0.001,41989,,,,
20,,,41989,,0.0701119676232338,,
,,0.001,41999,,,,
20,,,41999,,0.06967803090810776,,
,,,1000,,,,0.06818853318691254
,,,1001,,,,0.07013801485300064
,,,1002,,,,0.06739725917577744
,,,1003,,,,0.0684652179479599
,,,1004,,,,0.06836624443531036
,,,1005,,,,0.06804302334785461
,,,1006,,,,0.06968972086906433
,,,1007,,,,0.06800314784049988
,,,1008,,,,0.06896300613880157
,,,1009,,,,0.06875430047512054
,,,1010,,,,0.06869509071111679
,,,1011,,,,0.06849747896194458
,,,1012,,,,0.06966552138328552
,,,1013,,,,0.06903697550296783
,,,1014,,,,0.06918224692344666
,,,1015,,,,0.07001516222953796
,,,1016,,,,0.06789825111627579
,,,1017,,,,0.06676462292671204
,,,1018,,,,0.0688319057226181
,,,1019,,,,0.06886899471282959
,,,1020,,,,0.06904114037752151
,,,1021,,,,0.068367138504982
,,,1022,,,,0.06786026805639267
,,,1023,,,,0.06879965215921402
,,,1024,,,,0.06842262297868729
,,,1025,,,,0.06828462332487106
,,,1026,,,,0.06894925236701965
,,,1027,,,,0.0677744522690773
,,,1028,,,,0.06809420138597488
,,,1029,,,,0.06753391772508621
,,,1030,,,,0.06803807616233826
,,,1031,,,,0.06807669252157211
,,,1032,,,,0.068133145570755
,,,1033,,,,0.06737817078828812
,,,1034,,,,0.06944122910499573
,,,1035,,,,0.06791086494922638
,,,1036,,,,0.06840609014034271
,,,1037,,,,0.06885051727294922
,,,1038,,,,0.06862710416316986
,,,1039,,,,0.0680885836482048
,,,1040,,,,0.06934623420238495
,,,1041,,,,0.06773225218057632
,,,1042,,,,0.06739794462919235
,,,1043,,,,0.06799402832984924
,,,1044,,,,0.06737515330314636
,,,1045,,,,0.06752504408359528
,,,1046,,,,0.06746294349431992
,,,1047,,,,0.06821157038211823
,,,1048,,,,0.0683843269944191
,,,1049,,,,0.06855142116546631
20,,,41999,,,0.06839047372341156,
20,8.41296672821045,,41999,0.06853581964969635,,,
,,0.001,42009,,,,
21,,,42009,,0.06631948053836823,,
,,0.001,42019,,,,
21,,,42019,,0.06776835769414902,,
,,0.001,42029,,,,
21,,,42029,,0.06949666142463684,,
,,0.001,42039,,,,
21,,,42039,,0.066690593957901,,
,,0.001,42049,,,,
21,,,42049,,0.06975847482681274,,
,,0.001,42059,,,,
21,,,42059,,0.06716834753751755,,
,,0.001,42069,,,,
21,,,42069,,0.06710182875394821,,
,,0.001,42079,,,,
21,,,42079,,0.06541630625724792,,
,,0.001,42089,,,,
21,,,42089,,0.06899243593215942,,
,,0.001,42099,,,,
21,,,42099,,0.07341201603412628,,
,,0.001,42109,,,,
21,,,42109,,0.06825859099626541,,
,,0.001,42119,,,,
21,,,42119,,0.06906765699386597,,
,,0.001,42129,,,,
21,,,42129,,0.06909564137458801,,
,,0.001,42139,,,,
21,,,42139,,0.06921415030956268,,
,,0.001,42149,,,,
21,,,42149,,0.068254753947258,,
,,0.001,42159,,,,
21,,,42159,,0.06864649057388306,,
,,0.001,42169,,,,
21,,,42169,,0.06968601793050766,,
,,0.001,42179,,,,
21,,,42179,,0.0688430666923523,,
,,0.001,42189,,,,
21,,,42189,,0.06927706301212311,,
,,0.001,42199,,,,
21,,,42199,,0.06864610314369202,,
,,0.001,42209,,,,
21,,,42209,,0.07156099379062653,,
,,0.001,42219,,,,
21,,,42219,,0.06814401596784592,,
,,0.001,42229,,,,
21,,,42229,,0.07080837339162827,,
,,0.001,42239,,,,
21,,,42239,,0.06905705481767654,,
,,0.001,42249,,,,
21,,,42249,,0.06844054162502289,,
,,0.001,42259,,,,
21,,,42259,,0.06582867354154587,,
,,0.001,42269,,,,
21,,,42269,,0.067725270986557,,
,,0.001,42279,,,,
21,,,42279,,0.06838060915470123,,
,,0.001,42289,,,,
21,,,42289,,0.06711915880441666,,
,,0.001,42299,,,,
21,,,42299,,0.0694185346364975,,
,,0.001,42309,,,,
21,,,42309,,0.066783107817173,,
,,0.001,42319,,,,
21,,,42319,,0.06641028076410294,,
,,0.001,42329,,,,
21,,,42329,,0.07036329805850983,,
,,0.001,42339,,,,
21,,,42339,,0.06434403359889984,,
,,0.001,42349,,,,
21,,,42349,,0.06775490194559097,,
,,0.001,42359,,,,
21,,,42359,,0.06755060702562332,,
,,0.001,42369,,,,
21,,,42369,,0.0678350180387497,,
,,0.001,42379,,,,
21,,,42379,,0.07086004316806793,,
,,0.001,42389,,,,
21,,,42389,,0.06721363961696625,,
,,0.001,42399,,,,
21,,,42399,,0.06941389292478561,,
,,0.001,42409,,,,
21,,,42409,,0.06886524707078934,,
,,0.001,42419,,,,
21,,,42419,,0.06602349877357483,,
,,0.001,42429,,,,
21,,,42429,,0.06991955637931824,,
,,0.001,42439,,,,
21,,,42439,,0.06503520160913467,,
,,0.001,42449,,,,
21,,,42449,,0.0698823407292366,,
,,0.001,42459,,,,
21,,,42459,,0.06608711183071136,,
,,0.001,42469,,,,
21,,,42469,,0.07006179541349411,,
,,0.001,42479,,,,
21,,,42479,,0.06817968934774399,,
,,0.001,42489,,,,
21,,,42489,,0.0654691606760025,,
,,0.001,42499,,,,
21,,,42499,,0.06994768232107162,,
,,0.001,42509,,,,
21,,,42509,,0.07025669515132904,,
,,0.001,42519,,,,
21,,,42519,,0.0677710697054863,,
,,0.001,42529,,,,
21,,,42529,,0.06877848505973816,,
,,0.001,42539,,,,
21,,,42539,,0.07114561647176743,,
,,0.001,42549,,,,
21,,,42549,,0.06945163756608963,,
,,0.001,42559,,,,
21,,,42559,,0.06575483828783035,,
,,0.001,42569,,,,
21,,,42569,,0.06846552342176437,,
,,0.001,42579,,,,
21,,,42579,,0.06962962448596954,,
,,0.001,42589,,,,
21,,,42589,,0.06931890547275543,,
,,0.001,42599,,,,
21,,,42599,,0.06902851909399033,,
,,0.001,42609,,,,
21,,,42609,,0.06698295474052429,,
,,0.001,42619,,,,
21,,,42619,,0.07083528488874435,,
,,0.001,42629,,,,
21,,,42629,,0.06861361116170883,,
,,0.001,42639,,,,
21,,,42639,,0.0656735971570015,,
,,0.001,42649,,,,
21,,,42649,,0.06877268105745316,,
,,0.001,42659,,,,
21,,,42659,,0.06463167816400528,,
,,0.001,42669,,,,
21,,,42669,,0.06917815655469894,,
,,0.001,42679,,,,
21,,,42679,,0.07026463001966476,,
,,0.001,42689,,,,
21,,,42689,,0.06958488374948502,,
,,0.001,42699,,,,
21,,,42699,,0.06938045471906662,,
,,0.001,42709,,,,
21,,,42709,,0.06971892714500427,,
,,0.001,42719,,,,
21,,,42719,,0.06826754659414291,,
,,0.001,42729,,,,
21,,,42729,,0.0647113174200058,,
,,0.001,42739,,,,
21,,,42739,,0.06978119164705276,,
,,0.001,42749,,,,
21,,,42749,,0.06564027816057205,,
,,0.001,42759,,,,
21,,,42759,,0.06600935757160187,,
,,0.001,42769,,,,
21,,,42769,,0.068727046251297,,
,,0.001,42779,,,,
21,,,42779,,0.06608282774686813,,
,,0.001,42789,,,,
21,,,42789,,0.06567715108394623,,
,,0.001,42799,,,,
21,,,42799,,0.06934342533349991,,
,,0.001,42809,,,,
21,,,42809,,0.06761902570724487,,
,,0.001,42819,,,,
21,,,42819,,0.0696335881948471,,
,,0.001,42829,,,,
21,,,42829,,0.06971724331378937,,
,,0.001,42839,,,,
21,,,42839,,0.06769532710313797,,
,,0.001,42849,,,,
21,,,42849,,0.06815595924854279,,
,,0.001,42859,,,,
21,,,42859,,0.06719078123569489,,
,,0.001,42869,,,,
21,,,42869,,0.06832966208457947,,
,,0.001,42879,,,,
21,,,42879,,0.07128004729747772,,
,,0.001,42889,,,,
21,,,42889,,0.06593257933855057,,
,,0.001,42899,,,,
21,,,42899,,0.07116611301898956,,
,,0.001,42909,,,,
21,,,42909,,0.07012123614549637,,
,,0.001,42919,,,,
21,,,42919,,0.0686231479048729,,
,,0.001,42929,,,,
21,,,42929,,0.06922411173582077,,
,,0.001,42939,,,,
21,,,42939,,0.06785208731889725,,
,,0.001,42949,,,,
21,,,42949,,0.06743709743022919,,
,,0.001,42959,,,,
21,,,42959,,0.06949380785226822,,
,,0.001,42969,,,,
21,,,42969,,0.06785916537046432,,
,,0.001,42979,,,,
21,,,42979,,0.06921980530023575,,
,,0.001,42989,,,,
21,,,42989,,0.06891387701034546,,
,,0.001,42999,,,,
21,,,42999,,0.06621800363063812,,
,,0.001,43009,,,,
21,,,43009,,0.067328542470932,,
,,0.001,43019,,,,
21,,,43019,,0.06855100393295288,,
,,0.001,43029,,,,
21,,,43029,,0.0688047781586647,,
,,0.001,43039,,,,
21,,,43039,,0.06907866895198822,,
,,0.001,43049,,,,
21,,,43049,,0.07089303433895111,,
,,0.001,43059,,,,
21,,,43059,,0.06579302251338959,,
,,0.001,43069,,,,
21,,,43069,,0.06945005804300308,,
,,0.001,43079,,,,
21,,,43079,,0.06753216683864594,,
,,0.001,43089,,,,
21,,,43089,,0.06752258539199829,,
,,0.001,43099,,,,
21,,,43099,,0.06840579211711884,,
,,0.001,43109,,,,
21,,,43109,,0.06640557199716568,,
,,0.001,43119,,,,
21,,,43119,,0.07291229814291,,
,,0.001,43129,,,,
21,,,43129,,0.06970971077680588,,
,,0.001,43139,,,,
21,,,43139,,0.0687021017074585,,
,,0.001,43149,,,,
21,,,43149,,0.07041025906801224,,
,,0.001,43159,,,,
21,,,43159,,0.06784390658140182,,
,,0.001,43169,,,,
21,,,43169,,0.06688469648361206,,
,,0.001,43179,,,,
21,,,43179,,0.06838615983724594,,
,,0.001,43189,,,,
21,,,43189,,0.06932800263166428,,
,,0.001,43199,,,,
21,,,43199,,0.07083957642316818,,
,,0.001,43209,,,,
21,,,43209,,0.06718266755342484,,
,,0.001,43219,,,,
21,,,43219,,0.06911197304725647,,
,,0.001,43229,,,,
21,,,43229,,0.06945600360631943,,
,,0.001,43239,,,,
21,,,43239,,0.06674014776945114,,
,,0.001,43249,,,,
21,,,43249,,0.06619501858949661,,
,,0.001,43259,,,,
21,,,43259,,0.0702330619096756,,
,,0.001,43269,,,,
21,,,43269,,0.06713321059942245,,
,,0.001,43279,,,,
21,,,43279,,0.07074668258428574,,
,,0.001,43289,,,,
21,,,43289,,0.07012218236923218,,
,,0.001,43299,,,,
21,,,43299,,0.06937777996063232,,
,,0.001,43309,,,,
21,,,43309,,0.06746656447649002,,
,,0.001,43319,,,,
21,,,43319,,0.06684581190347672,,
,,0.001,43329,,,,
21,,,43329,,0.06969501823186874,,
,,0.001,43339,,,,
21,,,43339,,0.06844841688871384,,
,,0.001,43349,,,,
21,,,43349,,0.06837555766105652,,
,,0.001,43359,,,,
21,,,43359,,0.0671522468328476,,
,,0.001,43369,,,,
21,,,43369,,0.06646231561899185,,
,,0.001,43379,,,,
21,,,43379,,0.06957217305898666,,
,,0.001,43389,,,,
21,,,43389,,0.06893312186002731,,
,,0.001,43399,,,,
21,,,43399,,0.07027996331453323,,
,,0.001,43409,,,,
21,,,43409,,0.06930457800626755,,
,,0.001,43419,,,,
21,,,43419,,0.06765976548194885,,
,,0.001,43429,,,,
21,,,43429,,0.07074574381113052,,
,,0.001,43439,,,,
21,,,43439,,0.0691315159201622,,
,,0.001,43449,,,,
21,,,43449,,0.06898549199104309,,
,,0.001,43459,,,,
21,,,43459,,0.06906922906637192,,
,,0.001,43469,,,,
21,,,43469,,0.06935188919305801,,
,,0.001,43479,,,,
21,,,43479,,0.0694648027420044,,
,,0.001,43489,,,,
21,,,43489,,0.06739183515310287,,
,,0.001,43499,,,,
21,,,43499,,0.06753752380609512,,
,,0.001,43509,,,,
21,,,43509,,0.06567118316888809,,
,,0.001,43519,,,,
21,,,43519,,0.06761574000120163,,
,,0.001,43529,,,,
21,,,43529,,0.06843219697475433,,
,,0.001,43539,,,,
21,,,43539,,0.06975830346345901,,
,,0.001,43549,,,,
21,,,43549,,0.06908699870109558,,
,,0.001,43559,,,,
21,,,43559,,0.06392853707075119,,
,,0.001,43569,,,,
21,,,43569,,0.06795550137758255,,
,,0.001,43579,,,,
21,,,43579,,0.06581845134496689,,
,,0.001,43589,,,,
21,,,43589,,0.06980293244123459,,
,,0.001,43599,,,,
21,,,43599,,0.06558927893638611,,
,,0.001,43609,,,,
21,,,43609,,0.07227236777544022,,
,,0.001,43619,,,,
21,,,43619,,0.06667521595954895,,
,,0.001,43629,,,,
21,,,43629,,0.06724152714014053,,
,,0.001,43639,,,,
21,,,43639,,0.06743436306715012,,
,,0.001,43649,,,,
21,,,43649,,0.07059860974550247,,
,,0.001,43659,,,,
21,,,43659,,0.06871096789836884,,
,,0.001,43669,,,,
21,,,43669,,0.07082826644182205,,
,,0.001,43679,,,,
21,,,43679,,0.06450717896223068,,
,,0.001,43689,,,,
21,,,43689,,0.06699864566326141,,
,,0.001,43699,,,,
21,,,43699,,0.07023576647043228,,
,,0.001,43709,,,,
21,,,43709,,0.06944163888692856,,
,,0.001,43719,,,,
21,,,43719,,0.06872393935918808,,
,,0.001,43729,,,,
21,,,43729,,0.06971005350351334,,
,,0.001,43739,,,,
21,,,43739,,0.06928940117359161,,
,,0.001,43749,,,,
21,,,43749,,0.07092785090208054,,
,,0.001,43759,,,,
21,,,43759,,0.06668300926685333,,
,,0.001,43769,,,,
21,,,43769,,0.06546597182750702,,
,,0.001,43779,,,,
21,,,43779,,0.06743425130844116,,
,,0.001,43789,,,,
21,,,43789,,0.06788501888513565,,
,,0.001,43799,,,,
21,,,43799,,0.06775601953268051,,
,,0.001,43809,,,,
21,,,43809,,0.06979478895664215,,
,,0.001,43819,,,,
21,,,43819,,0.06781972199678421,,
,,0.001,43829,,,,
21,,,43829,,0.06756535172462463,,
,,0.001,43839,,,,
21,,,43839,,0.06789033114910126,,
,,0.001,43849,,,,
21,,,43849,,0.06628714501857758,,
,,0.001,43859,,,,
21,,,43859,,0.06967379152774811,,
,,0.001,43869,,,,
21,,,43869,,0.06841301918029785,,
,,0.001,43879,,,,
21,,,43879,,0.06791916489601135,,
,,0.001,43889,,,,
21,,,43889,,0.07082539051771164,,
,,0.001,43899,,,,
21,,,43899,,0.06395632773637772,,
,,0.001,43909,,,,
21,,,43909,,0.06850890070199966,,
,,0.001,43919,,,,
21,,,43919,,0.06522183120250702,,
,,0.001,43929,,,,
21,,,43929,,0.06780264526605606,,
,,0.001,43939,,,,
21,,,43939,,0.06701892614364624,,
,,0.001,43949,,,,
21,,,43949,,0.07030966132879257,,
,,0.001,43959,,,,
21,,,43959,,0.0691700205206871,,
,,0.001,43969,,,,
21,,,43969,,0.0683039128780365,,
,,0.001,43979,,,,
21,,,43979,,0.0672382041811943,,
,,0.001,43989,,,,
21,,,43989,,0.06893448531627655,,
,,0.001,43999,,,,
21,,,43999,,0.06942249834537506,,
,,,1050,,,,0.06759923696517944
,,,1051,,,,0.06972534209489822
,,,1052,,,,0.06695480644702911
,,,1053,,,,0.06803891062736511
,,,1054,,,,0.06786082684993744
,,,1055,,,,0.06730782240629196
,,,1056,,,,0.06919847428798676
,,,1057,,,,0.06731432676315308
,,,1058,,,,0.06820043921470642
,,,1059,,,,0.06814694404602051
,,,1060,,,,0.06834027916193008
,,,1061,,,,0.06782224774360657
,,,1062,,,,0.06909899413585663
,,,1063,,,,0.0685824453830719
,,,1064,,,,0.06866404414176941
,,,1065,,,,0.06965374201536179
,,,1066,,,,0.0673905685544014
,,,1067,,,,0.06630846858024597
,,,1068,,,,0.06830614805221558
,,,1069,,,,0.06836795806884766
,,,1070,,,,0.06874354928731918
,,,1071,,,,0.06811889261007309
,,,1072,,,,0.06747432053089142
,,,1073,,,,0.06829682737588882
,,,1074,,,,0.067789226770401
,,,1075,,,,0.06789769232273102
,,,1076,,,,0.06849449127912521
,,,1077,,,,0.06723477691411972
,,,1078,,,,0.06765495985746384
,,,1079,,,,0.06709948927164078
,,,1080,,,,0.0672084242105484
,,,1081,,,,0.06740570068359375
,,,1082,,,,0.06754526495933533
,,,1083,,,,0.06683731079101562
,,,1084,,,,0.06876233965158463
,,,1085,,,,0.06737468391656876
,,,1086,,,,0.06783422827720642
,,,1087,,,,0.06828489154577255
,,,1088,,,,0.06814935803413391
,,,1089,,,,0.0676003247499466
,,,1090,,,,0.06881881505250931
,,,1091,,,,0.06721522659063339
,,,1092,,,,0.06709834188222885
,,,1093,,,,0.06760497391223907
,,,1094,,,,0.06697634607553482
,,,1095,,,,0.06704041361808777
,,,1096,,,,0.0669727623462677
,,,1097,,,,0.06752359867095947
,,,1098,,,,0.06800822168588638
,,,1099,,,,0.06785443425178528
21,,,43999,,,0.06787605583667755,
21,8.406790733337402,,43999,0.06828475743532181,,,
,,0.001,44009,,,,
22,,,44009,,0.06841889023780823,,
,,0.001,44019,,,,
22,,,44019,,0.06648297607898712,,
,,0.001,44029,,,,
22,,,44029,,0.07140296697616577,,
,,0.001,44039,,,,
22,,,44039,,0.06897852569818497,,
,,0.001,44049,,,,
22,,,44049,,0.06861957162618637,,
,,0.001,44059,,,,
22,,,44059,,0.06757162511348724,,
,,0.001,44069,,,,
22,,,44069,,0.06659933179616928,,
,,0.001,44079,,,,
22,,,44079,,0.06796134263277054,,
,,0.001,44089,,,,
22,,,44089,,0.06820773333311081,,
,,0.001,44099,,,,
22,,,44099,,0.0691387727856636,,
,,0.001,44109,,,,
22,,,44109,,0.06903112679719925,,
,,0.001,44119,,,,
22,,,44119,,0.06945846974849701,,
,,0.001,44129,,,,
22,,,44129,,0.06398995965719223,,
,,0.001,44139,,,,
22,,,44139,,0.06974418461322784,,
,,0.001,44149,,,,
22,,,44149,,0.06642645597457886,,
,,0.001,44159,,,,
22,,,44159,,0.06654658168554306,,
,,0.001,44169,,,,
22,,,44169,,0.06865336745977402,,
,,0.001,44179,,,,
22,,,44179,,0.0657118707895279,,
,,0.001,44189,,,,
22,,,44189,,0.06966511160135269,,
,,0.001,44199,,,,
22,,,44199,,0.06876271963119507,,
,,0.001,44209,,,,
22,,,44209,,0.06966496258974075,,
,,0.001,44219,,,,
22,,,44219,,0.06592627614736557,,
,,0.001,44229,,,,
22,,,44229,,0.06710734963417053,,
,,0.001,44239,,,,
22,,,44239,,0.06896602362394333,,
,,0.001,44249,,,,
22,,,44249,,0.07021532952785492,,
,,0.001,44259,,,,
22,,,44259,,0.06995046138763428,,
,,0.001,44269,,,,
22,,,44269,,0.06614569574594498,,
,,0.001,44279,,,,
22,,,44279,,0.06873220205307007,,
,,0.001,44289,,,,
22,,,44289,,0.06766141206026077,,
,,0.001,44299,,,,
22,,,44299,,0.06857027113437653,,
,,0.001,44309,,,,
22,,,44309,,0.06881306320428848,,
,,0.001,44319,,,,
22,,,44319,,0.06631261855363846,,
,,0.001,44329,,,,
22,,,44329,,0.06995049864053726,,
,,0.001,44339,,,,
22,,,44339,,0.06802947074174881,,
,,0.001,44349,,,,
22,,,44349,,0.06780187040567398,,
,,0.001,44359,,,,
22,,,44359,,0.06683999300003052,,
,,0.001,44369,,,,
22,,,44369,,0.06595645099878311,,
,,0.001,44379,,,,
22,,,44379,,0.06824630498886108,,
,,0.001,44389,,,,
22,,,44389,,0.07092763483524323,,
,,0.001,44399,,,,
22,,,44399,,0.06884375214576721,,
,,0.001,44409,,,,
22,,,44409,,0.06661344319581985,,
,,0.001,44419,,,,
22,,,44419,,0.06536827981472015,,
,,0.001,44429,,,,
22,,,44429,,0.06634414196014404,,
,,0.001,44439,,,,
22,,,44439,,0.06792356073856354,,
,,0.001,44449,,,,
22,,,44449,,0.06962662935256958,,
,,0.001,44459,,,,
22,,,44459,,0.0678994208574295,,
,,0.001,44469,,,,
22,,,44469,,0.06756195425987244,,
,,0.001,44479,,,,
22,,,44479,,0.06609827280044556,,
,,0.001,44489,,,,
22,,,44489,,0.06862606108188629,,
,,0.001,44499,,,,
22,,,44499,,0.06833122670650482,,
,,0.001,44509,,,,
22,,,44509,,0.06733216345310211,,
,,0.001,44519,,,,
22,,,44519,,0.06835710257291794,,
,,0.001,44529,,,,
22,,,44529,,0.06793870776891708,,
,,0.001,44539,,,,
22,,,44539,,0.06736338138580322,,
,,0.001,44549,,,,
22,,,44549,,0.06863383203744888,,
,,0.001,44559,,,,
22,,,44559,,0.06951851397752762,,
,,0.001,44569,,,,
22,,,44569,,0.06868375837802887,,
,,0.001,44579,,,,
22,,,44579,,0.07152272015810013,,
,,0.001,44589,,,,
22,,,44589,,0.067789226770401,,
,,0.001,44599,,,,
22,,,44599,,0.0664450004696846,,
,,0.001,44609,,,,
22,,,44609,,0.06824120134115219,,
,,0.001,44619,,,,
22,,,44619,,0.06773294508457184,,
,,0.001,44629,,,,
22,,,44629,,0.07118130475282669,,
,,0.001,44639,,,,
22,,,44639,,0.06583606451749802,,
,,0.001,44649,,,,
22,,,44649,,0.06713245064020157,,
,,0.001,44659,,,,
22,,,44659,,0.06840448081493378,,
,,0.001,44669,,,,
22,,,44669,,0.06797397881746292,,
,,0.001,44679,,,,
22,,,44679,,0.0667264461517334,,
,,0.001,44689,,,,
22,,,44689,,0.06804732978343964,,
,,0.001,44699,,,,
22,,,44699,,0.06983393430709839,,
,,0.001,44709,,,,
22,,,44709,,0.06903695315122604,,
,,0.001,44719,,,,
22,,,44719,,0.0679531991481781,,
,,0.001,44729,,,,
22,,,44729,,0.06559297442436218,,
,,0.001,44739,,,,
22,,,44739,,0.07147685438394547,,
,,0.001,44749,,,,
22,,,44749,,0.06412029266357422,,
,,0.001,44759,,,,
22,,,44759,,0.07111138850450516,,
,,0.001,44769,,,,
22,,,44769,,0.06810174882411957,,
,,0.001,44779,,,,
22,,,44779,,0.06711085140705109,,
,,0.001,44789,,,,
22,,,44789,,0.06758315861225128,,
,,0.001,44799,,,,
22,,,44799,,0.0665009617805481,,
,,0.001,44809,,,,
22,,,44809,,0.06812180578708649,,
,,0.001,44819,,,,
22,,,44819,,0.06916238367557526,,
,,0.001,44829,,,,
22,,,44829,,0.06787491589784622,,
,,0.001,44839,,,,
22,,,44839,,0.06895779818296432,,
,,0.001,44849,,,,
22,,,44849,,0.0668509379029274,,
,,0.001,44859,,,,
22,,,44859,,0.0684809535741806,,
,,0.001,44869,,,,
22,,,44869,,0.07257760316133499,,
,,0.001,44879,,,,
22,,,44879,,0.06709738075733185,,
,,0.001,44889,,,,
22,,,44889,,0.06539668887853622,,
,,0.001,44899,,,,
22,,,44899,,0.06472703069448471,,
,,0.001,44909,,,,
22,,,44909,,0.06780367344617844,,
,,0.001,44919,,,,
22,,,44919,,0.06655962765216827,,
,,0.001,44929,,,,
22,,,44929,,0.06613832712173462,,
,,0.001,44939,,,,
22,,,44939,,0.06760360300540924,,
,,0.001,44949,,,,
22,,,44949,,0.06798579543828964,,
,,0.001,44959,,,,
22,,,44959,,0.06796782463788986,,
,,0.001,44969,,,,
22,,,44969,,0.0711919441819191,,
,,0.001,44979,,,,
22,,,44979,,0.0686391144990921,,
,,0.001,44989,,,,
22,,,44989,,0.06689684838056564,,
,,0.001,44999,,,,
22,,,44999,,0.07088365405797958,,
,,0.001,45009,,,,
22,,,45009,,0.06599856168031693,,
,,0.001,45019,,,,
22,,,45019,,0.06424354016780853,,
,,0.001,45029,,,,
22,,,45029,,0.06686940789222717,,
,,0.001,45039,,,,
22,,,45039,,0.0675002783536911,,
,,0.001,45049,,,,
22,,,45049,,0.06919260323047638,,
,,0.001,45059,,,,
22,,,45059,,0.06677817553281784,,
,,0.001,45069,,,,
22,,,45069,,0.07008806616067886,,
,,0.001,45079,,,,
22,,,45079,,0.06740490347146988,,
,,0.001,45089,,,,
22,,,45089,,0.06610126048326492,,
,,0.001,45099,,,,
22,,,45099,,0.06730706989765167,,
,,0.001,45109,,,,
22,,,45109,,0.06967566907405853,,
,,0.001,45119,,,,
22,,,45119,,0.07046649605035782,,
,,0.001,45129,,,,
22,,,45129,,0.06752202659845352,,
,,0.001,45139,,,,
22,,,45139,,0.06909533590078354,,
,,0.001,45149,,,,
22,,,45149,,0.07006844878196716,,
,,0.001,45159,,,,
22,,,45159,,0.06901051104068756,,
,,0.001,45169,,,,
22,,,45169,,0.07033099979162216,,
,,0.001,45179,,,,
22,,,45179,,0.06752445548772812,,
,,0.001,45189,,,,
22,,,45189,,0.06655345857143402,,
,,0.001,45199,,,,
22,,,45199,,0.06753243505954742,,
,,0.001,45209,,,,
22,,,45209,,0.06656533479690552,,
,,0.001,45219,,,,
22,,,45219,,0.06742878258228302,,
,,0.001,45229,,,,
22,,,45229,,0.06778575479984283,,
,,0.001,45239,,,,
22,,,45239,,0.06521659344434738,,
,,0.001,45249,,,,
22,,,45249,,0.06869345903396606,,
,,0.001,45259,,,,
22,,,45259,,0.07019739598035812,,
,,0.001,45269,,,,
22,,,45269,,0.06458060443401337,,
,,0.001,45279,,,,
22,,,45279,,0.06938251107931137,,
,,0.001,45289,,,,
22,,,45289,,0.0677044615149498,,
,,0.001,45299,,,,
22,,,45299,,0.06958052515983582,,
,,0.001,45309,,,,
22,,,45309,,0.06573676317930222,,
,,0.001,45319,,,,
22,,,45319,,0.06945008784532547,,
,,0.001,45329,,,,
22,,,45329,,0.06906916946172714,,
,,0.001,45339,,,,
22,,,45339,,0.06722646206617355,,
,,0.001,45349,,,,
22,,,45349,,0.07004169374704361,,
,,0.001,45359,,,,
22,,,45359,,0.06745655089616776,,
,,0.001,45369,,,,
22,,,45369,,0.06966794282197952,,
,,0.001,45379,,,,
22,,,45379,,0.06792626529932022,,
,,0.001,45389,,,,
22,,,45389,,0.06725817918777466,,
,,0.001,45399,,,,
22,,,45399,,0.06813538819551468,,
,,0.001,45409,,,,
22,,,45409,,0.07110517472028732,,
,,0.001,45419,,,,
22,,,45419,,0.06672597676515579,,
,,0.001,45429,,,,
22,,,45429,,0.0676991194486618,,
,,0.001,45439,,,,
22,,,45439,,0.0683801993727684,,
,,0.001,45449,,,,
22,,,45449,,0.06745730340480804,,
,,0.001,45459,,,,
22,,,45459,,0.07017213851213455,,
,,0.001,45469,,,,
22,,,45469,,0.06887996196746826,,
,,0.001,45479,,,,
22,,,45479,,0.06907644867897034,,
,,0.001,45489,,,,
22,,,45489,,0.06555908918380737,,
,,0.001,45499,,,,
22,,,45499,,0.06974952667951584,,
,,0.001,45509,,,,
22,,,45509,,0.06646190583705902,,
,,0.001,45519,,,,
22,,,45519,,0.06441859155893326,,
,,0.001,45529,,,,
22,,,45529,,0.06736166030168533,,
,,0.001,45539,,,,
22,,,45539,,0.06943929940462112,,
,,0.001,45549,,,,
22,,,45549,,0.06950052082538605,,
,,0.001,45559,,,,
22,,,45559,,0.0678972601890564,,
,,0.001,45569,,,,
22,,,45569,,0.06854815781116486,,
,,0.001,45579,,,,
22,,,45579,,0.06891409307718277,,
,,0.001,45589,,,,
22,,,45589,,0.06658567488193512,,
,,0.001,45599,,,,
22,,,45599,,0.07054826617240906,,
,,0.001,45609,,,,
22,,,45609,,0.07079607248306274,,
,,0.001,45619,,,,
22,,,45619,,0.0716772973537445,,
,,0.001,45629,,,,
22,,,45629,,0.06983814388513565,,
,,0.001,45639,,,,
22,,,45639,,0.06818733364343643,,
,,0.001,45649,,,,
22,,,45649,,0.06829535961151123,,
,,0.001,45659,,,,
22,,,45659,,0.0666864663362503,,
,,0.001,45669,,,,
22,,,45669,,0.0658300444483757,,
,,0.001,45679,,,,
22,,,45679,,0.06421829760074615,,
,,0.001,45689,,,,
22,,,45689,,0.06874196231365204,,
,,0.001,45699,,,,
22,,,45699,,0.06904289871454239,,
,,0.001,45709,,,,
22,,,45709,,0.06933853030204773,,
,,0.001,45719,,,,
22,,,45719,,0.06973827630281448,,
,,0.001,45729,,,,
22,,,45729,,0.06870168447494507,,
,,0.001,45739,,,,
22,,,45739,,0.06988689303398132,,
,,0.001,45749,,,,
22,,,45749,,0.0667269304394722,,
,,0.001,45759,,,,
22,,,45759,,0.0650821253657341,,
,,0.001,45769,,,,
22,,,45769,,0.06788550317287445,,
,,0.001,45779,,,,
22,,,45779,,0.06911364942789078,,
,,0.001,45789,,,,
22,,,45789,,0.06664617359638214,,
,,0.001,45799,,,,
22,,,45799,,0.06633949279785156,,
,,0.001,45809,,,,
22,,,45809,,0.06705031543970108,,
,,0.001,45819,,,,
22,,,45819,,0.06649331748485565,,
,,0.001,45829,,,,
22,,,45829,,0.06690345704555511,,
,,0.001,45839,,,,
22,,,45839,,0.06546565145254135,,
,,0.001,45849,,,,
22,,,45849,,0.06711672991514206,,
,,0.001,45859,,,,
22,,,45859,,0.06778328865766525,,
,,0.001,45869,,,,
22,,,45869,,0.07135187089443207,,
,,0.001,45879,,,,
22,,,45879,,0.06961202621459961,,
,,0.001,45889,,,,
22,,,45889,,0.06949663162231445,,
,,0.001,45899,,,,
22,,,45899,,0.06759024411439896,,
,,0.001,45909,,,,
22,,,45909,,0.07001201808452606,,
,,0.001,45919,,,,
22,,,45919,,0.06587932258844376,,
,,0.001,45929,,,,
22,,,45929,,0.06702715903520584,,
,,0.001,45939,,,,
22,,,45939,,0.0700133889913559,,
,,0.001,45949,,,,
22,,,45949,,0.06977562606334686,,
,,0.001,45959,,,,
22,,,45959,,0.06745626777410507,,
,,0.001,45969,,,,
22,,,45969,,0.06610175967216492,,
,,0.001,45979,,,,
22,,,45979,,0.0692700743675232,,
,,0.001,45989,,,,
22,,,45989,,0.06921892613172531,,
,,0.001,45999,,,,
22,,,45999,,0.0668901801109314,,
,,,1100,,,,0.06825640797615051
,,,1101,,,,0.0705505833029747
,,,1102,,,,0.06781104952096939
,,,1103,,,,0.06889447569847107
,,,1104,,,,0.06851299107074738
,,,1105,,,,0.06827922910451889
,,,1106,,,,0.06994334608316422
,,,1107,,,,0.06807541102170944
,,,1108,,,,0.06909625977277756
,,,1109,,,,0.06885189563035965
,,,1110,,,,0.06874319165945053
,,,1111,,,,0.06872726231813431
,,,1112,,,,0.06995449960231781
,,,1113,,,,0.06952852755784988
,,,1114,,,,0.06935462355613708
,,,1115,,,,0.07039912790060043
,,,1116,,,,0.06820101290941238
,,,1117,,,,0.0669446513056755
,,,1118,,,,0.06895750015974045
,,,1119,,,,0.06883914768695831
,,,1120,,,,0.0692204162478447
,,,1121,,,,0.06889559328556061
,,,1122,,,,0.06834668666124344
,,,1123,,,,0.06919606029987335
,,,1124,,,,0.06818225979804993
,,,1125,,,,0.06883038580417633
,,,1126,,,,0.06932774186134338
,,,1127,,,,0.0682244747877121
,,,1128,,,,0.06852105259895325
,,,1129,,,,0.06765784323215485
,,,1130,,,,0.06794172525405884
,,,1131,,,,0.06809175759553909
,,,1132,,,,0.06835021823644638
,,,1133,,,,0.06765364855527878
,,,1134,,,,0.0697796568274498
,,,1135,,,,0.06796064227819443
,,,1136,,,,0.06857992708683014
,,,1137,,,,0.06897608935832977
,,,1138,,,,0.06883430480957031
,,,1139,,,,0.06841159611940384
,,,1140,,,,0.06936674565076828
,,,1141,,,,0.06819277256727219
,,,1142,,,,0.06760845333337784
,,,1143,,,,0.06826307624578476
,,,1144,,,,0.06765883415937424
,,,1145,,,,0.06811068952083588
,,,1146,,,,0.06779342144727707
,,,1147,,,,0.06836353987455368
,,,1148,,,,0.06871141493320465
,,,1149,,,,0.068642757833004
22,,,45999,,,0.06863229721784592,
22,8.45576286315918,,45999,0.06803486496210098,,,
,,0.001,46009,,,,
23,,,46009,,0.07102464139461517,,
,,0.001,46019,,,,
23,,,46019,,0.06795905530452728,,
,,0.001,46029,,,,
23,,,46029,,0.06994359940290451,,
,,0.001,46039,,,,
23,,,46039,,0.06821783632040024,,
,,0.001,46049,,,,
23,,,46049,,0.07347673922777176,,
,,0.001,46059,,,,
23,,,46059,,0.0679989904165268,,
,,0.001,46069,,,,
23,,,46069,,0.06777957081794739,,
,,0.001,46079,,,,
23,,,46079,,0.0658344179391861,,
,,0.001,46089,,,,
23,,,46089,,0.06796598434448242,,
,,0.001,46099,,,,
23,,,46099,,0.07114515453577042,,
,,0.001,46109,,,,
23,,,46109,,0.06773880124092102,,
,,0.001,46119,,,,
23,,,46119,,0.06771887838840485,,
,,0.001,46129,,,,
23,,,46129,,0.06775554269552231,,
,,0.001,46139,,,,
23,,,46139,,0.0691835880279541,,
,,0.001,46149,,,,
23,,,46149,,0.06669537723064423,,
,,0.001,46159,,,,
23,,,46159,,0.06733693182468414,,
,,0.001,46169,,,,
23,,,46169,,0.06851664185523987,,
,,0.001,46179,,,,
23,,,46179,,0.06717121601104736,,
,,0.001,46189,,,,
23,,,46189,,0.06939296424388885,,
,,0.001,46199,,,,
23,,,46199,,0.06953053176403046,,
,,0.001,46209,,,,
23,,,46209,,0.07123196125030518,,
,,0.001,46219,,,,
23,,,46219,,0.06483253836631775,,
,,0.001,46229,,,,
23,,,46229,,0.06613799184560776,,
,,0.001,46239,,,,
23,,,46239,,0.06580986082553864,,
,,0.001,46249,,,,
23,,,46249,,0.066641665995121,,
,,0.001,46259,,,,
23,,,46259,,0.06684157252311707,,
,,0.001,46269,,,,
23,,,46269,,0.0658230185508728,,
,,0.001,46279,,,,
23,,,46279,,0.06784507632255554,,
,,0.001,46289,,,,
23,,,46289,,0.07016285508871078,,
,,0.001,46299,,,,
23,,,46299,,0.06740826368331909,,
,,0.001,46309,,,,
23,,,46309,,0.06833922863006592,,
,,0.001,46319,,,,
23,,,46319,,0.0657755434513092,,
,,0.001,46329,,,,
23,,,46329,,0.06855125725269318,,
,,0.001,46339,,,,
23,,,46339,,0.06765199452638626,,
,,0.001,46349,,,,
23,,,46349,,0.06472349166870117,,
,,0.001,46359,,,,
23,,,46359,,0.06859388202428818,,
,,0.001,46369,,,,
23,,,46369,,0.06904162466526031,,
,,0.001,46379,,,,
23,,,46379,,0.06833183765411377,,
,,0.001,46389,,,,
23,,,46389,,0.06789535284042358,,
,,0.001,46399,,,,
23,,,46399,,0.06770222634077072,,
,,0.001,46409,,,,
23,,,46409,,0.0697643980383873,,
,,0.001,46419,,,,
23,,,46419,,0.06792019307613373,,
,,0.001,46429,,,,
23,,,46429,,0.06854311376810074,,
,,0.001,46439,,,,
23,,,46439,,0.0657869204878807,,
,,0.001,46449,,,,
23,,,46449,,0.07047785073518753,,
,,0.001,46459,,,,
23,,,46459,,0.07104401290416718,,
,,0.001,46469,,,,
23,,,46469,,0.06988372653722763,,
,,0.001,46479,,,,
23,,,46479,,0.06833551079034805,,
,,0.001,46489,,,,
23,,,46489,,0.06758114695549011,,
,,0.001,46499,,,,
23,,,46499,,0.07024803012609482,,
,,0.001,46509,,,,
23,,,46509,,0.06648596376180649,,
,,0.001,46519,,,,
23,,,46519,,0.06748193502426147,,
,,0.001,46529,,,,
23,,,46529,,0.0703568384051323,,
,,0.001,46539,,,,
23,,,46539,,0.06929255276918411,,
,,0.001,46549,,,,
23,,,46549,,0.06826295703649521,,
,,0.001,46559,,,,
23,,,46559,,0.06751550734043121,,
,,0.001,46569,,,,
23,,,46569,,0.0686260387301445,,
,,0.001,46579,,,,
23,,,46579,,0.07043110579252243,,
,,0.001,46589,,,,
23,,,46589,,0.06756450235843658,,
,,0.001,46599,,,,
23,,,46599,,0.06575964391231537,,
,,0.001,46609,,,,
23,,,46609,,0.06383290141820908,,
,,0.001,46619,,,,
23,,,46619,,0.07105933129787445,,
,,0.001,46629,,,,
23,,,46629,,0.0684560015797615,,
,,0.001,46639,,,,
23,,,46639,,0.06611810624599457,,
,,0.001,46649,,,,
23,,,46649,,0.06398148834705353,,
,,0.001,46659,,,,
23,,,46659,,0.06585505604743958,,
,,0.001,46669,,,,
23,,,46669,,0.07004616409540176,,
,,0.001,46679,,,,
23,,,46679,,0.07089083641767502,,
,,0.001,46689,,,,
23,,,46689,,0.06690779328346252,,
,,0.001,46699,,,,
23,,,46699,,0.0700470507144928,,
,,0.001,46709,,,,
23,,,46709,,0.06911326199769974,,
,,0.001,46719,,,,
23,,,46719,,0.06724904477596283,,
,,0.001,46729,,,,
23,,,46729,,0.06841567158699036,,
,,0.001,46739,,,,
23,,,46739,,0.06539184600114822,,
,,0.001,46749,,,,
23,,,46749,,0.07076352089643478,,
,,0.001,46759,,,,
23,,,46759,,0.06875379383563995,,
,,0.001,46769,,,,
23,,,46769,,0.06758584827184677,,
,,0.001,46779,,,,
23,,,46779,,0.06785965710878372,,
,,0.001,46789,,,,
23,,,46789,,0.06652289628982544,,
,,0.001,46799,,,,
23,,,46799,,0.06873753666877747,,
,,0.001,46809,,,,
23,,,46809,,0.06721097230911255,,
,,0.001,46819,,,,
23,,,46819,,0.06958140432834625,,
,,0.001,46829,,,,
23,,,46829,,0.06684877723455429,,
,,0.001,46839,,,,
23,,,46839,,0.07011839747428894,,
,,0.001,46849,,,,
23,,,46849,,0.06874178349971771,,
,,0.001,46859,,,,
23,,,46859,,0.06756144762039185,,
,,0.001,46869,,,,
23,,,46869,,0.06750941276550293,,
,,0.001,46879,,,,
23,,,46879,,0.06629251688718796,,
,,0.001,46889,,,,
23,,,46889,,0.06925378739833832,,
,,0.001,46899,,,,
23,,,46899,,0.07139399647712708,,
,,0.001,46909,,,,
23,,,46909,,0.06933379918336868,,
,,0.001,46919,,,,
23,,,46919,,0.0673113763332367,,
,,0.001,46929,,,,
23,,,46929,,0.06671734154224396,,
,,0.001,46939,,,,
23,,,46939,,0.06781958788633347,,
,,0.001,46949,,,,
23,,,46949,,0.06531941145658493,,
,,0.001,46959,,,,
23,,,46959,,0.06868913769721985,,
,,0.001,46969,,,,
23,,,46969,,0.06915250420570374,,
,,0.001,46979,,,,
23,,,46979,,0.06986545771360397,,
,,0.001,46989,,,,
23,,,46989,,0.06908811628818512,,
,,0.001,46999,,,,
23,,,46999,,0.07054678350687027,,
,,0.001,47009,,,,
23,,,47009,,0.0679253488779068,,
,,0.001,47019,,,,
23,,,47019,,0.06615400314331055,,
,,0.001,47029,,,,
23,,,47029,,0.06957320868968964,,
,,0.001,47039,,,,
23,,,47039,,0.06714838743209839,,
,,0.001,47049,,,,
23,,,47049,,0.06670543551445007,,
,,0.001,47059,,,,
23,,,47059,,0.0653708428144455,,
,,0.001,47069,,,,
23,,,47069,,0.07113727927207947,,
,,0.001,47079,,,,
23,,,47079,,0.06787019222974777,,
,,0.001,47089,,,,
23,,,47089,,0.06602388620376587,,
,,0.001,47099,,,,
23,,,47099,,0.06994058191776276,,
,,0.001,47109,,,,
23,,,47109,,0.06813211739063263,,
,,0.001,47119,,,,
23,,,47119,,0.068634532392025,,
,,0.001,47129,,,,
23,,,47129,,0.06766023486852646,,
,,0.001,47139,,,,
23,,,47139,,0.06893886625766754,,
,,0.001,47149,,,,
23,,,47149,,0.06993545591831207,,
,,0.001,47159,,,,
23,,,47159,,0.06812668591737747,,
,,0.001,47169,,,,
23,,,47169,,0.06868072599172592,,
,,0.001,47179,,,,
23,,,47179,,0.0658155009150505,,
,,0.001,47189,,,,
23,,,47189,,0.06629324704408646,,
,,0.001,47199,,,,
23,,,47199,,0.0660707950592041,,
,,0.001,47209,,,,
23,,,47209,,0.06940331310033798,,
,,0.001,47219,,,,
23,,,47219,,0.06832922995090485,,
,,0.001,47229,,,,
23,,,47229,,0.06705375015735626,,
,,0.001,47239,,,,
23,,,47239,,0.06715778261423111,,
,,0.001,47249,,,,
23,,,47249,,0.06885570287704468,,
,,0.001,47259,,,,
23,,,47259,,0.06622876226902008,,
,,0.001,47269,,,,
23,,,47269,,0.06610064953565598,,
,,0.001,47279,,,,
23,,,47279,,0.07139036059379578,,
,,0.001,47289,,,,
23,,,47289,,0.06630289554595947,,
,,0.001,47299,,,,
23,,,47299,,0.06970885396003723,,
,,0.001,47309,,,,
23,,,47309,,0.06436971575021744,,
,,0.001,47319,,,,
23,,,47319,,0.06904236227273941,,
,,0.001,47329,,,,
23,,,47329,,0.06933005899190903,,
,,0.001,47339,,,,
23,,,47339,,0.07043333351612091,,
,,0.001,47349,,,,
23,,,47349,,0.07016865909099579,,
,,0.001,47359,,,,
23,,,47359,,0.07126951962709427,,
,,0.001,47369,,,,
23,,,47369,,0.06838161498308182,,
,,0.001,47379,,,,
23,,,47379,,0.06859014928340912,,
,,0.001,47389,,,,
23,,,47389,,0.07019756734371185,,
,,0.001,47399,,,,
23,,,47399,,0.06766239553689957,,
,,0.001,47409,,,,
23,,,47409,,0.06858732551336288,,
,,0.001,47419,,,,
23,,,47419,,0.06905204057693481,,
,,0.001,47429,,,,
23,,,47429,,0.06947015970945358,,
,,0.001,47439,,,,
23,,,47439,,0.06883323937654495,,
,,0.001,47449,,,,
23,,,47449,,0.06932710111141205,,
,,0.001,47459,,,,
23,,,47459,,0.0674273669719696,,
,,0.001,47469,,,,
23,,,47469,,0.06861409544944763,,
,,0.001,47479,,,,
23,,,47479,,0.06787595897912979,,
,,0.001,47489,,,,
23,,,47489,,0.0671280175447464,,
,,0.001,47499,,,,
23,,,47499,,0.06900918483734131,,
,,0.001,47509,,,,
23,,,47509,,0.06928189843893051,,
,,0.001,47519,,,,
23,,,47519,,0.06833042949438095,,
,,0.001,47529,,,,
23,,,47529,,0.07068073004484177,,
,,0.001,47539,,,,
23,,,47539,,0.06717811524868011,,
,,0.001,47549,,,,
23,,,47549,,0.0680517703294754,,
,,0.001,47559,,,,
23,,,47559,,0.06696955859661102,,
,,0.001,47569,,,,
23,,,47569,,0.06628723442554474,,
,,0.001,47579,,,,
23,,,47579,,0.06778334081172943,,
,,0.001,47589,,,,
23,,,47589,,0.07020819932222366,,
,,0.001,47599,,,,
23,,,47599,,0.0671827644109726,,
,,0.001,47609,,,,
23,,,47609,,0.07079441845417023,,
,,0.001,47619,,,,
23,,,47619,,0.06853661686182022,,
,,0.001,47629,,,,
23,,,47629,,0.0654364675283432,,
,,0.001,47639,,,,
23,,,47639,,0.06820939481258392,,
,,0.001,47649,,,,
23,,,47649,,0.0687953382730484,,
,,0.001,47659,,,,
23,,,47659,,0.06566990911960602,,
,,0.001,47669,,,,
23,,,47669,,0.0685310885310173,,
,,0.001,47679,,,,
23,,,47679,,0.06805340200662613,,
,,0.001,47689,,,,
23,,,47689,,0.06845925748348236,,
,,0.001,47699,,,,
23,,,47699,,0.07020046561956406,,
,,0.001,47709,,,,
23,,,47709,,0.067367784678936,,
,,0.001,47719,,,,
23,,,47719,,0.06729214638471603,,
,,0.001,47729,,,,
23,,,47729,,0.06968499720096588,,
,,0.001,47739,,,,
23,,,47739,,0.06959882378578186,,
,,0.001,47749,,,,
23,,,47749,,0.07072795927524567,,
,,0.001,47759,,,,
23,,,47759,,0.06679962575435638,,
,,0.001,47769,,,,
23,,,47769,,0.06629256159067154,,
,,0.001,47779,,,,
23,,,47779,,0.06433704495429993,,
,,0.001,47789,,,,
23,,,47789,,0.06818492710590363,,
,,0.001,47799,,,,
23,,,47799,,0.06332161277532578,,
,,0.001,47809,,,,
23,,,47809,,0.06570817530155182,,
,,0.001,47819,,,,
23,,,47819,,0.06794223189353943,,
,,0.001,47829,,,,
23,,,47829,,0.06870163232088089,,
,,0.001,47839,,,,
23,,,47839,,0.06972670555114746,,
,,0.001,47849,,,,
23,,,47849,,0.06756709516048431,,
,,0.001,47859,,,,
23,,,47859,,0.06871750205755234,,
,,0.001,47869,,,,
23,,,47869,,0.06676270812749863,,
,,0.001,47879,,,,
23,,,47879,,0.0663239061832428,,
,,0.001,47889,,,,
23,,,47889,,0.06807733327150345,,
,,0.001,47899,,,,
23,,,47899,,0.06590238213539124,,
,,0.001,47909,,,,
23,,,47909,,0.06838814169168472,,
,,0.001,47919,,,,
23,,,47919,,0.06870047003030777,,
,,0.001,47929,,,,
23,,,47929,,0.0672544538974762,,
,,0.001,47939,,,,
23,,,47939,,0.06992005556821823,,
,,0.001,47949,,,,
23,,,47949,,0.0683719739317894,,
,,0.001,47959,,,,
23,,,47959,,0.06519213318824768,,
,,0.001,47969,,,,
23,,,47969,,0.06851612031459808,,
,,0.001,47979,,,,
23,,,47979,,0.06871362775564194,,
,,0.001,47989,,,,
23,,,47989,,0.07073506712913513,,
,,0.001,47999,,,,
23,,,47999,,0.06745763123035431,,
,,,1150,,,,0.06771036237478256
,,,1151,,,,0.07000633329153061
,,,1152,,,,0.06703215092420578
,,,1153,,,,0.06809590011835098
,,,1154,,,,0.06785378605127335
,,,1155,,,,0.06758968532085419
,,,1156,,,,0.06919901072978973
,,,1157,,,,0.06745076179504395
,,,1158,,,,0.06838960200548172
,,,1159,,,,0.06835483759641647
,,,1160,,,,0.06838631629943848
,,,1161,,,,0.06797877699136734
,,,1162,,,,0.0694214254617691
,,,1163,,,,0.06876704096794128
,,,1164,,,,0.0687936320900917
,,,1165,,,,0.06966425478458405
,,,1166,,,,0.06744219362735748
,,,1167,,,,0.0662536770105362
,,,1168,,,,0.0684344545006752
,,,1169,,,,0.06824004650115967
,,,1170,,,,0.06879172474145889
,,,1171,,,,0.06827018409967422
,,,1172,,,,0.06774238497018814
,,,1173,,,,0.06842811405658722
,,,1174,,,,0.06801455467939377
,,,1175,,,,0.06807862967252731
,,,1176,,,,0.06854619830846786
,,,1177,,,,0.06731808185577393
,,,1178,,,,0.06787817180156708
,,,1179,,,,0.06710665673017502
,,,1180,,,,0.0671636313199997
,,,1181,,,,0.06747918576002121
,,,1182,,,,0.06770535558462143
,,,1183,,,,0.06687305867671967
,,,1184,,,,0.06908823549747467
,,,1185,,,,0.06739579886198044
,,,1186,,,,0.06807892769575119
,,,1187,,,,0.06829588860273361
,,,1188,,,,0.06811287254095078
,,,1189,,,,0.06750024855136871
,,,1190,,,,0.0688885822892189
,,,1191,,,,0.06731518357992172
,,,1192,,,,0.06734000146389008
,,,1193,,,,0.06749891489744186
,,,1194,,,,0.06699524819850922
,,,1195,,,,0.0672227293252945
,,,1196,,,,0.06704046577215195
,,,1197,,,,0.06760483235120773
,,,1198,,,,0.0681152194738388
,,,1199,,,,0.06796708703041077
23,,,47999,,,0.0679784044623375,
23,8.36512565612793,,47999,0.06800927221775055,,,
,,0.001,48009,,,,
24,,,48009,,0.06722673028707504,,
,,0.001,48019,,,,
24,,,48019,,0.06530793756246567,,
,,0.001,48029,,,,
24,,,48029,,0.07014444470405579,,
,,0.001,48039,,,,
24,,,48039,,0.06515499204397202,,
,,0.001,48049,,,,
24,,,48049,,0.06744927912950516,,
,,0.001,48059,,,,
24,,,48059,,0.06577467918395996,,
,,0.001,48069,,,,
24,,,48069,,0.0665828064084053,,
,,0.001,48079,,,,
24,,,48079,,0.06763869524002075,,
,,0.001,48089,,,,
24,,,48089,,0.06839445233345032,,
,,0.001,48099,,,,
24,,,48099,,0.07018472999334335,,
,,0.001,48109,,,,
24,,,48109,,0.06734306365251541,,
,,0.001,48119,,,,
24,,,48119,,0.06693211942911148,,
,,0.001,48129,,,,
24,,,48129,,0.06728368997573853,,
,,0.001,48139,,,,
24,,,48139,,0.06900651007890701,,
,,0.001,48149,,,,
24,,,48149,,0.06784156709909439,,
,,0.001,48159,,,,
24,,,48159,,0.06595686078071594,,
,,0.001,48169,,,,
24,,,48169,,0.06788855791091919,,
,,0.001,48179,,,,
24,,,48179,,0.06713619828224182,,
,,0.001,48189,,,,
24,,,48189,,0.06783140450716019,,
,,0.001,48199,,,,
24,,,48199,,0.06646019965410233,,
,,0.001,48209,,,,
24,,,48209,,0.0685635432600975,,
,,0.001,48219,,,,
24,,,48219,,0.06430739164352417,,
,,0.001,48229,,,,
24,,,48229,,0.06908968836069107,,
,,0.001,48239,,,,
24,,,48239,,0.06877689808607101,,
,,0.001,48249,,,,
24,,,48249,,0.0644233450293541,,
,,0.001,48259,,,,
24,,,48259,,0.06609287858009338,,
,,0.001,48269,,,,
24,,,48269,,0.06864013522863388,,
,,0.001,48279,,,,
24,,,48279,,0.06752286106348038,,
,,0.001,48289,,,,
24,,,48289,,0.06853898614645004,,
,,0.001,48299,,,,
24,,,48299,,0.06662960350513458,,
,,0.001,48309,,,,
24,,,48309,,0.06751888990402222,,
,,0.001,48319,,,,
24,,,48319,,0.06812460720539093,,
,,0.001,48329,,,,
24,,,48329,,0.06843050569295883,,
,,0.001,48339,,,,
24,,,48339,,0.06661263108253479,,
,,0.001,48349,,,,
24,,,48349,,0.06543022394180298,,
,,0.001,48359,,,,
24,,,48359,,0.0650009885430336,,
,,0.001,48369,,,,
24,,,48369,,0.06891103833913803,,
,,0.001,48379,,,,
24,,,48379,,0.06773137301206589,,
,,0.001,48389,,,,
24,,,48389,,0.06823813915252686,,
,,0.001,48399,,,,
24,,,48399,,0.06835363060235977,,
,,0.001,48409,,,,
24,,,48409,,0.06880097091197968,,
,,0.001,48419,,,,
24,,,48419,,0.06662043929100037,,
,,0.001,48429,,,,
24,,,48429,,0.07100975513458252,,
,,0.001,48439,,,,
24,,,48439,,0.06628598272800446,,
,,0.001,48449,,,,
24,,,48449,,0.0655151903629303,,
,,0.001,48459,,,,
24,,,48459,,0.06744112819433212,,
,,0.001,48469,,,,
24,,,48469,,0.0685804933309555,,
,,0.001,48479,,,,
24,,,48479,,0.06550565361976624,,
,,0.001,48489,,,,
24,,,48489,,0.06818920373916626,,
,,0.001,48499,,,,
24,,,48499,,0.07131820917129517,,
,,0.001,48509,,,,
24,,,48509,,0.06754247844219208,,
,,0.001,48519,,,,
24,,,48519,,0.06514975428581238,,
,,0.001,48529,,,,
24,,,48529,,0.06392712891101837,,
,,0.001,48539,,,,
24,,,48539,,0.06865130364894867,,
,,0.001,48549,,,,
24,,,48549,,0.06677401065826416,,
,,0.001,48559,,,,
24,,,48559,,0.06677300482988358,,
,,0.001,48569,,,,
24,,,48569,,0.07000642269849777,,
,,0.001,48579,,,,
24,,,48579,,0.07008951902389526,,
,,0.001,48589,,,,
24,,,48589,,0.06539454311132431,,
,,0.001,48599,,,,
24,,,48599,,0.06714172661304474,,
,,0.001,48609,,,,
24,,,48609,,0.06763486564159393,,
,,0.001,48619,,,,
24,,,48619,,0.06858452409505844,,
,,0.001,48629,,,,
24,,,48629,,0.07223844528198242,,
,,0.001,48639,,,,
24,,,48639,,0.06755610555410385,,
,,0.001,48649,,,,
24,,,48649,,0.06642435491085052,,
,,0.001,48659,,,,
24,,,48659,,0.06374465674161911,,
,,0.001,48669,,,,
24,,,48669,,0.0706176608800888,,
,,0.001,48679,,,,
24,,,48679,,0.0689467042684555,,
,,0.001,48689,,,,
24,,,48689,,0.06725435703992844,,
,,0.001,48699,,,,
24,,,48699,,0.0684434026479721,,
,,0.001,48709,,,,
24,,,48709,,0.06796855479478836,,
,,0.001,48719,,,,
24,,,48719,,0.0675453171133995,,
,,0.001,48729,,,,
24,,,48729,,0.0655219703912735,,
,,0.001,48739,,,,
24,,,48739,,0.07017911225557327,,
,,0.001,48749,,,,
24,,,48749,,0.06710318475961685,,
,,0.001,48759,,,,
24,,,48759,,0.06524772942066193,,
,,0.001,48769,,,,
24,,,48769,,0.06579691916704178,,
,,0.001,48779,,,,
24,,,48779,,0.06963656842708588,,
,,0.001,48789,,,,
24,,,48789,,0.06362440437078476,,
,,0.001,48799,,,,
24,,,48799,,0.07203395664691925,,
,,0.001,48809,,,,
24,,,48809,,0.06911103427410126,,
,,0.001,48819,,,,
24,,,48819,,0.06887975335121155,,
,,0.001,48829,,,,
24,,,48829,,0.06599246710538864,,
,,0.001,48839,,,,
24,,,48839,,0.07062242180109024,,
,,0.001,48849,,,,
24,,,48849,,0.06705605238676071,,
,,0.001,48859,,,,
24,,,48859,,0.0651882067322731,,
,,0.001,48869,,,,
24,,,48869,,0.0684429407119751,,
,,0.001,48879,,,,
24,,,48879,,0.06734882295131683,,
,,0.001,48889,,,,
24,,,48889,,0.0687856376171112,,
,,0.001,48899,,,,
24,,,48899,,0.06962059438228607,,
,,0.001,48909,,,,
24,,,48909,,0.0674307569861412,,
,,0.001,48919,,,,
24,,,48919,,0.06717626005411148,,
,,0.001,48929,,,,
24,,,48929,,0.06542392820119858,,
,,0.001,48939,,,,
24,,,48939,,0.0670461654663086,,
,,0.001,48949,,,,
24,,,48949,,0.0692419782280922,,
,,0.001,48959,,,,
24,,,48959,,0.07066977024078369,,
,,0.001,48969,,,,
24,,,48969,,0.06859759241342545,,
,,0.001,48979,,,,
24,,,48979,,0.06966788321733475,,
,,0.001,48989,,,,
24,,,48989,,0.06892826408147812,,
,,0.001,48999,,,,
24,,,48999,,0.06956349313259125,,
,,0.001,49009,,,,
24,,,49009,,0.06573043763637543,,
,,0.001,49019,,,,
24,,,49019,,0.06510613858699799,,
,,0.001,49029,,,,
24,,,49029,,0.0664392039179802,,
,,0.001,49039,,,,
24,,,49039,,0.06352431327104568,,
,,0.001,49049,,,,
24,,,49049,,0.0702153742313385,,
,,0.001,49059,,,,
24,,,49059,,0.06639941781759262,,
,,0.001,49069,,,,
24,,,49069,,0.07061566412448883,,
,,0.001,49079,,,,
24,,,49079,,0.06966939568519592,,
,,0.001,49089,,,,
24,,,49089,,0.06973215937614441,,
,,0.001,49099,,,,
24,,,49099,,0.06549136340618134,,
,,0.001,49109,,,,
24,,,49109,,0.06793111562728882,,
,,0.001,49119,,,,
24,,,49119,,0.0709129050374031,,
,,0.001,49129,,,,
24,,,49129,,0.06864862143993378,,
,,0.001,49139,,,,
24,,,49139,,0.06790409237146378,,
,,0.001,49149,,,,
24,,,49149,,0.068284772336483,,
,,0.001,49159,,,,
24,,,49159,,0.06796395033597946,,
,,0.001,49169,,,,
24,,,49169,,0.06932511180639267,,
,,0.001,49179,,,,
24,,,49179,,0.06719925999641418,,
,,0.001,49189,,,,
24,,,49189,,0.0663747489452362,,
,,0.001,49199,,,,
24,,,49199,,0.06609977781772614,,
,,0.001,49209,,,,
24,,,49209,,0.06975650787353516,,
,,0.001,49219,,,,
24,,,49219,,0.06950460374355316,,
,,0.001,49229,,,,
24,,,49229,,0.06699424982070923,,
,,0.001,49239,,,,
24,,,49239,,0.06563524156808853,,
,,0.001,49249,,,,
24,,,49249,,0.0694747194647789,,
,,0.001,49259,,,,
24,,,49259,,0.06865324079990387,,
,,0.001,49269,,,,
24,,,49269,,0.06606781482696533,,
,,0.001,49279,,,,
24,,,49279,,0.06670153886079788,,
,,0.001,49289,,,,
24,,,49289,,0.06761080771684647,,
,,0.001,49299,,,,
24,,,49299,,0.06725335866212845,,
,,0.001,49309,,,,
24,,,49309,,0.0668092593550682,,
,,0.001,49319,,,,
24,,,49319,,0.07278762757778168,,
,,0.001,49329,,,,
24,,,49329,,0.06854718178510666,,
,,0.001,49339,,,,
24,,,49339,,0.0694524422287941,,
,,0.001,49349,,,,
24,,,49349,,0.06935641169548035,,
,,0.001,49359,,,,
24,,,49359,,0.06906068325042725,,
,,0.001,49369,,,,
24,,,49369,,0.06794654577970505,,
,,0.001,49379,,,,
24,,,49379,,0.06894902139902115,,
,,0.001,49389,,,,
24,,,49389,,0.06994903087615967,,
,,0.001,49399,,,,
24,,,49399,,0.06787583231925964,,
,,0.001,49409,,,,
24,,,49409,,0.06857074052095413,,
,,0.001,49419,,,,
24,,,49419,,0.06975097209215164,,
,,0.001,49429,,,,
24,,,49429,,0.06855969876050949,,
,,0.001,49439,,,,
24,,,49439,,0.06650402396917343,,
,,0.001,49449,,,,
24,,,49449,,0.07192915678024292,,
,,0.001,49459,,,,
24,,,49459,,0.06865821778774261,,
,,0.001,49469,,,,
24,,,49469,,0.06882582604885101,,
,,0.001,49479,,,,
24,,,49479,,0.07151088863611221,,
,,0.001,49489,,,,
24,,,49489,,0.06978412717580795,,
,,0.001,49499,,,,
24,,,49499,,0.06486725062131882,,
,,0.001,49509,,,,
24,,,49509,,0.06724098324775696,,
,,0.001,49519,,,,
24,,,49519,,0.0676853209733963,,
,,0.001,49529,,,,
24,,,49529,,0.06962040066719055,,
,,0.001,49539,,,,
24,,,49539,,0.0672023817896843,,
,,0.001,49549,,,,
24,,,49549,,0.06729733198881149,,
,,0.001,49559,,,,
24,,,49559,,0.06620101630687714,,
,,0.001,49569,,,,
24,,,49569,,0.0689096674323082,,
,,0.001,49579,,,,
24,,,49579,,0.06583777070045471,,
,,0.001,49589,,,,
24,,,49589,,0.06786319613456726,,
,,0.001,49599,,,,
24,,,49599,,0.06976092606782913,,
,,0.001,49609,,,,
24,,,49609,,0.06716015189886093,,
,,0.001,49619,,,,
24,,,49619,,0.07031570374965668,,
,,0.001,49629,,,,
24,,,49629,,0.06788263469934464,,
,,0.001,49639,,,,
24,,,49639,,0.07093162834644318,,
,,0.001,49649,,,,
24,,,49649,,0.07037186622619629,,
,,0.001,49659,,,,
24,,,49659,,0.06763927638530731,,
,,0.001,49669,,,,
24,,,49669,,0.06683312356472015,,
,,0.001,49679,,,,
24,,,49679,,0.06545819342136383,,
,,0.001,49689,,,,
24,,,49689,,0.06798228621482849,,
,,0.001,49699,,,,
24,,,49699,,0.06999538093805313,,
,,0.001,49709,,,,
24,,,49709,,0.07171647995710373,,
,,0.001,49719,,,,
24,,,49719,,0.06612814962863922,,
,,0.001,49729,,,,
24,,,49729,,0.06635021418333054,,
,,0.001,49739,,,,
24,,,49739,,0.06796509772539139,,
,,0.001,49749,,,,
24,,,49749,,0.06900331377983093,,
,,0.001,49759,,,,
24,,,49759,,0.06666652113199234,,
,,0.001,49769,,,,
24,,,49769,,0.06374458223581314,,
,,0.001,49779,,,,
24,,,49779,,0.06980965286493301,,
,,0.001,49789,,,,
24,,,49789,,0.06863556802272797,,
,,0.001,49799,,,,
24,,,49799,,0.06438984721899033,,
,,0.001,49809,,,,
24,,,49809,,0.06817201524972916,,
,,0.001,49819,,,,
24,,,49819,,0.0675058513879776,,
,,0.001,49829,,,,
24,,,49829,,0.07073073834180832,,
,,0.001,49839,,,,
24,,,49839,,0.06682607531547546,,
,,0.001,49849,,,,
24,,,49849,,0.06815753132104874,,
,,0.001,49859,,,,
24,,,49859,,0.07002191990613937,,
,,0.001,49869,,,,
24,,,49869,,0.07249036431312561,,
,,0.001,49879,,,,
24,,,49879,,0.06877591460943222,,
,,0.001,49889,,,,
24,,,49889,,0.06914909183979034,,
,,0.001,49899,,,,
24,,,49899,,0.06638871878385544,,
,,0.001,49909,,,,
24,,,49909,,0.07059450447559357,,
,,0.001,49919,,,,
24,,,49919,,0.06785745918750763,,
,,0.001,49929,,,,
24,,,49929,,0.06663603335618973,,
,,0.001,49939,,,,
24,,,49939,,0.06835224479436874,,
,,0.001,49949,,,,
24,,,49949,,0.0687728226184845,,
,,0.001,49959,,,,
24,,,49959,,0.06781204789876938,,
,,0.001,49969,,,,
24,,,49969,,0.06763210147619247,,
,,0.001,49979,,,,
24,,,49979,,0.06785642355680466,,
,,0.001,49989,,,,
24,,,49989,,0.06951535493135452,,
,,0.001,49999,,,,
24,,,49999,,0.07028402388095856,,
,,,1200,,,,0.06759263575077057
,,,1201,,,,0.06978791207075119
,,,1202,,,,0.06687930226325989
,,,1203,,,,0.06799039244651794
,,,1204,,,,0.06768357008695602
,,,1205,,,,0.06742078065872192
,,,1206,,,,0.06915939599275589
,,,1207,,,,0.06736574321985245
,,,1208,,,,0.06847091764211655
,,,1209,,,,0.0681985542178154
,,,1210,,,,0.0682264119386673
,,,1211,,,,0.06773755699396133
,,,1212,,,,0.06924235075712204
,,,1213,,,,0.06847172975540161
,,,1214,,,,0.06867179274559021
,,,1215,,,,0.0694924145936966
,,,1216,,,,0.06739555299282074
,,,1217,,,,0.06637322902679443
,,,1218,,,,0.06827894598245621
,,,1219,,,,0.06830384582281113
,,,1220,,,,0.06853842735290527
,,,1221,,,,0.06807459890842438
,,,1222,,,,0.06762263923883438
,,,1223,,,,0.06814185529947281
,,,1224,,,,0.06774327903985977
,,,1225,,,,0.06791943311691284
,,,1226,,,,0.0686444640159607
,,,1227,,,,0.06730625778436661
,,,1228,,,,0.06784570962190628
,,,1229,,,,0.06702034175395966
,,,1230,,,,0.06715988367795944
,,,1231,,,,0.0673956647515297
,,,1232,,,,0.06776703149080276
,,,1233,,,,0.06687470525503159
,,,1234,,,,0.06878378987312317
,,,1235,,,,0.06739002466201782
,,,1236,,,,0.0680110976099968
,,,1237,,,,0.06822826713323593
,,,1238,,,,0.06813234090805054
,,,1239,,,,0.0675576701760292
,,,1240,,,,0.06870594620704651
,,,1241,,,,0.06728323549032211
,,,1242,,,,0.06697291880846024
,,,1243,,,,0.06745085120201111
,,,1244,,,,0.06684957444667816
,,,1245,,,,0.06713655591011047
,,,1246,,,,0.06707204878330231
,,,1247,,,,0.06771788001060486
,,,1248,,,,0.06795503944158554
,,,1249,,,,0.06792342662811279
24,,,49999,,,0.06787935644388199,
24,8.34653091430664,,49999,0.06768608838319778,,,
,,0.001,50009,,,,
25,,,50009,,0.06724344193935394,,
,,0.001,50019,,,,
25,,,50019,,0.06646241247653961,,
,,0.001,50029,,,,
25,,,50029,,0.06937047094106674,,
,,0.001,50039,,,,
25,,,50039,,0.06770884990692139,,
,,0.001,50049,,,,
25,,,50049,,0.0659862607717514,,
,,0.001,50059,,,,
25,,,50059,,0.0670245960354805,,
,,0.001,50069,,,,
25,,,50069,,0.06755895167589188,,
,,0.001,50079,,,,
25,,,50079,,0.06785820424556732,,
,,0.001,50089,,,,
25,,,50089,,0.06749533861875534,,
,,0.001,50099,,,,
25,,,50099,,0.0696515217423439,,
,,0.001,50109,,,,
25,,,50109,,0.06522926688194275,,
,,0.001,50119,,,,
25,,,50119,,0.0662674754858017,,
,,0.001,50129,,,,
25,,,50129,,0.06710564345121384,,
,,0.001,50139,,,,
25,,,50139,,0.0660734623670578,,
,,0.001,50149,,,,
25,,,50149,,0.0647784173488617,,
,,0.001,50159,,,,
25,,,50159,,0.06636743992567062,,
,,0.001,50169,,,,
25,,,50169,,0.06869951635599136,,
,,0.001,50179,,,,
25,,,50179,,0.06665512174367905,,
,,0.001,50189,,,,
25,,,50189,,0.06689457595348358,,
,,0.001,50199,,,,
25,,,50199,,0.06844973564147949,,
,,0.001,50209,,,,
25,,,50209,,0.06950540840625763,,
,,0.001,50219,,,,
25,,,50219,,0.06564968824386597,,
,,0.001,50229,,,,
25,,,50229,,0.06647995114326477,,
,,0.001,50239,,,,
25,,,50239,,0.066215880215168,,
,,0.001,50249,,,,
25,,,50249,,0.06726152449846268,,
,,0.001,50259,,,,
25,,,50259,,0.06469178944826126,,
,,0.001,50269,,,,
25,,,50269,,0.06517256796360016,,
,,0.001,50279,,,,
25,,,50279,,0.06557757407426834,,
,,0.001,50289,,,,
25,,,50289,,0.06678985059261322,,
,,0.001,50299,,,,
25,,,50299,,0.06792229413986206,,
,,0.001,50309,,,,
25,,,50309,,0.06880580633878708,,
,,0.001,50319,,,,
25,,,50319,,0.06709854304790497,,
,,0.001,50329,,,,
25,,,50329,,0.06880549341440201,,
,,0.001,50339,,,,
25,,,50339,,0.06748615205287933,,
,,0.001,50349,,,,
25,,,50349,,0.06742498278617859,,
,,0.001,50359,,,,
25,,,50359,,0.06906430423259735,,
,,0.001,50369,,,,
25,,,50369,,0.06665713340044022,,
,,0.001,50379,,,,
25,,,50379,,0.06729647517204285,,
,,0.001,50389,,,,
25,,,50389,,0.06630931794643402,,
,,0.001,50399,,,,
25,,,50399,,0.06872870028018951,,
,,0.001,50409,,,,
25,,,50409,,0.06861058622598648,,
,,0.001,50419,,,,
25,,,50419,,0.06786905229091644,,
,,0.001,50429,,,,
25,,,50429,,0.06880886852741241,,
,,0.001,50439,,,,
25,,,50439,,0.0651489794254303,,
,,0.001,50449,,,,
25,,,50449,,0.06567344069480896,,
,,0.001,50459,,,,
25,,,50459,,0.06777118146419525,,
,,0.001,50469,,,,
25,,,50469,,0.06766162067651749,,
,,0.001,50479,,,,
25,,,50479,,0.06657882779836655,,
,,0.001,50489,,,,
25,,,50489,,0.07219316810369492,,
,,0.001,50499,,,,
25,,,50499,,0.06866978853940964,,
,,0.001,50509,,,,
25,,,50509,,0.06591928005218506,,
,,0.001,50519,,,,
25,,,50519,,0.06932884454727173,,
,,0.001,50529,,,,
25,,,50529,,0.062092993408441544,,
,,0.001,50539,,,,
25,,,50539,,0.06921692192554474,,
,,0.001,50549,,,,
25,,,50549,,0.06805108487606049,,
,,0.001,50559,,,,
25,,,50559,,0.0663326159119606,,
,,0.001,50569,,,,
25,,,50569,,0.0659322738647461,,
,,0.001,50579,,,,
25,,,50579,,0.07065340876579285,,
,,0.001,50589,,,,
25,,,50589,,0.06811414659023285,,
,,0.001,50599,,,,
25,,,50599,,0.0688924491405487,,
,,0.001,50609,,,,
25,,,50609,,0.06668803095817566,,
,,0.001,50619,,,,
25,,,50619,,0.06582289934158325,,
,,0.001,50629,,,,
25,,,50629,,0.06836115568876266,,
,,0.001,50639,,,,
25,,,50639,,0.06584840267896652,,
,,0.001,50649,,,,
25,,,50649,,0.06782782077789307,,
,,0.001,50659,,,,
25,,,50659,,0.06598558276891708,,
,,0.001,50669,,,,
25,,,50669,,0.07026982307434082,,
,,0.001,50679,,,,
25,,,50679,,0.0702107846736908,,
,,0.001,50689,,,,
25,,,50689,,0.06652944535017014,,
,,0.001,50699,,,,
25,,,50699,,0.06591372936964035,,
,,0.001,50709,,,,
25,,,50709,,0.06488953530788422,,
,,0.001,50719,,,,
25,,,50719,,0.06995096802711487,,
,,0.001,50729,,,,
25,,,50729,,0.0677276998758316,,
,,0.001,50739,,,,
25,,,50739,,0.06811743229627609,,
,,0.001,50749,,,,
25,,,50749,,0.06913640350103378,,
,,0.001,50759,,,,
25,,,50759,,0.06510252505540848,,
,,0.001,50769,,,,
25,,,50769,,0.06532834470272064,,
,,0.001,50779,,,,
25,,,50779,,0.06911429017782211,,
,,0.001,50789,,,,
25,,,50789,,0.06683888286352158,,
,,0.001,50799,,,,
25,,,50799,,0.06933906674385071,,
,,0.001,50809,,,,
25,,,50809,,0.06656146794557571,,
,,0.001,50819,,,,
25,,,50819,,0.06889145076274872,,
,,0.001,50829,,,,
25,,,50829,,0.06705581396818161,,
,,0.001,50839,,,,
25,,,50839,,0.06665987521409988,,
,,0.001,50849,,,,
25,,,50849,,0.06496211141347885,,
,,0.001,50859,,,,
25,,,50859,,0.06761813163757324,,
,,0.001,50869,,,,
25,,,50869,,0.06826551258563995,,
,,0.001,50879,,,,
25,,,50879,,0.06629776954650879,,
,,0.001,50889,,,,
25,,,50889,,0.0693645253777504,,
,,0.001,50899,,,,
25,,,50899,,0.07043617218732834,,
,,0.001,50909,,,,
25,,,50909,,0.06756335496902466,,
,,0.001,50919,,,,
25,,,50919,,0.065464086830616,,
,,0.001,50929,,,,
25,,,50929,,0.06715233623981476,,
,,0.001,50939,,,,
25,,,50939,,0.06984309107065201,,
,,0.001,50949,,,,
25,,,50949,,0.06719154864549637,,
,,0.001,50959,,,,
25,,,50959,,0.06709863245487213,,
,,0.001,50969,,,,
25,,,50969,,0.0682210922241211,,
,,0.001,50979,,,,
25,,,50979,,0.06839283555746078,,
,,0.001,50989,,,,
25,,,50989,,0.06684444099664688,,
,,0.001,50999,,,,
25,,,50999,,0.0691910907626152,,
,,0.001,51009,,,,
25,,,51009,,0.06807061284780502,,
,,0.001,51019,,,,
25,,,51019,,0.06620322912931442,,
,,0.001,51029,,,,
25,,,51029,,0.06600009649991989,,
,,0.001,51039,,,,
25,,,51039,,0.0669291540980339,,
,,0.001,51049,,,,
25,,,51049,,0.06627915054559708,,
,,0.001,51059,,,,
25,,,51059,,0.06668611615896225,,
,,0.001,51069,,,,
25,,,51069,,0.06857246905565262,,
,,0.001,51079,,,,
25,,,51079,,0.06342422217130661,,
,,0.001,51089,,,,
25,,,51089,,0.06990328431129456,,
,,0.001,51099,,,,
25,,,51099,,0.06746649742126465,,
,,0.001,51109,,,,
25,,,51109,,0.06678193062543869,,
,,0.001,51119,,,,
25,,,51119,,0.06853082776069641,,
,,0.001,51129,,,,
25,,,51129,,0.0679420605301857,,
,,0.001,51139,,,,
25,,,51139,,0.06612696498632431,,
,,0.001,51149,,,,
25,,,51149,,0.0689966008067131,,
,,0.001,51159,,,,
25,,,51159,,0.0687342956662178,,
,,0.001,51169,,,,
25,,,51169,,0.06625894457101822,,
,,0.001,51179,,,,
25,,,51179,,0.06775076687335968,,
,,0.001,51189,,,,
25,,,51189,,0.06458671391010284,,
,,0.001,51199,,,,
25,,,51199,,0.0675434097647667,,
,,0.001,51209,,,,
25,,,51209,,0.06573587656021118,,
,,0.001,51219,,,,
25,,,51219,,0.06721995770931244,,
,,0.001,51229,,,,
25,,,51229,,0.06909757852554321,,
,,0.001,51239,,,,
25,,,51239,,0.06596636772155762,,
,,0.001,51249,,,,
25,,,51249,,0.06726950407028198,,
,,0.001,51259,,,,
25,,,51259,,0.0664910301566124,,
,,0.001,51269,,,,
25,,,51269,,0.06688889861106873,,
,,0.001,51279,,,,
25,,,51279,,0.06764311343431473,,
,,0.001,51289,,,,
25,,,51289,,0.06598688662052155,,
,,0.001,51299,,,,
25,,,51299,,0.06950255483388901,,
,,0.001,51309,,,,
25,,,51309,,0.06786839663982391,,
,,0.001,51319,,,,
25,,,51319,,0.06849226355552673,,
,,0.001,51329,,,,
25,,,51329,,0.06820525974035263,,
,,0.001,51339,,,,
25,,,51339,,0.06970784068107605,,
,,0.001,51349,,,,
25,,,51349,,0.06751400232315063,,
,,0.001,51359,,,,
25,,,51359,,0.068089060485363,,
,,0.001,51369,,,,
25,,,51369,,0.06577340513467789,,
,,0.001,51379,,,,
25,,,51379,,0.0691646859049797,,
,,0.001,51389,,,,
25,,,51389,,0.06427664309740067,,
,,0.001,51399,,,,
25,,,51399,,0.06683046370744705,,
,,0.001,51409,,,,
25,,,51409,,0.069516122341156,,
,,0.001,51419,,,,
25,,,51419,,0.0664222314953804,,
,,0.001,51429,,,,
25,,,51429,,0.06934250146150589,,
,,0.001,51439,,,,
25,,,51439,,0.06816265732049942,,
,,0.001,51449,,,,
25,,,51449,,0.06677823513746262,,
,,0.001,51459,,,,
25,,,51459,,0.068353071808815,,
,,0.001,51469,,,,
25,,,51469,,0.06931694597005844,,
,,0.001,51479,,,,
25,,,51479,,0.06920677423477173,,
,,0.001,51489,,,,
25,,,51489,,0.06730357557535172,,
,,0.001,51499,,,,
25,,,51499,,0.0687534287571907,,
,,0.001,51509,,,,
25,,,51509,,0.06815702468156815,,
,,0.001,51519,,,,
25,,,51519,,0.06481190770864487,,
,,0.001,51529,,,,
25,,,51529,,0.06377601623535156,,
,,0.001,51539,,,,
25,,,51539,,0.06690376251935959,,
,,0.001,51549,,,,
25,,,51549,,0.06716867536306381,,
,,0.001,51559,,,,
25,,,51559,,0.06762626022100449,,
,,0.001,51569,,,,
25,,,51569,,0.06883201748132706,,
,,0.001,51579,,,,
25,,,51579,,0.06447794288396835,,
,,0.001,51589,,,,
25,,,51589,,0.06757208704948425,,
,,0.001,51599,,,,
25,,,51599,,0.06534336507320404,,
,,0.001,51609,,,,
25,,,51609,,0.07126791775226593,,
,,0.001,51619,,,,
25,,,51619,,0.06718042492866516,,
,,0.001,51629,,,,
25,,,51629,,0.06495832651853561,,
,,0.001,51639,,,,
25,,,51639,,0.06660626828670502,,
,,0.001,51649,,,,
25,,,51649,,0.06686105579137802,,
,,0.001,51659,,,,
25,,,51659,,0.06662147492170334,,
,,0.001,51669,,,,
25,,,51669,,0.06706900149583817,,
,,0.001,51679,,,,
25,,,51679,,0.0652015432715416,,
,,0.001,51689,,,,
25,,,51689,,0.06549875438213348,,
,,0.001,51699,,,,
25,,,51699,,0.07526560872793198,,
,,0.001,51709,,,,
25,,,51709,,0.06872542202472687,,
,,0.001,51719,,,,
25,,,51719,,0.0671934261918068,,
,,0.001,51729,,,,
25,,,51729,,0.06417924165725708,,
,,0.001,51739,,,,
25,,,51739,,0.07050569355487823,,
,,0.001,51749,,,,
25,,,51749,,0.06665366888046265,,
,,0.001,51759,,,,
25,,,51759,,0.06777764856815338,,
,,0.001,51769,,,,
25,,,51769,,0.06555719673633575,,
,,0.001,51779,,,,
25,,,51779,,0.07006828486919403,,
,,0.001,51789,,,,
25,,,51789,,0.06796181946992874,,
,,0.001,51799,,,,
25,,,51799,,0.06458928436040878,,
,,0.001,51809,,,,
25,,,51809,,0.06625988334417343,,
,,0.001,51819,,,,
25,,,51819,,0.06628438830375671,,
,,0.001,51829,,,,
25,,,51829,,0.0676741898059845,,
,,0.001,51839,,,,
25,,,51839,,0.06775833666324615,,
,,0.001,51849,,,,
25,,,51849,,0.06896290928125381,,
,,0.001,51859,,,,
25,,,51859,,0.07075459510087967,,
,,0.001,51869,,,,
25,,,51869,,0.06752640008926392,,
,,0.001,51879,,,,
25,,,51879,,0.06789941340684891,,
,,0.001,51889,,,,
25,,,51889,,0.06934291869401932,,
,,0.001,51899,,,,
25,,,51899,,0.06533357501029968,,
,,0.001,51909,,,,
25,,,51909,,0.0700470581650734,,
,,0.001,51919,,,,
25,,,51919,,0.06862365454435349,,
,,0.001,51929,,,,
25,,,51929,,0.06613359600305557,,
,,0.001,51939,,,,
25,,,51939,,0.068487249314785,,
,,0.001,51949,,,,
25,,,51949,,0.06904429942369461,,
,,0.001,51959,,,,
25,,,51959,,0.07129831612110138,,
,,0.001,51969,,,,
25,,,51969,,0.06455985456705093,,
,,0.001,51979,,,,
25,,,51979,,0.07098987698554993,,
,,0.001,51989,,,,
25,,,51989,,0.07106824219226837,,
,,0.001,51999,,,,
25,,,51999,,0.06614502519369125,,
,,,1250,,,,0.06698597222566605
,,,1251,,,,0.0689227283000946
,,,1252,,,,0.06633610278367996
,,,1253,,,,0.06753220409154892
,,,1254,,,,0.06686290353536606
,,,1255,,,,0.0665801614522934
,,,1256,,,,0.06847541034221649
,,,1257,,,,0.06665527075529099
,,,1258,,,,0.06774983555078506
,,,1259,,,,0.06738472729921341
,,,1260,,,,0.06751838326454163
,,,1261,,,,0.06698727607727051
,,,1262,,,,0.06843370944261551
,,,1263,,,,0.0679691806435585
,,,1264,,,,0.06786461174488068
,,,1265,,,,0.06880729645490646
,,,1266,,,,0.0668015256524086
,,,1267,,,,0.06564024090766907
,,,1268,,,,0.0676511749625206
,,,1269,,,,0.0673198327422142
,,,1270,,,,0.06798937916755676
,,,1271,,,,0.06758949160575867
,,,1272,,,,0.06682977080345154
,,,1273,,,,0.06764502823352814
,,,1274,,,,0.06704441457986832
,,,1275,,,,0.06712024658918381
,,,1276,,,,0.06791786849498749
,,,1277,,,,0.06651321798563004
,,,1278,,,,0.06721799075603485
,,,1279,,,,0.06649359315633774
,,,1280,,,,0.06661508977413177
,,,1281,,,,0.06653926521539688
,,,1282,,,,0.06703197211027145
,,,1283,,,,0.06622404605150223
,,,1284,,,,0.06803770363330841
,,,1285,,,,0.06674915552139282
,,,1286,,,,0.06706864386796951
,,,1287,,,,0.06780603528022766
,,,1288,,,,0.0674225389957428
,,,1289,,,,0.06709235906600952
,,,1290,,,,0.0680491253733635
,,,1291,,,,0.0668797492980957
,,,1292,,,,0.06603698432445526
,,,1293,,,,0.0668947771191597
,,,1294,,,,0.06613128632307053
,,,1295,,,,0.06610485166311264
,,,1296,,,,0.06659320741891861
,,,1297,,,,0.06694656610488892
,,,1298,,,,0.0672081857919693
,,,1299,,,,0.06732833385467529
25,,,51999,,,0.06719198822975159,
25,8.311317443847656,,51999,0.06747948378324509,,,
,,0.001,52009,,,,
26,,,52009,,0.06346726417541504,,
,,0.001,52019,,,,
26,,,52019,,0.06833426654338837,,
,,0.001,52029,,,,
26,,,52029,,0.06939784437417984,,
,,0.001,52039,,,,
26,,,52039,,0.06619062274694443,,
,,0.001,52049,,,,
26,,,52049,,0.06902645528316498,,
,,0.001,52059,,,,
26,,,52059,,0.06882307678461075,,
,,0.001,52069,,,,
26,,,52069,,0.06788651645183563,,
,,0.001,52079,,,,
26,,,52079,,0.0677749365568161,,
,,0.001,52089,,,,
26,,,52089,,0.06827039271593094,,
,,0.001,52099,,,,
26,,,52099,,0.07045959681272507,,
,,0.001,52109,,,,
26,,,52109,,0.0684765875339508,,
,,0.001,52119,,,,
26,,,52119,,0.06469069421291351,,
,,0.001,52129,,,,
26,,,52129,,0.0665980651974678,,
,,0.001,52139,,,,
26,,,52139,,0.06764400750398636,,
,,0.001,52149,,,,
26,,,52149,,0.06462555378675461,,
,,0.001,52159,,,,
26,,,52159,,0.06748707592487335,,
,,0.001,52169,,,,
26,,,52169,,0.06818168610334396,,
,,0.001,52179,,,,
26,,,52179,,0.06751905381679535,,
,,0.001,52189,,,,
26,,,52189,,0.06797387450933456,,
,,0.001,52199,,,,
26,,,52199,,0.06680069118738174,,
,,0.001,52209,,,,
26,,,52209,,0.0712529644370079,,
,,0.001,52219,,,,
26,,,52219,,0.06383112818002701,,
,,0.001,52229,,,,
26,,,52229,,0.06699838489294052,,
,,0.001,52239,,,,
26,,,52239,,0.06593873351812363,,
,,0.001,52249,,,,
26,,,52249,,0.0668521597981453,,
,,0.001,52259,,,,
26,,,52259,,0.06678957492113113,,
,,0.001,52269,,,,
26,,,52269,,0.06590709090232849,,
,,0.001,52279,,,,
26,,,52279,,0.06676086783409119,,
,,0.001,52289,,,,
26,,,52289,,0.06639187783002853,,
,,0.001,52299,,,,
26,,,52299,,0.06429898738861084,,
,,0.001,52309,,,,
26,,,52309,,0.06766309589147568,,
,,0.001,52319,,,,
26,,,52319,,0.0654744803905487,,
,,0.001,52329,,,,
26,,,52329,,0.06950971484184265,,
,,0.001,52339,,,,
26,,,52339,,0.06637062132358551,,
,,0.001,52349,,,,
26,,,52349,,0.06504182517528534,,
,,0.001,52359,,,,
26,,,52359,,0.06632831692695618,,
,,0.001,52369,,,,
26,,,52369,,0.06875059753656387,,
,,0.001,52379,,,,
26,,,52379,,0.0679612010717392,,
,,0.001,52389,,,,
26,,,52389,,0.0699441209435463,,
,,0.001,52399,,,,
26,,,52399,,0.06823545694351196,,
,,0.001,52409,,,,
26,,,52409,,0.06390222907066345,,
,,0.001,52419,,,,
26,,,52419,,0.06715495139360428,,
,,0.001,52429,,,,
26,,,52429,,0.06897837668657303,,
,,0.001,52439,,,,
26,,,52439,,0.06715050339698792,,
,,0.001,52449,,,,
26,,,52449,,0.06735669076442719,,
,,0.001,52459,,,,
26,,,52459,,0.06870011985301971,,
,,0.001,52469,,,,
26,,,52469,,0.06906431913375854,,
,,0.001,52479,,,,
26,,,52479,,0.06581135839223862,,
,,0.001,52489,,,,
26,,,52489,,0.06622356176376343,,
,,0.001,52499,,,,
26,,,52499,,0.06824328750371933,,
,,0.001,52509,,,,
26,,,52509,,0.06575486063957214,,
,,0.001,52519,,,,
26,,,52519,,0.06732448935508728,,
,,0.001,52529,,,,
26,,,52529,,0.06528173387050629,,
,,0.001,52539,,,,
26,,,52539,,0.06759004294872284,,
,,0.001,52549,,,,
26,,,52549,,0.06802532821893692,,
,,0.001,52559,,,,
26,,,52559,,0.06746705621480942,,
,,0.001,52569,,,,
26,,,52569,,0.06914058327674866,,
,,0.001,52579,,,,
26,,,52579,,0.06834553182125092,,
,,0.001,52589,,,,
26,,,52589,,0.06705173850059509,,
,,0.001,52599,,,,
26,,,52599,,0.06924192607402802,,
,,0.001,52609,,,,
26,,,52609,,0.06623593717813492,,
,,0.001,52619,,,,
26,,,52619,,0.0689418837428093,,
,,0.001,52629,,,,
26,,,52629,,0.06749699264764786,,
,,0.001,52639,,,,
26,,,52639,,0.06653071194887161,,
,,0.001,52649,,,,
26,,,52649,,0.06647331267595291,,
,,0.001,52659,,,,
26,,,52659,,0.06558886170387268,,
,,0.001,52669,,,,
26,,,52669,,0.07008376717567444,,
,,0.001,52679,,,,
26,,,52679,,0.06478839367628098,,
,,0.001,52689,,,,
26,,,52689,,0.06784752011299133,,
,,0.001,52699,,,,
26,,,52699,,0.06759954243898392,,
,,0.001,52709,,,,
26,,,52709,,0.06690652668476105,,
,,0.001,52719,,,,
26,,,52719,,0.06725549697875977,,
,,0.001,52729,,,,
26,,,52729,,0.06709016859531403,,
,,0.001,52739,,,,
26,,,52739,,0.06624960899353027,,
,,0.001,52749,,,,
26,,,52749,,0.06789853423833847,,
,,0.001,52759,,,,
26,,,52759,,0.06600530445575714,,
,,0.001,52769,,,,
26,,,52769,,0.06525097787380219,,
,,0.001,52779,,,,
26,,,52779,,0.06925912201404572,,
,,0.001,52789,,,,
26,,,52789,,0.06589967757463455,,
,,0.001,52799,,,,
26,,,52799,,0.066995769739151,,
,,0.001,52809,,,,
26,,,52809,,0.06564029306173325,,
,,0.001,52819,,,,
26,,,52819,,0.07079849392175674,,
,,0.001,52829,,,,
26,,,52829,,0.06873416900634766,,
,,0.001,52839,,,,
26,,,52839,,0.0687490701675415,,
,,0.001,52849,,,,
26,,,52849,,0.06756068021059036,,
,,0.001,52859,,,,
26,,,52859,,0.06638871133327484,,
,,0.001,52869,,,,
26,,,52869,,0.06904612481594086,,
,,0.001,52879,,,,
26,,,52879,,0.0644797533750534,,
,,0.001,52889,,,,
26,,,52889,,0.06624679267406464,,
,,0.001,52899,,,,
26,,,52899,,0.06602705270051956,,
,,0.001,52909,,,,
26,,,52909,,0.06790372729301453,,
,,0.001,52919,,,,
26,,,52919,,0.06369179487228394,,
,,0.001,52929,,,,
26,,,52929,,0.06489982455968857,,
,,0.001,52939,,,,
26,,,52939,,0.06974634528160095,,
,,0.001,52949,,,,
26,,,52949,,0.0684846043586731,,
,,0.001,52959,,,,
26,,,52959,,0.06880921125411987,,
,,0.001,52969,,,,
26,,,52969,,0.06834469735622406,,
,,0.001,52979,,,,
26,,,52979,,0.06721724569797516,,
,,0.001,52989,,,,
26,,,52989,,0.06982912123203278,,
,,0.001,52999,,,,
26,,,52999,,0.06699346005916595,,
,,0.001,53009,,,,
26,,,53009,,0.06821942329406738,,
,,0.001,53019,,,,
26,,,53019,,0.06411541253328323,,
,,0.001,53029,,,,
26,,,53029,,0.06701615452766418,,
,,0.001,53039,,,,
26,,,53039,,0.06760318577289581,,
,,0.001,53049,,,,
26,,,53049,,0.06697999686002731,,
,,0.001,53059,,,,
26,,,53059,,0.06472191959619522,,
,,0.001,53069,,,,
26,,,53069,,0.06740809231996536,,
,,0.001,53079,,,,
26,,,53079,,0.06885363906621933,,
,,0.001,53089,,,,
26,,,53089,,0.06681183725595474,,
,,0.001,53099,,,,
26,,,53099,,0.06943927705287933,,
,,0.001,53109,,,,
26,,,53109,,0.07006280869245529,,
,,0.001,53119,,,,
26,,,53119,,0.06634217500686646,,
,,0.001,53129,,,,
26,,,53129,,0.06925473362207413,,
,,0.001,53139,,,,
26,,,53139,,0.06695327162742615,,
,,0.001,53149,,,,
26,,,53149,,0.06765727698802948,,
,,0.001,53159,,,,
26,,,53159,,0.0711391270160675,,
,,0.001,53169,,,,
26,,,53169,,0.06779372692108154,,
,,0.001,53179,,,,
26,,,53179,,0.06620749831199646,,
,,0.001,53189,,,,
26,,,53189,,0.06460969150066376,,
,,0.001,53199,,,,
26,,,53199,,0.06598694622516632,,
,,0.001,53209,,,,
26,,,53209,,0.06576848775148392,,
,,0.001,53219,,,,
26,,,53219,,0.06954184174537659,,
,,0.001,53229,,,,
26,,,53229,,0.06711724400520325,,
,,0.001,53239,,,,
26,,,53239,,0.06729497760534286,,
,,0.001,53249,,,,
26,,,53249,,0.06687919795513153,,
,,0.001,53259,,,,
26,,,53259,,0.06894797831773758,,
,,0.001,53269,,,,
26,,,53269,,0.06826679408550262,,
,,0.001,53279,,,,
26,,,53279,,0.06900167465209961,,
,,0.001,53289,,,,
26,,,53289,,0.06574206799268723,,
,,0.001,53299,,,,
26,,,53299,,0.06613719463348389,,
,,0.001,53309,,,,
26,,,53309,,0.06520042568445206,,
,,0.001,53319,,,,
26,,,53319,,0.0671880692243576,,
,,0.001,53329,,,,
26,,,53329,,0.06462372094392776,,
,,0.001,53339,,,,
26,,,53339,,0.06760073453187943,,
,,0.001,53349,,,,
26,,,53349,,0.06978512555360794,,
,,0.001,53359,,,,
26,,,53359,,0.06805841624736786,,
,,0.001,53369,,,,
26,,,53369,,0.06580567359924316,,
,,0.001,53379,,,,
26,,,53379,,0.06774742901325226,,
,,0.001,53389,,,,
26,,,53389,,0.06818728893995285,,
,,0.001,53399,,,,
26,,,53399,,0.06870187819004059,,
,,0.001,53409,,,,
26,,,53409,,0.0663767158985138,,
,,0.001,53419,,,,
26,,,53419,,0.07013512402772903,,
,,0.001,53429,,,,
26,,,53429,,0.06842596083879471,,
,,0.001,53439,,,,
26,,,53439,,0.06821990013122559,,
,,0.001,53449,,,,
26,,,53449,,0.0664009302854538,,
,,0.001,53459,,,,
26,,,53459,,0.06873279064893723,,
,,0.001,53469,,,,
26,,,53469,,0.06851492077112198,,
,,0.001,53479,,,,
26,,,53479,,0.06863349676132202,,
,,0.001,53489,,,,
26,,,53489,,0.06619924306869507,,
,,0.001,53499,,,,
26,,,53499,,0.06839573383331299,,
,,0.001,53509,,,,
26,,,53509,,0.06541913002729416,,
,,0.001,53519,,,,
26,,,53519,,0.06807645410299301,,
,,0.001,53529,,,,
26,,,53529,,0.0660327821969986,,
,,0.001,53539,,,,
26,,,53539,,0.06662048399448395,,
,,0.001,53549,,,,
26,,,53549,,0.06625290960073471,,
,,0.001,53559,,,,
26,,,53559,,0.06792959570884705,,
,,0.001,53569,,,,
26,,,53569,,0.07030221074819565,,
,,0.001,53579,,,,
26,,,53579,,0.06633155792951584,,
,,0.001,53589,,,,
26,,,53589,,0.06857793033123016,,
,,0.001,53599,,,,
26,,,53599,,0.06631532311439514,,
,,0.001,53609,,,,
26,,,53609,,0.06870574504137039,,
,,0.001,53619,,,,
26,,,53619,,0.06536290794610977,,
,,0.001,53629,,,,
26,,,53629,,0.06557328253984451,,
,,0.001,53639,,,,
26,,,53639,,0.07050345838069916,,
,,0.001,53649,,,,
26,,,53649,,0.07015129178762436,,
,,0.001,53659,,,,
26,,,53659,,0.06599117070436478,,
,,0.001,53669,,,,
26,,,53669,,0.06753756105899811,,
,,0.001,53679,,,,
26,,,53679,,0.0661393478512764,,
,,0.001,53689,,,,
26,,,53689,,0.06611921638250351,,
,,0.001,53699,,,,
26,,,53699,,0.06991303712129593,,
,,0.001,53709,,,,
26,,,53709,,0.06868986785411835,,
,,0.001,53719,,,,
26,,,53719,,0.06728383898735046,,
,,0.001,53729,,,,
26,,,53729,,0.06768225878477097,,
,,0.001,53739,,,,
26,,,53739,,0.06681304425001144,,
,,0.001,53749,,,,
26,,,53749,,0.06765926629304886,,
,,0.001,53759,,,,
26,,,53759,,0.06782033294439316,,
,,0.001,53769,,,,
26,,,53769,,0.06684821844100952,,
,,0.001,53779,,,,
26,,,53779,,0.06925234198570251,,
,,0.001,53789,,,,
26,,,53789,,0.0685572549700737,,
,,0.001,53799,,,,
26,,,53799,,0.06531500071287155,,
,,0.001,53809,,,,
26,,,53809,,0.06904174387454987,,
,,0.001,53819,,,,
26,,,53819,,0.06760202348232269,,
,,0.001,53829,,,,
26,,,53829,,0.06692511588335037,,
,,0.001,53839,,,,
26,,,53839,,0.06923403590917587,,
,,0.001,53849,,,,
26,,,53849,,0.06706210970878601,,
,,0.001,53859,,,,
26,,,53859,,0.06943672150373459,,
,,0.001,53869,,,,
26,,,53869,,0.06809576600790024,,
,,0.001,53879,,,,
26,,,53879,,0.06652852892875671,,
,,0.001,53889,,,,
26,,,53889,,0.06596998870372772,,
,,0.001,53899,,,,
26,,,53899,,0.06568995118141174,,
,,0.001,53909,,,,
26,,,53909,,0.06593228876590729,,
,,0.001,53919,,,,
26,,,53919,,0.06537783145904541,,
,,0.001,53929,,,,
26,,,53929,,0.06918452680110931,,
,,0.001,53939,,,,
26,,,53939,,0.06595504283905029,,
,,0.001,53949,,,,
26,,,53949,,0.06656473875045776,,
,,0.001,53959,,,,
26,,,53959,,0.06998632848262787,,
,,0.001,53969,,,,
26,,,53969,,0.0698641836643219,,
,,0.001,53979,,,,
26,,,53979,,0.06787090003490448,,
,,0.001,53989,,,,
26,,,53989,,0.0689256563782692,,
,,0.001,53999,,,,
26,,,53999,,0.0685110092163086,,
,,,1300,,,,0.06707560271024704
,,,1301,,,,0.06905625015497208
,,,1302,,,,0.06614166498184204
,,,1303,,,,0.0673462450504303
,,,1304,,,,0.06709466874599457
,,,1305,,,,0.06695540249347687
,,,1306,,,,0.06845468282699585
,,,1307,,,,0.06675629317760468
,,,1308,,,,0.06793653964996338
,,,1309,,,,0.06753714382648468
,,,1310,,,,0.0672987774014473
,,,1311,,,,0.06713010370731354
,,,1312,,,,0.06838562339544296
,,,1313,,,,0.06780297309160233
,,,1314,,,,0.06815046072006226
,,,1315,,,,0.06887438893318176
,,,1316,,,,0.06680015474557877
,,,1317,,,,0.06585446000099182
,,,1318,,,,0.06755254417657852
,,,1319,,,,0.06748659908771515
,,,1320,,,,0.06787904351949692
,,,1321,,,,0.06743370741605759
,,,1322,,,,0.06670386344194412
,,,1323,,,,0.06770216673612595
,,,1324,,,,0.06688491255044937
,,,1325,,,,0.06728317588567734
,,,1326,,,,0.0679892748594284
,,,1327,,,,0.06672777235507965
,,,1328,,,,0.06686005741357803
,,,1329,,,,0.06639982759952545
,,,1330,,,,0.06652113050222397
,,,1331,,,,0.06664671748876572
,,,1332,,,,0.06702277809381485
,,,1333,,,,0.06627540290355682
,,,1334,,,,0.06807801127433777
,,,1335,,,,0.0668637752532959
,,,1336,,,,0.06738022714853287
,,,1337,,,,0.06776949763298035
,,,1338,,,,0.06764563173055649
,,,1339,,,,0.06695016473531723
,,,1340,,,,0.06799160689115524
,,,1341,,,,0.06667202711105347
,,,1342,,,,0.06624583154916763
,,,1343,,,,0.06707846373319626
,,,1344,,,,0.06641703844070435
,,,1345,,,,0.06639190018177032
,,,1346,,,,0.06613727658987045
,,,1347,,,,0.06702686101198196
,,,1348,,,,0.0669662207365036
,,,1349,,,,0.06716372072696686
26,,,53999,,,0.06721597164869308,
26,8.118759155273438,,53999,0.06726991385221481,,,
,,0.001,54009,,,,
27,,,54009,,0.06449015438556671,,
,,0.001,54019,,,,
27,,,54019,,0.06433600187301636,,
,,0.001,54029,,,,
27,,,54029,,0.06762506067752838,,
,,0.001,54039,,,,
27,,,54039,,0.06417323648929596,,
,,0.001,54049,,,,
27,,,54049,,0.06969351321458817,,
,,0.001,54059,,,,
27,,,54059,,0.0638086274266243,,
,,0.001,54069,,,,
27,,,54069,,0.06747961044311523,,
,,0.001,54079,,,,
27,,,54079,,0.06824009120464325,,
,,0.001,54089,,,,
27,,,54089,,0.06628432869911194,,
,,0.001,54099,,,,
27,,,54099,,0.07117082923650742,,
,,0.001,54109,,,,
27,,,54109,,0.06730673462152481,,
,,0.001,54119,,,,
27,,,54119,,0.06941031664609909,,
,,0.001,54129,,,,
27,,,54129,,0.06662426888942719,,
,,0.001,54139,,,,
27,,,54139,,0.06768146902322769,,
,,0.001,54149,,,,
27,,,54149,,0.06840164959430695,,
,,0.001,54159,,,,
27,,,54159,,0.06479735672473907,,
,,0.001,54169,,,,
27,,,54169,,0.0688287690281868,,
,,0.001,54179,,,,
27,,,54179,,0.06757639348506927,,
,,0.001,54189,,,,
27,,,54189,,0.0694541484117508,,
,,0.001,54199,,,,
27,,,54199,,0.06867249310016632,,
,,0.001,54209,,,,
27,,,54209,,0.0700744166970253,,
,,0.001,54219,,,,
27,,,54219,,0.06518839299678802,,
,,0.001,54229,,,,
27,,,54229,,0.06638441234827042,,
,,0.001,54239,,,,
27,,,54239,,0.06461289525032043,,
,,0.001,54249,,,,
27,,,54249,,0.068270742893219,,
,,0.001,54259,,,,
27,,,54259,,0.06666849553585052,,
,,0.001,54269,,,,
27,,,54269,,0.06696522980928421,,
,,0.001,54279,,,,
27,,,54279,,0.06850308924913406,,
,,0.001,54289,,,,
27,,,54289,,0.0663413405418396,,
,,0.001,54299,,,,
27,,,54299,,0.06865058839321136,,
,,0.001,54309,,,,
27,,,54309,,0.06588666886091232,,
,,0.001,54319,,,,
27,,,54319,,0.06310829520225525,,
,,0.001,54329,,,,
27,,,54329,,0.06746860593557358,,
,,0.001,54339,,,,
27,,,54339,,0.06851714104413986,,
,,0.001,54349,,,,
27,,,54349,,0.06406503170728683,,
,,0.001,54359,,,,
27,,,54359,,0.06700582057237625,,
,,0.001,54369,,,,
27,,,54369,,0.0663013607263565,,
,,0.001,54379,,,,
27,,,54379,,0.066497303545475,,
,,0.001,54389,,,,
27,,,54389,,0.06798616796731949,,
,,0.001,54399,,,,
27,,,54399,,0.06677298992872238,,
,,0.001,54409,,,,
27,,,54409,,0.0654216930270195,,
,,0.001,54419,,,,
27,,,54419,,0.0658213347196579,,
,,0.001,54429,,,,
27,,,54429,,0.06620803475379944,,
,,0.001,54439,,,,
27,,,54439,,0.06831374764442444,,
,,0.001,54449,,,,
27,,,54449,,0.06644336134195328,,
,,0.001,54459,,,,
27,,,54459,,0.06719734519720078,,
,,0.001,54469,,,,
27,,,54469,,0.06759266555309296,,
,,0.001,54479,,,,
27,,,54479,,0.06761591136455536,,
,,0.001,54489,,,,
27,,,54489,,0.06795208156108856,,
,,0.001,54499,,,,
27,,,54499,,0.06929371505975723,,
,,0.001,54509,,,,
27,,,54509,,0.0670640617609024,,
,,0.001,54519,,,,
27,,,54519,,0.06751582026481628,,
,,0.001,54529,,,,
27,,,54529,,0.06385614722967148,,
,,0.001,54539,,,,
27,,,54539,,0.06861370801925659,,
,,0.001,54549,,,,
27,,,54549,,0.0690913200378418,,
,,0.001,54559,,,,
27,,,54559,,0.067335344851017,,
,,0.001,54569,,,,
27,,,54569,,0.06627264618873596,,
,,0.001,54579,,,,
27,,,54579,,0.06808733940124512,,
,,0.001,54589,,,,
27,,,54589,,0.06655827909708023,,
,,0.001,54599,,,,
27,,,54599,,0.06823460012674332,,
,,0.001,54609,,,,
27,,,54609,,0.06899777054786682,,
,,0.001,54619,,,,
27,,,54619,,0.0684758722782135,,
,,0.001,54629,,,,
27,,,54629,,0.06656861305236816,,
,,0.001,54639,,,,
27,,,54639,,0.06891170889139175,,
,,0.001,54649,,,,
27,,,54649,,0.06588203459978104,,
,,0.001,54659,,,,
27,,,54659,,0.06524194031953812,,
,,0.001,54669,,,,
27,,,54669,,0.06879077851772308,,
,,0.001,54679,,,,
27,,,54679,,0.06658570468425751,,
,,0.001,54689,,,,
27,,,54689,,0.06827137619256973,,
,,0.001,54699,,,,
27,,,54699,,0.06839543581008911,,
,,0.001,54709,,,,
27,,,54709,,0.0661022886633873,,
,,0.001,54719,,,,
27,,,54719,,0.07008107751607895,,
,,0.001,54729,,,,
27,,,54729,,0.06522665917873383,,
,,0.001,54739,,,,
27,,,54739,,0.06990547478199005,,
,,0.001,54749,,,,
27,,,54749,,0.06744897365570068,,
,,0.001,54759,,,,
27,,,54759,,0.06460559368133545,,
,,0.001,54769,,,,
27,,,54769,,0.06483161449432373,,
,,0.001,54779,,,,
27,,,54779,,0.06747229397296906,,
,,0.001,54789,,,,
27,,,54789,,0.0656241849064827,,
,,0.001,54799,,,,
27,,,54799,,0.0726502314209938,,
,,0.001,54809,,,,
27,,,54809,,0.06619912385940552,,
,,0.001,54819,,,,
27,,,54819,,0.06891708076000214,,
,,0.001,54829,,,,
27,,,54829,,0.06529927998781204,,
,,0.001,54839,,,,
27,,,54839,,0.06946796178817749,,
,,0.001,54849,,,,
27,,,54849,,0.06672151386737823,,
,,0.001,54859,,,,
27,,,54859,,0.06778820604085922,,
,,0.001,54869,,,,
27,,,54869,,0.06785223633050919,,
,,0.001,54879,,,,
27,,,54879,,0.06754016876220703,,
,,0.001,54889,,,,
27,,,54889,,0.06481160968542099,,
,,0.001,54899,,,,
27,,,54899,,0.0682746171951294,,
,,0.001,54909,,,,
27,,,54909,,0.06716281175613403,,
,,0.001,54919,,,,
27,,,54919,,0.06727012991905212,,
,,0.001,54929,,,,
27,,,54929,,0.06564299017190933,,
,,0.001,54939,,,,
27,,,54939,,0.06752901524305344,,
,,0.001,54949,,,,
27,,,54949,,0.06775018572807312,,
,,0.001,54959,,,,
27,,,54959,,0.07014601677656174,,
,,0.001,54969,,,,
27,,,54969,,0.06677059084177017,,
,,0.001,54979,,,,
27,,,54979,,0.06949839740991592,,
,,0.001,54989,,,,
27,,,54989,,0.06860083341598511,,
,,0.001,54999,,,,
27,,,54999,,0.06655531376600266,,
,,0.001,55009,,,,
27,,,55009,,0.06359681487083435,,
,,0.001,55019,,,,
27,,,55019,,0.06562229245901108,,
,,0.001,55029,,,,
27,,,55029,,0.06629093736410141,,
,,0.001,55039,,,,
27,,,55039,,0.0666574239730835,,
,,0.001,55049,,,,
27,,,55049,,0.068140909075737,,
,,0.001,55059,,,,
27,,,55059,,0.0667223334312439,,
,,0.001,55069,,,,
27,,,55069,,0.06766065210103989,,
,,0.001,55079,,,,
27,,,55079,,0.06776133179664612,,
,,0.001,55089,,,,
27,,,55089,,0.0648750513792038,,
,,0.001,55099,,,,
27,,,55099,,0.06830858439207077,,
,,0.001,55109,,,,
27,,,55109,,0.07138650119304657,,
,,0.001,55119,,,,
27,,,55119,,0.07052619010210037,,
,,0.001,55129,,,,
27,,,55129,,0.06991583108901978,,
,,0.001,55139,,,,
27,,,55139,,0.06724224984645844,,
,,0.001,55149,,,,
27,,,55149,,0.06729594618082047,,
,,0.001,55159,,,,
27,,,55159,,0.06803672015666962,,
,,0.001,55169,,,,
27,,,55169,,0.06678792089223862,,
,,0.001,55179,,,,
27,,,55179,,0.06931468099355698,,
,,0.001,55189,,,,
27,,,55189,,0.06779634952545166,,
,,0.001,55199,,,,
27,,,55199,,0.06832617521286011,,
,,0.001,55209,,,,
27,,,55209,,0.06622415035963058,,
,,0.001,55219,,,,
27,,,55219,,0.06952537596225739,,
,,0.001,55229,,,,
27,,,55229,,0.06956781446933746,,
,,0.001,55239,,,,
27,,,55239,,0.06570911407470703,,
,,0.001,55249,,,,
27,,,55249,,0.06566192209720612,,
,,0.001,55259,,,,
27,,,55259,,0.0651959553360939,,
,,0.001,55269,,,,
27,,,55269,,0.06650546938180923,,
,,0.001,55279,,,,
27,,,55279,,0.06728142499923706,,
,,0.001,55289,,,,
27,,,55289,,0.06675687432289124,,
,,0.001,55299,,,,
27,,,55299,,0.06935162842273712,,
,,0.001,55309,,,,
27,,,55309,,0.0692075565457344,,
,,0.001,55319,,,,
27,,,55319,,0.06891331821680069,,
,,0.001,55329,,,,
27,,,55329,,0.07080036401748657,,
,,0.001,55339,,,,
27,,,55339,,0.07070747762918472,,
,,0.001,55349,,,,
27,,,55349,,0.06686203181743622,,
,,0.001,55359,,,,
27,,,55359,,0.07112047076225281,,
,,0.001,55369,,,,
27,,,55369,,0.0670640841126442,,
,,0.001,55379,,,,
27,,,55379,,0.06863240897655487,,
,,0.001,55389,,,,
27,,,55389,,0.06410078704357147,,
,,0.001,55399,,,,
27,,,55399,,0.06681918352842331,,
,,0.001,55409,,,,
27,,,55409,,0.06878253817558289,,
,,0.001,55419,,,,
27,,,55419,,0.06952984631061554,,
,,0.001,55429,,,,
27,,,55429,,0.06817871332168579,,
,,0.001,55439,,,,
27,,,55439,,0.06916577368974686,,
,,0.001,55449,,,,
27,,,55449,,0.06734322011470795,,
,,0.001,55459,,,,
27,,,55459,,0.06634077429771423,,
,,0.001,55469,,,,
27,,,55469,,0.06923872977495193,,
,,0.001,55479,,,,
27,,,55479,,0.06880275905132294,,
,,0.001,55489,,,,
27,,,55489,,0.06555096805095673,,
,,0.001,55499,,,,
27,,,55499,,0.07039070129394531,,
,,0.001,55509,,,,
27,,,55509,,0.06694390624761581,,
,,0.001,55519,,,,
27,,,55519,,0.06456027925014496,,
,,0.001,55529,,,,
27,,,55529,,0.06493173539638519,,
,,0.001,55539,,,,
27,,,55539,,0.06898648291826248,,
,,0.001,55549,,,,
27,,,55549,,0.06766486912965775,,
,,0.001,55559,,,,
27,,,55559,,0.06447350978851318,,
,,0.001,55569,,,,
27,,,55569,,0.06568950414657593,,
,,0.001,55579,,,,
27,,,55579,,0.06755704432725906,,
,,0.001,55589,,,,
27,,,55589,,0.06479088962078094,,
,,0.001,55599,,,,
27,,,55599,,0.06752119213342667,,
,,0.001,55609,,,,
27,,,55609,,0.0655837282538414,,
,,0.001,55619,,,,
27,,,55619,,0.06524448096752167,,
,,0.001,55629,,,,
27,,,55629,,0.06500107049942017,,
,,0.001,55639,,,,
27,,,55639,,0.06749662011861801,,
,,0.001,55649,,,,
27,,,55649,,0.06802605837583542,,
,,0.001,55659,,,,
27,,,55659,,0.0651770830154419,,
,,0.001,55669,,,,
27,,,55669,,0.06720846891403198,,
,,0.001,55679,,,,
27,,,55679,,0.06584016233682632,,
,,0.001,55689,,,,
27,,,55689,,0.06662110239267349,,
,,0.001,55699,,,,
27,,,55699,,0.06676766276359558,,
,,0.001,55709,,,,
27,,,55709,,0.06885866075754166,,
,,0.001,55719,,,,
27,,,55719,,0.06511103361845016,,
,,0.001,55729,,,,
27,,,55729,,0.06671765446662903,,
,,0.001,55739,,,,
27,,,55739,,0.06734184920787811,,
,,0.001,55749,,,,
27,,,55749,,0.06755279004573822,,
,,0.001,55759,,,,
27,,,55759,,0.0662941113114357,,
,,0.001,55769,,,,
27,,,55769,,0.06712516397237778,,
,,0.001,55779,,,,
27,,,55779,,0.06845952570438385,,
,,0.001,55789,,,,
27,,,55789,,0.06542032212018967,,
,,0.001,55799,,,,
27,,,55799,,0.0677332729101181,,
,,0.001,55809,,,,
27,,,55809,,0.06770046800374985,,
,,0.001,55819,,,,
27,,,55819,,0.06751089543104172,,
,,0.001,55829,,,,
27,,,55829,,0.06604930013418198,,
,,0.001,55839,,,,
27,,,55839,,0.06747181713581085,,
,,0.001,55849,,,,
27,,,55849,,0.06866417080163956,,
,,0.001,55859,,,,
27,,,55859,,0.06760438531637192,,
,,0.001,55869,,,,
27,,,55869,,0.06705505400896072,,
,,0.001,55879,,,,
27,,,55879,,0.06743931770324707,,
,,0.001,55889,,,,
27,,,55889,,0.06824146211147308,,
,,0.001,55899,,,,
27,,,55899,,0.06323350220918655,,
,,0.001,55909,,,,
27,,,55909,,0.06740047037601471,,
,,0.001,55919,,,,
27,,,55919,,0.07001054286956787,,
,,0.001,55929,,,,
27,,,55929,,0.06669649481773376,,
,,0.001,55939,,,,
27,,,55939,,0.06988060474395752,,
,,0.001,55949,,,,
27,,,55949,,0.0655810609459877,,
,,0.001,55959,,,,
27,,,55959,,0.06741447746753693,,
,,0.001,55969,,,,
27,,,55969,,0.06668245792388916,,
,,0.001,55979,,,,
27,,,55979,,0.06703250855207443,,
,,0.001,55989,,,,
27,,,55989,,0.06810058653354645,,
,,0.001,55999,,,,
27,,,55999,,0.06868485361337662,,
,,,1350,,,,0.06675353646278381
,,,1351,,,,0.06868505477905273
,,,1352,,,,0.0662902370095253
,,,1353,,,,0.06750398874282837
,,,1354,,,,0.06683660298585892
,,,1355,,,,0.06661717593669891
,,,1356,,,,0.06828481703996658
,,,1357,,,,0.06676803529262543
,,,1358,,,,0.06817542016506195
,,,1359,,,,0.06731394678354263
,,,1360,,,,0.06746166199445724
,,,1361,,,,0.06700184941291809
,,,1362,,,,0.06840693950653076
,,,1363,,,,0.06800287216901779
,,,1364,,,,0.0679289847612381
,,,1365,,,,0.06902652233839035
,,,1366,,,,0.06692511588335037
,,,1367,,,,0.06568125635385513
,,,1368,,,,0.06772787868976593
,,,1369,,,,0.06736315041780472
,,,1370,,,,0.06787371635437012
,,,1371,,,,0.06775175034999847
,,,1372,,,,0.06670694053173065
,,,1373,,,,0.0674884244799614
,,,1374,,,,0.06692112237215042
,,,1375,,,,0.06727816164493561
,,,1376,,,,0.06814372539520264
,,,1377,,,,0.06669062376022339
,,,1378,,,,0.06713791936635971
,,,1379,,,,0.06660651415586472
,,,1380,,,,0.06644751131534576
,,,1381,,,,0.06659504771232605
,,,1382,,,,0.06697795540094376
,,,1383,,,,0.06623134016990662
,,,1384,,,,0.067984439432621
,,,1385,,,,0.06676888465881348
,,,1386,,,,0.06739147007465363
,,,1387,,,,0.06793949007987976
,,,1388,,,,0.0674828514456749
,,,1389,,,,0.0672030970454216
,,,1390,,,,0.06798297166824341
,,,1391,,,,0.06702036410570145
,,,1392,,,,0.06588181853294373
,,,1393,,,,0.06705793738365173
,,,1394,,,,0.06607453525066376
,,,1395,,,,0.0662047490477562
,,,1396,,,,0.06652398407459259
,,,1397,,,,0.06685927510261536
,,,1398,,,,0.06731307506561279
,,,1399,,,,0.06728210300207138
27,,,55999,,,0.06721153110265732,
27,8.552316665649414,,55999,0.06702424585819244,,,
,,0.001,56009,,,,
28,,,56009,,0.06749140471220016,,
,,0.001,56019,,,,
28,,,56019,,0.06789208948612213,,
,,0.001,56029,,,,
28,,,56029,,0.07036649435758591,,
,,0.001,56039,,,,
28,,,56039,,0.06935030966997147,,
,,0.001,56049,,,,
28,,,56049,,0.07077691704034805,,
,,0.001,56059,,,,
28,,,56059,,0.06409242749214172,,
,,0.001,56069,,,,
28,,,56069,,0.06705031543970108,,
,,0.001,56079,,,,
28,,,56079,,0.06634523719549179,,
,,0.001,56089,,,,
28,,,56089,,0.06857488304376602,,
,,0.001,56099,,,,
28,,,56099,,0.06957439333200455,,
,,0.001,56109,,,,
28,,,56109,,0.0673680379986763,,
,,0.001,56119,,,,
28,,,56119,,0.06597621738910675,,
,,0.001,56129,,,,
28,,,56129,,0.06655225902795792,,
,,0.001,56139,,,,
28,,,56139,,0.06675469130277634,,
,,0.001,56149,,,,
28,,,56149,,0.06690973788499832,,
,,0.001,56159,,,,
28,,,56159,,0.06752976030111313,,
,,0.001,56169,,,,
28,,,56169,,0.0689917579293251,,
,,0.001,56179,,,,
28,,,56179,,0.06675233691930771,,
,,0.001,56189,,,,
28,,,56189,,0.07169320434331894,,
,,0.001,56199,,,,
28,,,56199,,0.07014010846614838,,
,,0.001,56209,,,,
28,,,56209,,0.06761946529150009,,
,,0.001,56219,,,,
28,,,56219,,0.06578675657510757,,
,,0.001,56229,,,,
28,,,56229,,0.06766367703676224,,
,,0.001,56239,,,,
28,,,56239,,0.06719332933425903,,
,,0.001,56249,,,,
28,,,56249,,0.06495232880115509,,
,,0.001,56259,,,,
28,,,56259,,0.067155621945858,,
,,0.001,56269,,,,
28,,,56269,,0.06466894596815109,,
,,0.001,56279,,,,
28,,,56279,,0.06834392994642258,,
,,0.001,56289,,,,
28,,,56289,,0.0664832815527916,,
,,0.001,56299,,,,
28,,,56299,,0.06467534601688385,,
,,0.001,56309,,,,
28,,,56309,,0.06953756511211395,,
,,0.001,56319,,,,
28,,,56319,,0.06468527019023895,,
,,0.001,56329,,,,
28,,,56329,,0.06904274225234985,,
,,0.001,56339,,,,
28,,,56339,,0.06731048226356506,,
,,0.001,56349,,,,
28,,,56349,,0.06453943252563477,,
,,0.001,56359,,,,
28,,,56359,,0.06658569723367691,,
,,0.001,56369,,,,
28,,,56369,,0.0670338124036789,,
,,0.001,56379,,,,
28,,,56379,,0.06970120966434479,,
,,0.001,56389,,,,
28,,,56389,,0.06691783666610718,,
,,0.001,56399,,,,
28,,,56399,,0.06643084436655045,,
,,0.001,56409,,,,
28,,,56409,,0.06680496037006378,,
,,0.001,56419,,,,
28,,,56419,,0.06696416437625885,,
,,0.001,56429,,,,
28,,,56429,,0.06856857240200043,,
,,0.001,56439,,,,
28,,,56439,,0.06640274822711945,,
,,0.001,56449,,,,
28,,,56449,,0.06771835684776306,,
,,0.001,56459,,,,
28,,,56459,,0.0673474445939064,,
,,0.001,56469,,,,
28,,,56469,,0.06875470280647278,,
,,0.001,56479,,,,
28,,,56479,,0.0677671730518341,,
,,0.001,56489,,,,
28,,,56489,,0.06695114821195602,,
,,0.001,56499,,,,
28,,,56499,,0.06559480726718903,,
,,0.001,56509,,,,
28,,,56509,,0.06640976667404175,,
,,0.001,56519,,,,
28,,,56519,,0.06877559423446655,,
,,0.001,56529,,,,
28,,,56529,,0.06691260635852814,,
,,0.001,56539,,,,
28,,,56539,,0.06543790549039841,,
,,0.001,56549,,,,
28,,,56549,,0.06693882495164871,,
,,0.001,56559,,,,
28,,,56559,,0.06747575849294662,,
,,0.001,56569,,,,
28,,,56569,,0.06887786090373993,,
,,0.001,56579,,,,
28,,,56579,,0.06856800615787506,,
,,0.001,56589,,,,
28,,,56589,,0.06411590427160263,,
,,0.001,56599,,,,
28,,,56599,,0.0677742138504982,,
,,0.001,56609,,,,
28,,,56609,,0.06667862087488174,,
,,0.001,56619,,,,
28,,,56619,,0.06695425510406494,,
,,0.001,56629,,,,
28,,,56629,,0.06833313405513763,,
,,0.001,56639,,,,
28,,,56639,,0.06596185266971588,,
,,0.001,56649,,,,
28,,,56649,,0.06616518646478653,,
,,0.001,56659,,,,
28,,,56659,,0.06255712360143661,,
,,0.001,56669,,,,
28,,,56669,,0.06771421432495117,,
,,0.001,56679,,,,
28,,,56679,,0.06651384383440018,,
,,0.001,56689,,,,
28,,,56689,,0.07135891914367676,,
,,0.001,56699,,,,
28,,,56699,,0.06813724339008331,,
,,0.001,56709,,,,
28,,,56709,,0.0647680014371872,,
,,0.001,56719,,,,
28,,,56719,,0.0677647739648819,,
,,0.001,56729,,,,
28,,,56729,,0.0645308867096901,,
,,0.001,56739,,,,
28,,,56739,,0.06701857596635818,,
,,0.001,56749,,,,
28,,,56749,,0.06602395325899124,,
,,0.001,56759,,,,
28,,,56759,,0.06220988556742668,,
,,0.001,56769,,,,
28,,,56769,,0.0667627602815628,,
,,0.001,56779,,,,
28,,,56779,,0.06971944868564606,,
,,0.001,56789,,,,
28,,,56789,,0.06328680366277695,,
,,0.001,56799,,,,
28,,,56799,,0.06580542773008347,,
,,0.001,56809,,,,
28,,,56809,,0.06554839015007019,,
,,0.001,56819,,,,
28,,,56819,,0.06659211963415146,,
,,0.001,56829,,,,
28,,,56829,,0.06691736727952957,,
,,0.001,56839,,,,
28,,,56839,,0.06495875120162964,,
,,0.001,56849,,,,
28,,,56849,,0.06426610797643661,,
,,0.001,56859,,,,
28,,,56859,,0.07048854231834412,,
,,0.001,56869,,,,
28,,,56869,,0.06880021840333939,,
,,0.001,56879,,,,
28,,,56879,,0.0671159029006958,,
,,0.001,56889,,,,
28,,,56889,,0.06693416833877563,,
,,0.001,56899,,,,
28,,,56899,,0.0666809007525444,,
,,0.001,56909,,,,
28,,,56909,,0.0672907754778862,,
,,0.001,56919,,,,
28,,,56919,,0.06516139954328537,,
,,0.001,56929,,,,
28,,,56929,,0.0672042965888977,,
,,0.001,56939,,,,
28,,,56939,,0.06406646966934204,,
,,0.001,56949,,,,
28,,,56949,,0.06830937415361404,,
,,0.001,56959,,,,
28,,,56959,,0.06741209328174591,,
,,0.001,56969,,,,
28,,,56969,,0.06520213186740875,,
,,0.001,56979,,,,
28,,,56979,,0.06829465180635452,,
,,0.001,56989,,,,
28,,,56989,,0.06819293648004532,,
,,0.001,56999,,,,
28,,,56999,,0.06932026892900467,,
,,0.001,57009,,,,
28,,,57009,,0.06611659377813339,,
,,0.001,57019,,,,
28,,,57019,,0.06594253331422806,,
,,0.001,57029,,,,
28,,,57029,,0.06613553315401077,,
,,0.001,57039,,,,
28,,,57039,,0.06502297520637512,,
,,0.001,57049,,,,
28,,,57049,,0.06559686362743378,,
,,0.001,57059,,,,
28,,,57059,,0.06454324722290039,,
,,0.001,57069,,,,
28,,,57069,,0.06797684729099274,,
,,0.001,57079,,,,
28,,,57079,,0.0691601112484932,,
,,0.001,57089,,,,
28,,,57089,,0.06769978255033493,,
,,0.001,57099,,,,
28,,,57099,,0.06503763794898987,,
,,0.001,57109,,,,
28,,,57109,,0.0656774640083313,,
,,0.001,57119,,,,
28,,,57119,,0.07090608775615692,,
,,0.001,57129,,,,
28,,,57129,,0.06869947910308838,,
,,0.001,57139,,,,
28,,,57139,,0.0672132819890976,,
,,0.001,57149,,,,
28,,,57149,,0.06715334206819534,,
,,0.001,57159,,,,
28,,,57159,,0.0682908147573471,,
,,0.001,57169,,,,
28,,,57169,,0.06878863275051117,,
,,0.001,57179,,,,
28,,,57179,,0.0676199346780777,,
,,0.001,57189,,,,
28,,,57189,,0.06481211632490158,,
,,0.001,57199,,,,
28,,,57199,,0.06560595333576202,,
,,0.001,57209,,,,
28,,,57209,,0.0656193196773529,,
,,0.001,57219,,,,
28,,,57219,,0.06867580115795135,,
,,0.001,57229,,,,
28,,,57229,,0.06418842077255249,,
,,0.001,57239,,,,
28,,,57239,,0.06337562203407288,,
,,0.001,57249,,,,
28,,,57249,,0.06664752960205078,,
,,0.001,57259,,,,
28,,,57259,,0.06557248532772064,,
,,0.001,57269,,,,
28,,,57269,,0.06358451396226883,,
,,0.001,57279,,,,
28,,,57279,,0.06705192476511002,,
,,0.001,57289,,,,
28,,,57289,,0.06671066582202911,,
,,0.001,57299,,,,
28,,,57299,,0.06682092696428299,,
,,0.001,57309,,,,
28,,,57309,,0.0660170242190361,,
,,0.001,57319,,,,
28,,,57319,,0.06792944669723511,,
,,0.001,57329,,,,
28,,,57329,,0.0703032910823822,,
,,0.001,57339,,,,
28,,,57339,,0.07008957117795944,,
,,0.001,57349,,,,
28,,,57349,,0.0662422701716423,,
,,0.001,57359,,,,
28,,,57359,,0.06773331016302109,,
,,0.001,57369,,,,
28,,,57369,,0.06642230600118637,,
,,0.001,57379,,,,
28,,,57379,,0.06984434276819229,,
,,0.001,57389,,,,
28,,,57389,,0.0676339641213417,,
,,0.001,57399,,,,
28,,,57399,,0.06526511162519455,,
,,0.001,57409,,,,
28,,,57409,,0.06771457195281982,,
,,0.001,57419,,,,
28,,,57419,,0.068977952003479,,
,,0.001,57429,,,,
28,,,57429,,0.07095618546009064,,
,,0.001,57439,,,,
28,,,57439,,0.06769528239965439,,
,,0.001,57449,,,,
28,,,57449,,0.06609165668487549,,
,,0.001,57459,,,,
28,,,57459,,0.06996616721153259,,
,,0.001,57469,,,,
28,,,57469,,0.06799884885549545,,
,,0.001,57479,,,,
28,,,57479,,0.07098472118377686,,
,,0.001,57489,,,,
28,,,57489,,0.06425513327121735,,
,,0.001,57499,,,,
28,,,57499,,0.06612876802682877,,
,,0.001,57509,,,,
28,,,57509,,0.06924909353256226,,
,,0.001,57519,,,,
28,,,57519,,0.06604509800672531,,
,,0.001,57529,,,,
28,,,57529,,0.06747748702764511,,
,,0.001,57539,,,,
28,,,57539,,0.06636753678321838,,
,,0.001,57549,,,,
28,,,57549,,0.06568507850170135,,
,,0.001,57559,,,,
28,,,57559,,0.06569022685289383,,
,,0.001,57569,,,,
28,,,57569,,0.06697062402963638,,
,,0.001,57579,,,,
28,,,57579,,0.06889642030000687,,
,,0.001,57589,,,,
28,,,57589,,0.06788015365600586,,
,,0.001,57599,,,,
28,,,57599,,0.06757210940122604,,
,,0.001,57609,,,,
28,,,57609,,0.06671707332134247,,
,,0.001,57619,,,,
28,,,57619,,0.06591743975877762,,
,,0.001,57629,,,,
28,,,57629,,0.06506113708019257,,
,,0.001,57639,,,,
28,,,57639,,0.06895194202661514,,
,,0.001,57649,,,,
28,,,57649,,0.06669236719608307,,
,,0.001,57659,,,,
28,,,57659,,0.0650932565331459,,
,,0.001,57669,,,,
28,,,57669,,0.06446328014135361,,
,,0.001,57679,,,,
28,,,57679,,0.06524217128753662,,
,,0.001,57689,,,,
28,,,57689,,0.06479796022176743,,
,,0.001,57699,,,,
28,,,57699,,0.06806084513664246,,
,,0.001,57709,,,,
28,,,57709,,0.06702794134616852,,
,,0.001,57719,,,,
28,,,57719,,0.06694872677326202,,
,,0.001,57729,,,,
28,,,57729,,0.06695402413606644,,
,,0.001,57739,,,,
28,,,57739,,0.06845883280038834,,
,,0.001,57749,,,,
28,,,57749,,0.06674875319004059,,
,,0.001,57759,,,,
28,,,57759,,0.06511196494102478,,
,,0.001,57769,,,,
28,,,57769,,0.06458740681409836,,
,,0.001,57779,,,,
28,,,57779,,0.0668114647269249,,
,,0.001,57789,,,,
28,,,57789,,0.06703069061040878,,
,,0.001,57799,,,,
28,,,57799,,0.06689523160457611,,
,,0.001,57809,,,,
28,,,57809,,0.06661626696586609,,
,,0.001,57819,,,,
28,,,57819,,0.06637266278266907,,
,,0.001,57829,,,,
28,,,57829,,0.065346859395504,,
,,0.001,57839,,,,
28,,,57839,,0.06508354097604752,,
,,0.001,57849,,,,
28,,,57849,,0.06638075411319733,,
,,0.001,57859,,,,
28,,,57859,,0.06853996962308884,,
,,0.001,57869,,,,
28,,,57869,,0.06771611422300339,,
,,0.001,57879,,,,
28,,,57879,,0.0662810280919075,,
,,0.001,57889,,,,
28,,,57889,,0.06571072340011597,,
,,0.001,57899,,,,
28,,,57899,,0.06486346572637558,,
,,0.001,57909,,,,
28,,,57909,,0.06924906373023987,,
,,0.001,57919,,,,
28,,,57919,,0.06639263033866882,,
,,0.001,57929,,,,
28,,,57929,,0.06648194789886475,,
,,0.001,57939,,,,
28,,,57939,,0.06647098064422607,,
,,0.001,57949,,,,
28,,,57949,,0.06669656187295914,,
,,0.001,57959,,,,
28,,,57959,,0.06903333961963654,,
,,0.001,57969,,,,
28,,,57969,,0.06693071126937866,,
,,0.001,57979,,,,
28,,,57979,,0.0677356868982315,,
,,0.001,57989,,,,
28,,,57989,,0.06964197754859924,,
,,0.001,57999,,,,
28,,,57999,,0.06505289673805237,,
,,,1400,,,,0.06643636524677277
,,,1401,,,,0.06836140155792236
,,,1402,,,,0.06590403616428375
,,,1403,,,,0.06677722185850143
,,,1404,,,,0.06640610098838806
,,,1405,,,,0.06621462106704712
,,,1406,,,,0.06779438257217407
,,,1407,,,,0.06644200533628464
,,,1408,,,,0.06782141327857971
,,,1409,,,,0.06700334697961807
,,,1410,,,,0.06706919521093369
,,,1411,,,,0.0665697380900383
,,,1412,,,,0.06788720935583115
,,,1413,,,,0.06737297773361206
,,,1414,,,,0.0675717145204544
,,,1415,,,,0.0684674009680748
,,,1416,,,,0.06621937453746796
,,,1417,,,,0.06515751779079437
,,,1418,,,,0.06722939014434814
,,,1419,,,,0.06701726466417313
,,,1420,,,,0.06743015348911285
,,,1421,,,,0.06702401489019394
,,,1422,,,,0.06634572148323059
,,,1423,,,,0.06706606596708298
,,,1424,,,,0.06640486419200897
,,,1425,,,,0.06688340753316879
,,,1426,,,,0.06749831140041351
,,,1427,,,,0.06620138883590698
,,,1428,,,,0.06668408215045929
,,,1429,,,,0.06600143015384674
,,,1430,,,,0.06588487327098846
,,,1431,,,,0.06620530784130096
,,,1432,,,,0.06637830287218094
,,,1433,,,,0.06581294536590576
,,,1434,,,,0.06771103292703629
,,,1435,,,,0.0664248839020729
,,,1436,,,,0.06699652969837189
,,,1437,,,,0.06742585450410843
,,,1438,,,,0.06689774245023727
,,,1439,,,,0.06633131206035614
,,,1440,,,,0.06749403476715088
,,,1441,,,,0.06617847830057144
,,,1442,,,,0.06559665501117706
,,,1443,,,,0.06634779274463654
,,,1444,,,,0.06582383811473846
,,,1445,,,,0.06590183079242706
,,,1446,,,,0.06571772694587708
,,,1447,,,,0.06653952598571777
,,,1448,,,,0.06679997593164444
,,,1449,,,,0.06670793145895004
28,,,57999,,,0.06672877818346024,
28,8.546769142150879,,57999,0.06682322174310684,,,
,,0.001,58009,,,,
29,,,58009,,0.06795458495616913,,
,,0.001,58019,,,,
29,,,58019,,0.06461213529109955,,
,,0.001,58029,,,,
29,,,58029,,0.06748518347740173,,
,,0.001,58039,,,,
29,,,58039,,0.0669742152094841,,
,,0.001,58049,,,,
29,,,58049,,0.06564911454916,,
,,0.001,58059,,,,
29,,,58059,,0.06592372059822083,,
,,0.001,58069,,,,
29,,,58069,,0.06743264198303223,,
,,0.001,58079,,,,
29,,,58079,,0.06646154820919037,,
,,0.001,58089,,,,
29,,,58089,,0.06741595268249512,,
,,0.001,58099,,,,
29,,,58099,,0.06827161461114883,,
,,0.001,58109,,,,
29,,,58109,,0.06557004898786545,,
,,0.001,58119,,,,
29,,,58119,,0.06741898506879807,,
,,0.001,58129,,,,
29,,,58129,,0.06570727378129959,,
,,0.001,58139,,,,
29,,,58139,,0.06701458245515823,,
,,0.001,58149,,,,
29,,,58149,,0.06797556579113007,,
,,0.001,58159,,,,
29,,,58159,,0.06656962633132935,,
,,0.001,58169,,,,
29,,,58169,,0.06985482573509216,,
,,0.001,58179,,,,
29,,,58179,,0.06953976303339005,,
,,0.001,58189,,,,
29,,,58189,,0.06763708591461182,,
,,0.001,58199,,,,
29,,,58199,,0.06747863441705704,,
,,0.001,58209,,,,
29,,,58209,,0.06569972634315491,,
,,0.001,58219,,,,
29,,,58219,,0.06568227708339691,,
,,0.001,58229,,,,
29,,,58229,,0.06832213699817657,,
,,0.001,58239,,,,
29,,,58239,,0.06722338497638702,,
,,0.001,58249,,,,
29,,,58249,,0.06560425460338593,,
,,0.001,58259,,,,
29,,,58259,,0.06605450063943863,,
,,0.001,58269,,,,
29,,,58269,,0.06739069521427155,,
,,0.001,58279,,,,
29,,,58279,,0.06728686392307281,,
,,0.001,58289,,,,
29,,,58289,,0.06618812680244446,,
,,0.001,58299,,,,
29,,,58299,,0.06599026918411255,,
,,0.001,58309,,,,
29,,,58309,,0.06713162362575531,,
,,0.001,58319,,,,
29,,,58319,,0.06405940651893616,,
,,0.001,58329,,,,
29,,,58329,,0.06683998554944992,,
,,0.001,58339,,,,
29,,,58339,,0.06856397539377213,,
,,0.001,58349,,,,
29,,,58349,,0.06753140687942505,,
,,0.001,58359,,,,
29,,,58359,,0.06813586503267288,,
,,0.001,58369,,,,
29,,,58369,,0.06379705667495728,,
,,0.001,58379,,,,
29,,,58379,,0.06862188130617142,,
,,0.001,58389,,,,
29,,,58389,,0.06722380220890045,,
,,0.001,58399,,,,
29,,,58399,,0.06628712266683578,,
,,0.001,58409,,,,
29,,,58409,,0.06808537989854813,,
,,0.001,58419,,,,
29,,,58419,,0.06639409065246582,,
,,0.001,58429,,,,
29,,,58429,,0.0686279833316803,,
,,0.001,58439,,,,
29,,,58439,,0.06605468690395355,,
,,0.001,58449,,,,
29,,,58449,,0.06873413920402527,,
,,0.001,58459,,,,
29,,,58459,,0.0666394904255867,,
,,0.001,58469,,,,
29,,,58469,,0.06678344309329987,,
,,0.001,58479,,,,
29,,,58479,,0.06512778252363205,,
,,0.001,58489,,,,
29,,,58489,,0.06480798125267029,,
,,0.001,58499,,,,
29,,,58499,,0.06479953229427338,,
,,0.001,58509,,,,
29,,,58509,,0.06667990237474442,,
,,0.001,58519,,,,
29,,,58519,,0.0653255358338356,,
,,0.001,58529,,,,
29,,,58529,,0.06604854762554169,,
,,0.001,58539,,,,
29,,,58539,,0.06941072642803192,,
,,0.001,58549,,,,
29,,,58549,,0.06408243626356125,,
,,0.001,58559,,,,
29,,,58559,,0.06696084886789322,,
,,0.001,58569,,,,
29,,,58569,,0.06532314419746399,,
,,0.001,58579,,,,
29,,,58579,,0.0687488242983818,,
,,0.001,58589,,,,
29,,,58589,,0.06842722743749619,,
,,0.001,58599,,,,
29,,,58599,,0.06603187322616577,,
,,0.001,58609,,,,
29,,,58609,,0.06841838359832764,,
,,0.001,58619,,,,
29,,,58619,,0.07264113426208496,,
,,0.001,58629,,,,
29,,,58629,,0.06756258755922318,,
,,0.001,58639,,,,
29,,,58639,,0.06566829234361649,,
,,0.001,58649,,,,
29,,,58649,,0.06508174538612366,,
,,0.001,58659,,,,
29,,,58659,,0.0665464773774147,,
,,0.001,58669,,,,
29,,,58669,,0.07050804793834686,,
,,0.001,58679,,,,
29,,,58679,,0.06627111881971359,,
,,0.001,58689,,,,
29,,,58689,,0.0660870298743248,,
,,0.001,58699,,,,
29,,,58699,,0.06832610070705414,,
,,0.001,58709,,,,
29,,,58709,,0.06649119406938553,,
,,0.001,58719,,,,
29,,,58719,,0.06505290418863297,,
,,0.001,58729,,,,
29,,,58729,,0.06646789610385895,,
,,0.001,58739,,,,
29,,,58739,,0.07091623544692993,,
,,0.001,58749,,,,
29,,,58749,,0.06596803665161133,,
,,0.001,58759,,,,
29,,,58759,,0.0646427720785141,,
,,0.001,58769,,,,
29,,,58769,,0.0663217231631279,,
,,0.001,58779,,,,
29,,,58779,,0.06936085224151611,,
,,0.001,58789,,,,
29,,,58789,,0.06581836938858032,,
,,0.001,58799,,,,
29,,,58799,,0.0655181035399437,,
,,0.001,58809,,,,
29,,,58809,,0.06483612954616547,,
,,0.001,58819,,,,
29,,,58819,,0.07010551542043686,,
,,0.001,58829,,,,
29,,,58829,,0.06660555303096771,,
,,0.001,58839,,,,
29,,,58839,,0.06600081920623779,,
,,0.001,58849,,,,
29,,,58849,,0.06541146337985992,,
,,0.001,58859,,,,
29,,,58859,,0.06735432147979736,,
,,0.001,58869,,,,
29,,,58869,,0.0672837346792221,,
,,0.001,58879,,,,
29,,,58879,,0.06736139208078384,,
,,0.001,58889,,,,
29,,,58889,,0.06814403831958771,,
,,0.001,58899,,,,
29,,,58899,,0.06644459813833237,,
,,0.001,58909,,,,
29,,,58909,,0.06935328990221024,,
,,0.001,58919,,,,
29,,,58919,,0.0639418214559555,,
,,0.001,58929,,,,
29,,,58929,,0.0640898123383522,,
,,0.001,58939,,,,
29,,,58939,,0.06674651056528091,,
,,0.001,58949,,,,
29,,,58949,,0.06790219247341156,,
,,0.001,58959,,,,
29,,,58959,,0.06717074662446976,,
,,0.001,58969,,,,
29,,,58969,,0.06737491488456726,,
,,0.001,58979,,,,
29,,,58979,,0.06920763850212097,,
,,0.001,58989,,,,
29,,,58989,,0.06606323271989822,,
,,0.001,58999,,,,
29,,,58999,,0.06779748201370239,,
,,0.001,59009,,,,
29,,,59009,,0.06820827722549438,,
,,0.001,59019,,,,
29,,,59019,,0.06425049901008606,,
,,0.001,59029,,,,
29,,,59029,,0.06436873972415924,,
,,0.001,59039,,,,
29,,,59039,,0.06388244032859802,,
,,0.001,59049,,,,
29,,,59049,,0.06611701846122742,,
,,0.001,59059,,,,
29,,,59059,,0.06536523997783661,,
,,0.001,59069,,,,
29,,,59069,,0.06763557344675064,,
,,0.001,59079,,,,
29,,,59079,,0.06698211282491684,,
,,0.001,59089,,,,
29,,,59089,,0.06701157242059708,,
,,0.001,59099,,,,
29,,,59099,,0.06601221114397049,,
,,0.001,59109,,,,
29,,,59109,,0.06848614662885666,,
,,0.001,59119,,,,
29,,,59119,,0.06842035800218582,,
,,0.001,59129,,,,
29,,,59129,,0.06975562125444412,,
,,0.001,59139,,,,
29,,,59139,,0.06720726937055588,,
,,0.001,59149,,,,
29,,,59149,,0.06946518272161484,,
,,0.001,59159,,,,
29,,,59159,,0.07046330720186234,,
,,0.001,59169,,,,
29,,,59169,,0.0661952793598175,,
,,0.001,59179,,,,
29,,,59179,,0.06574906408786774,,
,,0.001,59189,,,,
29,,,59189,,0.0664142519235611,,
,,0.001,59199,,,,
29,,,59199,,0.06967476010322571,,
,,0.001,59209,,,,
29,,,59209,,0.06529451906681061,,
,,0.001,59219,,,,
29,,,59219,,0.06855688989162445,,
,,0.001,59229,,,,
29,,,59229,,0.06666447967290878,,
,,0.001,59239,,,,
29,,,59239,,0.06409334391355515,,
,,0.001,59249,,,,
29,,,59249,,0.0677589550614357,,
,,0.001,59259,,,,
29,,,59259,,0.06732504069805145,,
,,0.001,59269,,,,
29,,,59269,,0.06278028339147568,,
,,0.001,59279,,,,
29,,,59279,,0.06724326312541962,,
,,0.001,59289,,,,
29,,,59289,,0.06761348247528076,,
,,0.001,59299,,,,
29,,,59299,,0.0665806382894516,,
,,0.001,59309,,,,
29,,,59309,,0.06584827601909637,,
,,0.001,59319,,,,
29,,,59319,,0.06848471611738205,,
,,0.001,59329,,,,
29,,,59329,,0.06699106097221375,,
,,0.001,59339,,,,
29,,,59339,,0.06545177102088928,,
,,0.001,59349,,,,
29,,,59349,,0.06620226800441742,,
,,0.001,59359,,,,
29,,,59359,,0.06545315682888031,,
,,0.001,59369,,,,
29,,,59369,,0.06669863313436508,,
,,0.001,59379,,,,
29,,,59379,,0.06695901602506638,,
,,0.001,59389,,,,
29,,,59389,,0.06582356989383698,,
,,0.001,59399,,,,
29,,,59399,,0.06885012984275818,,
,,0.001,59409,,,,
29,,,59409,,0.0661381185054779,,
,,0.001,59419,,,,
29,,,59419,,0.06528018414974213,,
,,0.001,59429,,,,
29,,,59429,,0.06946621090173721,,
,,0.001,59439,,,,
29,,,59439,,0.06900633871555328,,
,,0.001,59449,,,,
29,,,59449,,0.06896350532770157,,
,,0.001,59459,,,,
29,,,59459,,0.06448816508054733,,
,,0.001,59469,,,,
29,,,59469,,0.06789427995681763,,
,,0.001,59479,,,,
29,,,59479,,0.07015608996152878,,
,,0.001,59489,,,,
29,,,59489,,0.06607507914304733,,
,,0.001,59499,,,,
29,,,59499,,0.06783237308263779,,
,,0.001,59509,,,,
29,,,59509,,0.06855281442403793,,
,,0.001,59519,,,,
29,,,59519,,0.0640103816986084,,
,,0.001,59529,,,,
29,,,59529,,0.0697445496916771,,
,,0.001,59539,,,,
29,,,59539,,0.06629405915737152,,
,,0.001,59549,,,,
29,,,59549,,0.07056639343500137,,
,,0.001,59559,,,,
29,,,59559,,0.06762665510177612,,
,,0.001,59569,,,,
29,,,59569,,0.0673968642950058,,
,,0.001,59579,,,,
29,,,59579,,0.065615713596344,,
,,0.001,59589,,,,
29,,,59589,,0.0666673555970192,,
,,0.001,59599,,,,
29,,,59599,,0.06824534386396408,,
,,0.001,59609,,,,
29,,,59609,,0.07000230997800827,,
,,0.001,59619,,,,
29,,,59619,,0.06487386673688889,,
,,0.001,59629,,,,
29,,,59629,,0.0649818703532219,,
,,0.001,59639,,,,
29,,,59639,,0.06924507766962051,,
,,0.001,59649,,,,
29,,,59649,,0.06849861890077591,,
,,0.001,59659,,,,
29,,,59659,,0.0682891309261322,,
,,0.001,59669,,,,
29,,,59669,,0.06919921189546585,,
,,0.001,59679,,,,
29,,,59679,,0.06545194983482361,,
,,0.001,59689,,,,
29,,,59689,,0.06665432453155518,,
,,0.001,59699,,,,
29,,,59699,,0.06706476211547852,,
,,0.001,59709,,,,
29,,,59709,,0.06777939945459366,,
,,0.001,59719,,,,
29,,,59719,,0.07024334371089935,,
,,0.001,59729,,,,
29,,,59729,,0.0662955492734909,,
,,0.001,59739,,,,
29,,,59739,,0.06868205964565277,,
,,0.001,59749,,,,
29,,,59749,,0.06903671473264694,,
,,0.001,59759,,,,
29,,,59759,,0.06720851361751556,,
,,0.001,59769,,,,
29,,,59769,,0.06256092339754105,,
,,0.001,59779,,,,
29,,,59779,,0.06502190977334976,,
,,0.001,59789,,,,
29,,,59789,,0.07071758806705475,,
,,0.001,59799,,,,
29,,,59799,,0.06711215525865555,,
,,0.001,59809,,,,
29,,,59809,,0.06539463996887207,,
,,0.001,59819,,,,
29,,,59819,,0.06483715027570724,,
,,0.001,59829,,,,
29,,,59829,,0.0652087926864624,,
,,0.001,59839,,,,
29,,,59839,,0.06605719774961472,,
,,0.001,59849,,,,
29,,,59849,,0.06594473123550415,,
,,0.001,59859,,,,
29,,,59859,,0.06656590104103088,,
,,0.001,59869,,,,
29,,,59869,,0.07051729410886765,,
,,0.001,59879,,,,
29,,,59879,,0.06636302173137665,,
,,0.001,59889,,,,
29,,,59889,,0.07017607241868973,,
,,0.001,59899,,,,
29,,,59899,,0.06468804180622101,,
,,0.001,59909,,,,
29,,,59909,,0.06456466019153595,,
,,0.001,59919,,,,
29,,,59919,,0.06749668717384338,,
,,0.001,59929,,,,
29,,,59929,,0.06631927937269211,,
,,0.001,59939,,,,
29,,,59939,,0.06587643176317215,,
,,0.001,59949,,,,
29,,,59949,,0.06607487797737122,,
,,0.001,59959,,,,
29,,,59959,,0.06895407289266586,,
,,0.001,59969,,,,
29,,,59969,,0.0653538629412651,,
,,0.001,59979,,,,
29,,,59979,,0.0686459019780159,,
,,0.001,59989,,,,
29,,,59989,,0.06467690318822861,,
,,0.001,59999,,,,
29,,,59999,,0.06594660133123398,,
,,,1450,,,,0.0663655549287796
,,,1451,,,,0.06829778105020523
,,,1452,,,,0.065896175801754
,,,1453,,,,0.06696261465549469
,,,1454,,,,0.06634581834077835
,,,1455,,,,0.06639483571052551
,,,1456,,,,0.06787873059511185
,,,1457,,,,0.06606148928403854
,,,1458,,,,0.06758996099233627
,,,1459,,,,0.06717953085899353
,,,1460,,,,0.06697022169828415
,,,1461,,,,0.06663403660058975
,,,1462,,,,0.06791828572750092
,,,1463,,,,0.06743738055229187
,,,1464,,,,0.06755819916725159
,,,1465,,,,0.0683613121509552
,,,1466,,,,0.06645746529102325
,,,1467,,,,0.06535419076681137
,,,1468,,,,0.06705094128847122
,,,1469,,,,0.06708288937807083
,,,1470,,,,0.0675741508603096
,,,1471,,,,0.06720132380723953
,,,1472,,,,0.06620609760284424
,,,1473,,,,0.06712203472852707
,,,1474,,,,0.06661715358495712
,,,1475,,,,0.06683741509914398
,,,1476,,,,0.0674034133553505
,,,1477,,,,0.06614194810390472
,,,1478,,,,0.06648524105548859
,,,1479,,,,0.06619841605424881
,,,1480,,,,0.06600260734558105
,,,1481,,,,0.06614192575216293
,,,1482,,,,0.0665307492017746
,,,1483,,,,0.06578656286001205
,,,1484,,,,0.06746496260166168
,,,1485,,,,0.06631732732057571
,,,1486,,,,0.06692983210086823
,,,1487,,,,0.06738147884607315
,,,1488,,,,0.06688336282968521
,,,1489,,,,0.06648555397987366
,,,1490,,,,0.06754398345947266
,,,1491,,,,0.06623543798923492
,,,1492,,,,0.06579405814409256
,,,1493,,,,0.06661704182624817
,,,1494,,,,0.06570786982774734
,,,1495,,,,0.06567604094743729
,,,1496,,,,0.06574741005897522
,,,1497,,,,0.06660859286785126
,,,1498,,,,0.0666123554110527
,,,1499,,,,0.06667930632829666
29,,,59999,,,0.06673461198806763,
29,8.427347183227539,,59999,0.06667930632829666,,,
,,0.001,60009,,,,
30,,,60009,,0.06587275117635727,,
,,0.001,60019,,,,
30,,,60019,,0.06424400210380554,,
,,0.001,60029,,,,
30,,,60029,,0.06957077980041504,,
,,0.001,60039,,,,
30,,,60039,,0.06396543979644775,,
,,0.001,60049,,,,
30,,,60049,,0.0681011825799942,,
,,0.001,60059,,,,
30,,,60059,,0.06471892446279526,,
,,0.001,60069,,,,
30,,,60069,,0.06602068990468979,,
,,0.001,60079,,,,
30,,,60079,,0.06837388873100281,,
,,0.001,60089,,,,
30,,,60089,,0.06648080050945282,,
,,0.001,60099,,,,
30,,,60099,,0.06864006072282791,,
,,0.001,60109,,,,
30,,,60109,,0.06687364727258682,,
,,0.001,60119,,,,
30,,,60119,,0.06739960610866547,,
,,0.001,60129,,,,
30,,,60129,,0.06508016586303711,,
,,0.001,60139,,,,
30,,,60139,,0.06768679618835449,,
,,0.001,60149,,,,
30,,,60149,,0.06855545192956924,,
,,0.001,60159,,,,
30,,,60159,,0.06746415048837662,,
,,0.001,60169,,,,
30,,,60169,,0.06539278477430344,,
,,0.001,60179,,,,
30,,,60179,,0.06684494763612747,,
,,0.001,60189,,,,
30,,,60189,,0.06499850749969482,,
,,0.001,60199,,,,
30,,,60199,,0.06347393989562988,,
,,0.001,60209,,,,
30,,,60209,,0.0696713775396347,,
,,0.001,60219,,,,
30,,,60219,,0.06496171653270721,,
,,0.001,60229,,,,
30,,,60229,,0.06383824348449707,,
,,0.001,60239,,,,
30,,,60239,,0.06706016510725021,,
,,0.001,60249,,,,
30,,,60249,,0.06565973907709122,,
,,0.001,60259,,,,
30,,,60259,,0.06676389276981354,,
,,0.001,60269,,,,
30,,,60269,,0.06687794625759125,,
,,0.001,60279,,,,
30,,,60279,,0.06843730807304382,,
,,0.001,60289,,,,
30,,,60289,,0.06740831583738327,,
,,0.001,60299,,,,
30,,,60299,,0.06541275978088379,,
,,0.001,60309,,,,
30,,,60309,,0.06543207168579102,,
,,0.001,60319,,,,
30,,,60319,,0.06295577436685562,,
,,0.001,60329,,,,
30,,,60329,,0.070330910384655,,
,,0.001,60339,,,,
30,,,60339,,0.06441514939069748,,
,,0.001,60349,,,,
30,,,60349,,0.06345605850219727,,
,,0.001,60359,,,,
30,,,60359,,0.0654132217168808,,
,,0.001,60369,,,,
30,,,60369,,0.06389398127794266,,
,,0.001,60379,,,,
30,,,60379,,0.06961097568273544,,
,,0.001,60389,,,,
30,,,60389,,0.06673198938369751,,
,,0.001,60399,,,,
30,,,60399,,0.0649234727025032,,
,,0.001,60409,,,,
30,,,60409,,0.06650649756193161,,
,,0.001,60419,,,,
30,,,60419,,0.06540307402610779,,
,,0.001,60429,,,,
30,,,60429,,0.069255530834198,,
,,0.001,60439,,,,
30,,,60439,,0.06521277874708176,,
,,0.001,60449,,,,
30,,,60449,,0.06627685576677322,,
,,0.001,60459,,,,
30,,,60459,,0.06707986444234848,,
,,0.001,60469,,,,
30,,,60469,,0.06767439097166061,,
,,0.001,60479,,,,
30,,,60479,,0.06644002348184586,,
,,0.001,60489,,,,
30,,,60489,,0.0654890239238739,,
,,0.001,60499,,,,
30,,,60499,,0.06944919377565384,,
,,0.001,60509,,,,
30,,,60509,,0.06520656496286392,,
,,0.001,60519,,,,
30,,,60519,,0.0662630945444107,,
,,0.001,60529,,,,
30,,,60529,,0.0627894476056099,,
,,0.001,60539,,,,
30,,,60539,,0.06934414058923721,,
,,0.001,60549,,,,
30,,,60549,,0.06646353751420975,,
,,0.001,60559,,,,
30,,,60559,,0.06941762566566467,,
,,0.001,60569,,,,
30,,,60569,,0.06601965427398682,,
,,0.001,60579,,,,
30,,,60579,,0.06800293922424316,,
,,0.001,60589,,,,
30,,,60589,,0.06496400386095047,,
,,0.001,60599,,,,
30,,,60599,,0.06909865140914917,,
,,0.001,60609,,,,
30,,,60609,,0.06569399684667587,,
,,0.001,60619,,,,
30,,,60619,,0.06676390022039413,,
,,0.001,60629,,,,
30,,,60629,,0.06770671904087067,,
,,0.001,60639,,,,
30,,,60639,,0.06686074286699295,,
,,0.001,60649,,,,
30,,,60649,,0.06488841772079468,,
,,0.001,60659,,,,
30,,,60659,,0.06505997478961945,,
,,0.001,60669,,,,
30,,,60669,,0.06489595025777817,,
,,0.001,60679,,,,
30,,,60679,,0.068308986723423,,
,,0.001,60689,,,,
30,,,60689,,0.06241878867149353,,
,,0.001,60699,,,,
30,,,60699,,0.06986285746097565,,
,,0.001,60709,,,,
30,,,60709,,0.06730183959007263,,
,,0.001,60719,,,,
30,,,60719,,0.06631573289632797,,
,,0.001,60729,,,,
30,,,60729,,0.06684432178735733,,
,,0.001,60739,,,,
30,,,60739,,0.06597375124692917,,
,,0.001,60749,,,,
30,,,60749,,0.06455167382955551,,
,,0.001,60759,,,,
30,,,60759,,0.06483814120292664,,
,,0.001,60769,,,,
30,,,60769,,0.06571134179830551,,
,,0.001,60779,,,,
30,,,60779,,0.06765314936637878,,
,,0.001,60789,,,,
30,,,60789,,0.0635303258895874,,
,,0.001,60799,,,,
30,,,60799,,0.07012290507555008,,
,,0.001,60809,,,,
30,,,60809,,0.06655839085578918,,
,,0.001,60819,,,,
30,,,60819,,0.06439845263957977,,
,,0.001,60829,,,,
30,,,60829,,0.0656217560172081,,
,,0.001,60839,,,,
30,,,60839,,0.06783425807952881,,
,,0.001,60849,,,,
30,,,60849,,0.0659056231379509,,
,,0.001,60859,,,,
30,,,60859,,0.06671426445245743,,
,,0.001,60869,,,,
30,,,60869,,0.06868289411067963,,
,,0.001,60879,,,,
30,,,60879,,0.06664708256721497,,
,,0.001,60889,,,,
30,,,60889,,0.0659196674823761,,
,,0.001,60899,,,,
30,,,60899,,0.06552443653345108,,
,,0.001,60909,,,,
30,,,60909,,0.06609641760587692,,
,,0.001,60919,,,,
30,,,60919,,0.06501993536949158,,
,,0.001,60929,,,,
30,,,60929,,0.06570898741483688,,
,,0.001,60939,,,,
30,,,60939,,0.06739617139101028,,
,,0.001,60949,,,,
30,,,60949,,0.06885744631290436,,
,,0.001,60959,,,,
30,,,60959,,0.06649807095527649,,
,,0.001,60969,,,,
30,,,60969,,0.06587032228708267,,
,,0.001,60979,,,,
30,,,60979,,0.06677588075399399,,
,,0.001,60989,,,,
30,,,60989,,0.06598071753978729,,
,,0.001,60999,,,,
30,,,60999,,0.06945110857486725,,
,,0.001,61009,,,,
30,,,61009,,0.06800419092178345,,
,,0.001,61019,,,,
30,,,61019,,0.06864194571971893,,
,,0.001,61029,,,,
30,,,61029,,0.06625068187713623,,
,,0.001,61039,,,,
30,,,61039,,0.0666952058672905,,
,,0.001,61049,,,,
30,,,61049,,0.06467337906360626,,
,,0.001,61059,,,,
30,,,61059,,0.06510207802057266,,
,,0.001,61069,,,,
30,,,61069,,0.06812487542629242,,
,,0.001,61079,,,,
30,,,61079,,0.06634900718927383,,
,,0.001,61089,,,,
30,,,61089,,0.06628451496362686,,
,,0.001,61099,,,,
30,,,61099,,0.06605450809001923,,
,,0.001,61109,,,,
30,,,61109,,0.0666324570775032,,
,,0.001,61119,,,,
30,,,61119,,0.06566407531499863,,
,,0.001,61129,,,,
30,,,61129,,0.07045738399028778,,
,,0.001,61139,,,,
30,,,61139,,0.06558015197515488,,
,,0.001,61149,,,,
30,,,61149,,0.06667322665452957,,
,,0.001,61159,,,,
30,,,61159,,0.06782649457454681,,
,,0.001,61169,,,,
30,,,61169,,0.06888455897569656,,
,,0.001,61179,,,,
30,,,61179,,0.06399961560964584,,
,,0.001,61189,,,,
30,,,61189,,0.06497519463300705,,
,,0.001,61199,,,,
30,,,61199,,0.06743426620960236,,
,,0.001,61209,,,,
30,,,61209,,0.06664437800645828,,
,,0.001,61219,,,,
30,,,61219,,0.06772003322839737,,
,,0.001,61229,,,,
30,,,61229,,0.06713268160820007,,
,,0.001,61239,,,,
30,,,61239,,0.06419816613197327,,
,,0.001,61249,,,,
30,,,61249,,0.06776031106710434,,
,,0.001,61259,,,,
30,,,61259,,0.06682059913873672,,
,,0.001,61269,,,,
30,,,61269,,0.06571757048368454,,
,,0.001,61279,,,,
30,,,61279,,0.06679166108369827,,
,,0.001,61289,,,,
30,,,61289,,0.06540277600288391,,
,,0.001,61299,,,,
30,,,61299,,0.06919851154088974,,
,,0.001,61309,,,,
30,,,61309,,0.06601250916719437,,
,,0.001,61319,,,,
30,,,61319,,0.06636839359998703,,
,,0.001,61329,,,,
30,,,61329,,0.06863410025835037,,
,,0.001,61339,,,,
30,,,61339,,0.06954482197761536,,
,,0.001,61349,,,,
30,,,61349,,0.06732401996850967,,
,,0.001,61359,,,,
30,,,61359,,0.06698517501354218,,
,,0.001,61369,,,,
30,,,61369,,0.06623195111751556,,
,,0.001,61379,,,,
30,,,61379,,0.06773185729980469,,
,,0.001,61389,,,,
30,,,61389,,0.0672469288110733,,
,,0.001,61399,,,,
30,,,61399,,0.06429875642061234,,
,,0.001,61409,,,,
30,,,61409,,0.06440845131874084,,
,,0.001,61419,,,,
30,,,61419,,0.06573851406574249,,
,,0.001,61429,,,,
30,,,61429,,0.06796108931303024,,
,,0.001,61439,,,,
30,,,61439,,0.06726738065481186,,
,,0.001,61449,,,,
30,,,61449,,0.06637679785490036,,
,,0.001,61459,,,,
30,,,61459,,0.0661473423242569,,
,,0.001,61469,,,,
30,,,61469,,0.0662790983915329,,
,,0.001,61479,,,,
30,,,61479,,0.06838507950305939,,
,,0.001,61489,,,,
30,,,61489,,0.06314804404973984,,
,,0.001,61499,,,,
30,,,61499,,0.06649554520845413,,
,,0.001,61509,,,,
30,,,61509,,0.06566932797431946,,
,,0.001,61519,,,,
30,,,61519,,0.06424851715564728,,
,,0.001,61529,,,,
30,,,61529,,0.06689560413360596,,
,,0.001,61539,,,,
30,,,61539,,0.06643054634332657,,
,,0.001,61549,,,,
30,,,61549,,0.06695766001939774,,
,,0.001,61559,,,,
30,,,61559,,0.066518634557724,,
,,0.001,61569,,,,
30,,,61569,,0.06524436175823212,,
,,0.001,61579,,,,
30,,,61579,,0.0655103325843811,,
,,0.001,61589,,,,
30,,,61589,,0.06878543645143509,,
,,0.001,61599,,,,
30,,,61599,,0.06555911898612976,,
,,0.001,61609,,,,
30,,,61609,,0.06787464022636414,,
,,0.001,61619,,,,
30,,,61619,,0.06659360975027084,,
,,0.001,61629,,,,
30,,,61629,,0.06640326976776123,,
,,0.001,61639,,,,
30,,,61639,,0.06552785634994507,,
,,0.001,61649,,,,
30,,,61649,,0.06981582939624786,,
,,0.001,61659,,,,
30,,,61659,,0.06544850766658783,,
,,0.001,61669,,,,
30,,,61669,,0.06630581617355347,,
,,0.001,61679,,,,
30,,,61679,,0.06558313965797424,,
,,0.001,61689,,,,
30,,,61689,,0.06426313519477844,,
,,0.001,61699,,,,
30,,,61699,,0.06569001078605652,,
,,0.001,61709,,,,
30,,,61709,,0.0641009733080864,,
,,0.001,61719,,,,
30,,,61719,,0.066925048828125,,
,,0.001,61729,,,,
30,,,61729,,0.06938153505325317,,
,,0.001,61739,,,,
30,,,61739,,0.06595376878976822,,
,,0.001,61749,,,,
30,,,61749,,0.06675494462251663,,
,,0.001,61759,,,,
30,,,61759,,0.06637407839298248,,
,,0.001,61769,,,,
30,,,61769,,0.06354594230651855,,
,,0.001,61779,,,,
30,,,61779,,0.06503169983625412,,
,,0.001,61789,,,,
30,,,61789,,0.06546453386545181,,
,,0.001,61799,,,,
30,,,61799,,0.06442214548587799,,
,,0.001,61809,,,,
30,,,61809,,0.06891565024852753,,
,,0.001,61819,,,,
30,,,61819,,0.0655519962310791,,
,,0.001,61829,,,,
30,,,61829,,0.06648848205804825,,
,,0.001,61839,,,,
30,,,61839,,0.06715188175439835,,
,,0.001,61849,,,,
30,,,61849,,0.0688512921333313,,
,,0.001,61859,,,,
30,,,61859,,0.0683005228638649,,
,,0.001,61869,,,,
30,,,61869,,0.06876088678836823,,
,,0.001,61879,,,,
30,,,61879,,0.06373611092567444,,
,,0.001,61889,,,,
30,,,61889,,0.06971543282270432,,
,,0.001,61899,,,,
30,,,61899,,0.06535103917121887,,
,,0.001,61909,,,,
30,,,61909,,0.06622450053691864,,
,,0.001,61919,,,,
30,,,61919,,0.06647706031799316,,
,,0.001,61929,,,,
30,,,61929,,0.06467308849096298,,
,,0.001,61939,,,,
30,,,61939,,0.06298279762268066,,
,,0.001,61949,,,,
30,,,61949,,0.06612103432416916,,
,,0.001,61959,,,,
30,,,61959,,0.06890818476676941,,
,,0.001,61969,,,,
30,,,61969,,0.06700558960437775,,
,,0.001,61979,,,,
30,,,61979,,0.0644812360405922,,
,,0.001,61989,,,,
30,,,61989,,0.06528476625680923,,
,,0.001,61999,,,,
30,,,61999,,0.06466515362262726,,
,,,1500,,,,0.06571172177791595
,,,1501,,,,0.06785140931606293
,,,1502,,,,0.06543885171413422
,,,1503,,,,0.06647025793790817
,,,1504,,,,0.0659291222691536
,,,1505,,,,0.0658300444483757
,,,1506,,,,0.067107193171978
,,,1507,,,,0.06591727584600449
,,,1508,,,,0.06700467318296432
,,,1509,,,,0.06645053625106812
,,,1510,,,,0.06642181426286697
,,,1511,,,,0.06623478978872299
,,,1512,,,,0.06733061373233795
,,,1513,,,,0.06722269207239151
,,,1514,,,,0.06711338460445404
,,,1515,,,,0.06803638488054276
,,,1516,,,,0.06604140251874924
,,,1517,,,,0.0651121512055397
,,,1518,,,,0.06716156005859375
,,,1519,,,,0.06631110608577728
,,,1520,,,,0.0669575110077858
,,,1521,,,,0.06690473854541779
,,,1522,,,,0.06583446264266968
,,,1523,,,,0.06657364219427109
,,,1524,,,,0.06611277908086777
,,,1525,,,,0.0664108544588089
,,,1526,,,,0.06709617376327515
,,,1527,,,,0.06573602557182312
,,,1528,,,,0.06602603197097778
,,,1529,,,,0.06565457582473755
,,,1530,,,,0.06538364291191101
,,,1531,,,,0.06574858725070953
,,,1532,,,,0.06576839089393616
,,,1533,,,,0.0652044340968132
,,,1534,,,,0.0671735405921936
,,,1535,,,,0.06580697000026703
,,,1536,,,,0.06643492728471756
,,,1537,,,,0.06707877665758133
,,,1538,,,,0.06634314358234406
,,,1539,,,,0.06582092493772507
,,,1540,,,,0.06683327257633209
,,,1541,,,,0.06612082570791245
,,,1542,,,,0.06500294059515
,,,1543,,,,0.06607109308242798
,,,1544,,,,0.06519003212451935
,,,1545,,,,0.06514608860015869
,,,1546,,,,0.06561260670423508
,,,1547,,,,0.06601377576589584
,,,1548,,,,0.06648904085159302
,,,1549,,,,0.06627100706100464
30,,,61999,,,0.06627034395933151,
30,8.146194458007812,,61999,0.0663471594452858,,,
,,0.001,62009,,,,
31,,,62009,,0.06686235219240189,,
,,0.001,62019,,,,
31,,,62019,,0.06576670706272125,,
,,0.001,62029,,,,
31,,,62029,,0.06682954728603363,,
,,0.001,62039,,,,
31,,,62039,,0.06524616479873657,,
,,0.001,62049,,,,
31,,,62049,,0.06766854971647263,,
,,0.001,62059,,,,
31,,,62059,,0.06630872189998627,,
,,0.001,62069,,,,
31,,,62069,,0.06452028453350067,,
,,0.001,62079,,,,
31,,,62079,,0.06599704921245575,,
,,0.001,62089,,,,
31,,,62089,,0.06586967408657074,,
,,0.001,62099,,,,
31,,,62099,,0.0705488920211792,,
,,0.001,62109,,,,
31,,,62109,,0.06501994282007217,,
,,0.001,62119,,,,
31,,,62119,,0.06747639179229736,,
,,0.001,62129,,,,
31,,,62129,,0.06630340218544006,,
,,0.001,62139,,,,
31,,,62139,,0.06716232001781464,,
,,0.001,62149,,,,
31,,,62149,,0.06595666706562042,,
,,0.001,62159,,,,
31,,,62159,,0.06365428119897842,,
,,0.001,62169,,,,
31,,,62169,,0.06740957498550415,,
,,0.001,62179,,,,
31,,,62179,,0.06463061273097992,,
,,0.001,62189,,,,
31,,,62189,,0.06892499327659607,,
,,0.001,62199,,,,
31,,,62199,,0.06699111312627792,,
,,0.001,62209,,,,
31,,,62209,,0.06630577892065048,,
,,0.001,62219,,,,
31,,,62219,,0.06408824771642685,,
,,0.001,62229,,,,
31,,,62229,,0.06620039790868759,,
,,0.001,62239,,,,
31,,,62239,,0.06768381595611572,,
,,0.001,62249,,,,
31,,,62249,,0.06657664477825165,,
,,0.001,62259,,,,
31,,,62259,,0.06549378484487534,,
,,0.001,62269,,,,
31,,,62269,,0.06483392417430878,,
,,0.001,62279,,,,
31,,,62279,,0.06374529749155045,,
,,0.001,62289,,,,
31,,,62289,,0.06495916843414307,,
,,0.001,62299,,,,
31,,,62299,,0.06593039631843567,,
,,0.001,62309,,,,
31,,,62309,,0.06380308419466019,,
,,0.001,62319,,,,
31,,,62319,,0.06693166494369507,,
,,0.001,62329,,,,
31,,,62329,,0.06485296785831451,,
,,0.001,62339,,,,
31,,,62339,,0.06986630707979202,,
,,0.001,62349,,,,
31,,,62349,,0.06436991691589355,,
,,0.001,62359,,,,
31,,,62359,,0.06716147810220718,,
,,0.001,62369,,,,
31,,,62369,,0.06588783860206604,,
,,0.001,62379,,,,
31,,,62379,,0.06678909063339233,,
,,0.001,62389,,,,
31,,,62389,,0.066236712038517,,
,,0.001,62399,,,,
31,,,62399,,0.06602447479963303,,
,,0.001,62409,,,,
31,,,62409,,0.06576376408338547,,
,,0.001,62419,,,,
31,,,62419,,0.06636273860931396,,
,,0.001,62429,,,,
31,,,62429,,0.07027924060821533,,
,,0.001,62439,,,,
31,,,62439,,0.06716926395893097,,
,,0.001,62449,,,,
31,,,62449,,0.06690268218517303,,
,,0.001,62459,,,,
31,,,62459,,0.06616171449422836,,
,,0.001,62469,,,,
31,,,62469,,0.0673106238245964,,
,,0.001,62479,,,,
31,,,62479,,0.06751734763383865,,
,,0.001,62489,,,,
31,,,62489,,0.06700915098190308,,
,,0.001,62499,,,,
31,,,62499,,0.06876039505004883,,
,,0.001,62509,,,,
31,,,62509,,0.06822033226490021,,
,,0.001,62519,,,,
31,,,62519,,0.06555868685245514,,
,,0.001,62529,,,,
31,,,62529,,0.0657978281378746,,
,,0.001,62539,,,,
31,,,62539,,0.0664660781621933,,
,,0.001,62549,,,,
31,,,62549,,0.0648975819349289,,
,,0.001,62559,,,,
31,,,62559,,0.06457120925188065,,
,,0.001,62569,,,,
31,,,62569,,0.06377759575843811,,
,,0.001,62579,,,,
31,,,62579,,0.07071982324123383,,
,,0.001,62589,,,,
31,,,62589,,0.06769506633281708,,
,,0.001,62599,,,,
31,,,62599,,0.06520023196935654,,
,,0.001,62609,,,,
31,,,62609,,0.06815224885940552,,
,,0.001,62619,,,,
31,,,62619,,0.06644561141729355,,
,,0.001,62629,,,,
31,,,62629,,0.06487385183572769,,
,,0.001,62639,,,,
31,,,62639,,0.06237754225730896,,
,,0.001,62649,,,,
31,,,62649,,0.06413289904594421,,
,,0.001,62659,,,,
31,,,62659,,0.06548463553190231,,
,,0.001,62669,,,,
31,,,62669,,0.0660279393196106,,
,,0.001,62679,,,,
31,,,62679,,0.06551702320575714,,
,,0.001,62689,,,,
31,,,62689,,0.06624174863100052,,
,,0.001,62699,,,,
31,,,62699,,0.06603988260030746,,
,,0.001,62709,,,,
31,,,62709,,0.06767825782299042,,
,,0.001,62719,,,,
31,,,62719,,0.06445496529340744,,
,,0.001,62729,,,,
31,,,62729,,0.06519073247909546,,
,,0.001,62739,,,,
31,,,62739,,0.06646490097045898,,
,,0.001,62749,,,,
31,,,62749,,0.06491521000862122,,
,,0.001,62759,,,,
31,,,62759,,0.06400462985038757,,
,,0.001,62769,,,,
31,,,62769,,0.06434180587530136,,
,,0.001,62779,,,,
31,,,62779,,0.06835425645112991,,
,,0.001,62789,,,,
31,,,62789,,0.06566020846366882,,
,,0.001,62799,,,,
31,,,62799,,0.06745880097150803,,
,,0.001,62809,,,,
31,,,62809,,0.06514894217252731,,
,,0.001,62819,,,,
31,,,62819,,0.06658639758825302,,
,,0.001,62829,,,,
31,,,62829,,0.06408271193504333,,
,,0.001,62839,,,,
31,,,62839,,0.0666341558098793,,
,,0.001,62849,,,,
31,,,62849,,0.06483599543571472,,
,,0.001,62859,,,,
31,,,62859,,0.06543627381324768,,
,,0.001,62869,,,,
31,,,62869,,0.06617613881826401,,
,,0.001,62879,,,,
31,,,62879,,0.06681742519140244,,
,,0.001,62889,,,,
31,,,62889,,0.06446018815040588,,
,,0.001,62899,,,,
31,,,62899,,0.06474127620458603,,
,,0.001,62909,,,,
31,,,62909,,0.06551747024059296,,
,,0.001,62919,,,,
31,,,62919,,0.06252770125865936,,
,,0.001,62929,,,,
31,,,62929,,0.0634288638830185,,
,,0.001,62939,,,,
31,,,62939,,0.06643479317426682,,
,,0.001,62949,,,,
31,,,62949,,0.06392177194356918,,
,,0.001,62959,,,,
31,,,62959,,0.06828511506319046,,
,,0.001,62969,,,,
31,,,62969,,0.06794197112321854,,
,,0.001,62979,,,,
31,,,62979,,0.06896568834781647,,
,,0.001,62989,,,,
31,,,62989,,0.06803572177886963,,
,,0.001,62999,,,,
31,,,62999,,0.06586745381355286,,
,,0.001,63009,,,,
31,,,63009,,0.06749685108661652,,
,,0.001,63019,,,,
31,,,63019,,0.0630452036857605,,
,,0.001,63029,,,,
31,,,63029,,0.06460509449243546,,
,,0.001,63039,,,,
31,,,63039,,0.06624618172645569,,
,,0.001,63049,,,,
31,,,63049,,0.06589375436306,,
,,0.001,63059,,,,
31,,,63059,,0.0656115710735321,,
,,0.001,63069,,,,
31,,,63069,,0.06663201749324799,,
,,0.001,63079,,,,
31,,,63079,,0.06529980152845383,,
,,0.001,63089,,,,
31,,,63089,,0.0653550922870636,,
,,0.001,63099,,,,
31,,,63099,,0.06508181989192963,,
,,0.001,63109,,,,
31,,,63109,,0.06711802631616592,,
,,0.001,63119,,,,
31,,,63119,,0.06832876801490784,,
,,0.001,63129,,,,
31,,,63129,,0.06578114628791809,,
,,0.001,63139,,,,
31,,,63139,,0.06905736029148102,,
,,0.001,63149,,,,
31,,,63149,,0.06663668900728226,,
,,0.001,63159,,,,
31,,,63159,,0.06854791939258575,,
,,0.001,63169,,,,
31,,,63169,,0.06705407798290253,,
,,0.001,63179,,,,
31,,,63179,,0.06780504435300827,,
,,0.001,63189,,,,
31,,,63189,,0.06385315209627151,,
,,0.001,63199,,,,
31,,,63199,,0.06747975200414658,,
,,0.001,63209,,,,
31,,,63209,,0.06740258634090424,,
,,0.001,63219,,,,
31,,,63219,,0.06651566922664642,,
,,0.001,63229,,,,
31,,,63229,,0.06480706483125687,,
,,0.001,63239,,,,
31,,,63239,,0.06371524184942245,,
,,0.001,63249,,,,
31,,,63249,,0.0697057843208313,,
,,0.001,63259,,,,
31,,,63259,,0.06637414544820786,,
,,0.001,63269,,,,
31,,,63269,,0.0663474053144455,,
,,0.001,63279,,,,
31,,,63279,,0.06759230047464371,,
,,0.001,63289,,,,
31,,,63289,,0.06489814817905426,,
,,0.001,63299,,,,
31,,,63299,,0.06797898560762405,,
,,0.001,63309,,,,
31,,,63309,,0.06642712652683258,,
,,0.001,63319,,,,
31,,,63319,,0.06824570149183273,,
,,0.001,63329,,,,
31,,,63329,,0.0667031928896904,,
,,0.001,63339,,,,
31,,,63339,,0.06430189311504364,,
,,0.001,63349,,,,
31,,,63349,,0.06498941034078598,,
,,0.001,63359,,,,
31,,,63359,,0.06691788882017136,,
,,0.001,63369,,,,
31,,,63369,,0.06455539166927338,,
,,0.001,63379,,,,
31,,,63379,,0.06911216676235199,,
,,0.001,63389,,,,
31,,,63389,,0.06485023349523544,,
,,0.001,63399,,,,
31,,,63399,,0.06534966081380844,,
,,0.001,63409,,,,
31,,,63409,,0.06567060947418213,,
,,0.001,63419,,,,
31,,,63419,,0.06357106566429138,,
,,0.001,63429,,,,
31,,,63429,,0.06720849126577377,,
,,0.001,63439,,,,
31,,,63439,,0.06786459684371948,,
,,0.001,63449,,,,
31,,,63449,,0.06674802303314209,,
,,0.001,63459,,,,
31,,,63459,,0.06395023316144943,,
,,0.001,63469,,,,
31,,,63469,,0.06777261197566986,,
,,0.001,63479,,,,
31,,,63479,,0.06725472211837769,,
,,0.001,63489,,,,
31,,,63489,,0.06434178352355957,,
,,0.001,63499,,,,
31,,,63499,,0.0673394501209259,,
,,0.001,63509,,,,
31,,,63509,,0.0658131018280983,,
,,0.001,63519,,,,
31,,,63519,,0.06906206160783768,,
,,0.001,63529,,,,
31,,,63529,,0.06687651574611664,,
,,0.001,63539,,,,
31,,,63539,,0.06683249771595001,,
,,0.001,63549,,,,
31,,,63549,,0.06774676591157913,,
,,0.001,63559,,,,
31,,,63559,,0.06567055732011795,,
,,0.001,63569,,,,
31,,,63569,,0.06635291874408722,,
,,0.001,63579,,,,
31,,,63579,,0.06688138097524643,,
,,0.001,63589,,,,
31,,,63589,,0.06677189469337463,,
,,0.001,63599,,,,
31,,,63599,,0.06847094744443893,,
,,0.001,63609,,,,
31,,,63609,,0.06659771502017975,,
,,0.001,63619,,,,
31,,,63619,,0.06664805859327316,,
,,0.001,63629,,,,
31,,,63629,,0.06671937555074692,,
,,0.001,63639,,,,
31,,,63639,,0.06284511089324951,,
,,0.001,63649,,,,
31,,,63649,,0.06658895313739777,,
,,0.001,63659,,,,
31,,,63659,,0.0680452436208725,,
,,0.001,63669,,,,
31,,,63669,,0.06328993290662766,,
,,0.001,63679,,,,
31,,,63679,,0.06492972373962402,,
,,0.001,63689,,,,
31,,,63689,,0.0678592398762703,,
,,0.001,63699,,,,
31,,,63699,,0.06893949210643768,,
,,0.001,63709,,,,
31,,,63709,,0.0675230622291565,,
,,0.001,63719,,,,
31,,,63719,,0.06901459395885468,,
,,0.001,63729,,,,
31,,,63729,,0.06645288318395615,,
,,0.001,63739,,,,
31,,,63739,,0.06409168988466263,,
,,0.001,63749,,,,
31,,,63749,,0.06634709239006042,,
,,0.001,63759,,,,
31,,,63759,,0.06774488091468811,,
,,0.001,63769,,,,
31,,,63769,,0.06489680707454681,,
,,0.001,63779,,,,
31,,,63779,,0.06635504215955734,,
,,0.001,63789,,,,
31,,,63789,,0.066082663834095,,
,,0.001,63799,,,,
31,,,63799,,0.06219489127397537,,
,,0.001,63809,,,,
31,,,63809,,0.06875960528850555,,
,,0.001,63819,,,,
31,,,63819,,0.06717897951602936,,
,,0.001,63829,,,,
31,,,63829,,0.06616996973752975,,
,,0.001,63839,,,,
31,,,63839,,0.06770718097686768,,
,,0.001,63849,,,,
31,,,63849,,0.06729206442832947,,
,,0.001,63859,,,,
31,,,63859,,0.06586612015962601,,
,,0.001,63869,,,,
31,,,63869,,0.06828580051660538,,
,,0.001,63879,,,,
31,,,63879,,0.06447787582874298,,
,,0.001,63889,,,,
31,,,63889,,0.06655781716108322,,
,,0.001,63899,,,,
31,,,63899,,0.06438843905925751,,
,,0.001,63909,,,,
31,,,63909,,0.06475610285997391,,
,,0.001,63919,,,,
31,,,63919,,0.06812218576669693,,
,,0.001,63929,,,,
31,,,63929,,0.06508582085371017,,
,,0.001,63939,,,,
31,,,63939,,0.06391457468271255,,
,,0.001,63949,,,,
31,,,63949,,0.06681638956069946,,
,,0.001,63959,,,,
31,,,63959,,0.06686607003211975,,
,,0.001,63969,,,,
31,,,63969,,0.06607931107282639,,
,,0.001,63979,,,,
31,,,63979,,0.06491290032863617,,
,,0.001,63989,,,,
31,,,63989,,0.06630547344684601,,
,,0.001,63999,,,,
31,,,63999,,0.06630866974592209,,
,,,1550,,,,0.06560365855693817
,,,1551,,,,0.06753914058208466
,,,1552,,,,0.06504802405834198
,,,1553,,,,0.06602384895086288
,,,1554,,,,0.06552109867334366
,,,1555,,,,0.06554951518774033
,,,1556,,,,0.06693208962678909
,,,1557,,,,0.06540656089782715
,,,1558,,,,0.06653185188770294
,,,1559,,,,0.06607885658740997
,,,1560,,,,0.0659077912569046
,,,1561,,,,0.06595668196678162
,,,1562,,,,0.06688197702169418
,,,1563,,,,0.06665567308664322
,,,1564,,,,0.06679276376962662
,,,1565,,,,0.06772024929523468
,,,1566,,,,0.06551161408424377
,,,1567,,,,0.06465310603380203
,,,1568,,,,0.06637510657310486
,,,1569,,,,0.06595875322818756
,,,1570,,,,0.06674198806285858
,,,1571,,,,0.06647171080112457
,,,1572,,,,0.06542816013097763
,,,1573,,,,0.06626779586076736
,,,1574,,,,0.06591683626174927
,,,1575,,,,0.06603429466485977
,,,1576,,,,0.06669707596302032
,,,1577,,,,0.06539369374513626
,,,1578,,,,0.06570684909820557
,,,1579,,,,0.06524940580129623
,,,1580,,,,0.06500349193811417
,,,1581,,,,0.06534052640199661
,,,1582,,,,0.06532128900289536
,,,1583,,,,0.06495647132396698
,,,1584,,,,0.06662829965353012
,,,1585,,,,0.06540317088365555
,,,1586,,,,0.06585974991321564
,,,1587,,,,0.06663314998149872
,,,1588,,,,0.06604649871587753
,,,1589,,,,0.06555817276239395
,,,1590,,,,0.0664597898721695
,,,1591,,,,0.06558932363986969
,,,1592,,,,0.06440038233995438
,,,1593,,,,0.0655260980129242
,,,1594,,,,0.0650135725736618
,,,1595,,,,0.06484245508909225
,,,1596,,,,0.06507688015699387
,,,1597,,,,0.0655544251203537
,,,1598,,,,0.06580667197704315
,,,1599,,,,0.06584972143173218
31,,,63999,,,0.06586851924657822,
31,8.577289581298828,,63999,0.06617764383554459,,,
,,0.001,64009,,,,
32,,,64009,,0.06715206801891327,,
,,0.001,64019,,,,
32,,,64019,,0.0637572780251503,,
,,0.001,64029,,,,
32,,,64029,,0.06558047980070114,,
,,0.001,64039,,,,
32,,,64039,,0.06623941659927368,,
,,0.001,64049,,,,
32,,,64049,,0.06765899062156677,,
,,0.001,64059,,,,
32,,,64059,,0.06489240378141403,,
,,0.001,64069,,,,
32,,,64069,,0.06682712584733963,,
,,0.001,64079,,,,
32,,,64079,,0.0641828402876854,,
,,0.001,64089,,,,
32,,,64089,,0.06744816154241562,,
,,0.001,64099,,,,
32,,,64099,,0.06885820627212524,,
,,0.001,64109,,,,
32,,,64109,,0.0649518370628357,,
,,0.001,64119,,,,
32,,,64119,,0.0659157857298851,,
,,0.001,64129,,,,
32,,,64129,,0.06621820479631424,,
,,0.001,64139,,,,
32,,,64139,,0.06926726549863815,,
,,0.001,64149,,,,
32,,,64149,,0.06723600625991821,,
,,0.001,64159,,,,
32,,,64159,,0.06475943326950073,,
,,0.001,64169,,,,
32,,,64169,,0.06681009382009506,,
,,0.001,64179,,,,
32,,,64179,,0.06865781545639038,,
,,0.001,64189,,,,
32,,,64189,,0.06583204865455627,,
,,0.001,64199,,,,
32,,,64199,,0.06604740023612976,,
,,0.001,64209,,,,
32,,,64209,,0.06764993071556091,,
,,0.001,64219,,,,
32,,,64219,,0.06532364338636398,,
,,0.001,64229,,,,
32,,,64229,,0.06771288812160492,,
,,0.001,64239,,,,
32,,,64239,,0.06646820902824402,,
,,0.001,64249,,,,
32,,,64249,,0.06759819388389587,,
,,0.001,64259,,,,
32,,,64259,,0.06657017767429352,,
,,0.001,64269,,,,
32,,,64269,,0.06651204079389572,,
,,0.001,64279,,,,
32,,,64279,,0.06609006226062775,,
,,0.001,64289,,,,
32,,,64289,,0.06563608348369598,,
,,0.001,64299,,,,
32,,,64299,,0.06690402328968048,,
,,0.001,64309,,,,
32,,,64309,,0.06706472486257553,,
,,0.001,64319,,,,
32,,,64319,,0.063869409263134,,
,,0.001,64329,,,,
32,,,64329,,0.06540379673242569,,
,,0.001,64339,,,,
32,,,64339,,0.06312613189220428,,
,,0.001,64349,,,,
32,,,64349,,0.0668986439704895,,
,,0.001,64359,,,,
32,,,64359,,0.06485553085803986,,
,,0.001,64369,,,,
32,,,64369,,0.06501888483762741,,
,,0.001,64379,,,,
32,,,64379,,0.06728868931531906,,
,,0.001,64389,,,,
32,,,64389,,0.0649355873465538,,
,,0.001,64399,,,,
32,,,64399,,0.06564854085445404,,
,,0.001,64409,,,,
32,,,64409,,0.0654919371008873,,
,,0.001,64419,,,,
32,,,64419,,0.06706002354621887,,
,,0.001,64429,,,,
32,,,64429,,0.06522535532712936,,
,,0.001,64439,,,,
32,,,64439,,0.06468507647514343,,
,,0.001,64449,,,,
32,,,64449,,0.066954605281353,,
,,0.001,64459,,,,
32,,,64459,,0.06590181589126587,,
,,0.001,64469,,,,
32,,,64469,,0.06566973775625229,,
,,0.001,64479,,,,
32,,,64479,,0.06650223582983017,,
,,0.001,64489,,,,
32,,,64489,,0.06451774388551712,,
,,0.001,64499,,,,
32,,,64499,,0.0678587332367897,,
,,0.001,64509,,,,
32,,,64509,,0.06525932252407074,,
,,0.001,64519,,,,
32,,,64519,,0.06677514314651489,,
,,0.001,64529,,,,
32,,,64529,,0.06379596143960953,,
,,0.001,64539,,,,
32,,,64539,,0.0688348338007927,,
,,0.001,64549,,,,
32,,,64549,,0.06857436895370483,,
,,0.001,64559,,,,
32,,,64559,,0.06639774888753891,,
,,0.001,64569,,,,
32,,,64569,,0.06590945273637772,,
,,0.001,64579,,,,
32,,,64579,,0.07041069865226746,,
,,0.001,64589,,,,
32,,,64589,,0.06567493081092834,,
,,0.001,64599,,,,
32,,,64599,,0.06526120007038116,,
,,0.001,64609,,,,
32,,,64609,,0.06536657363176346,,
,,0.001,64619,,,,
32,,,64619,,0.0679953470826149,,
,,0.001,64629,,,,
32,,,64629,,0.06547517329454422,,
,,0.001,64639,,,,
32,,,64639,,0.06337815523147583,,
,,0.001,64649,,,,
32,,,64649,,0.06455537676811218,,
,,0.001,64659,,,,
32,,,64659,,0.06438859552145004,,
,,0.001,64669,,,,
32,,,64669,,0.06538289040327072,,
,,0.001,64679,,,,
32,,,64679,,0.06807482242584229,,
,,0.001,64689,,,,
32,,,64689,,0.06700673699378967,,
,,0.001,64699,,,,
32,,,64699,,0.0682310163974762,,
,,0.001,64709,,,,
32,,,64709,,0.06605169177055359,,
,,0.001,64719,,,,
32,,,64719,,0.06624076515436172,,
,,0.001,64729,,,,
32,,,64729,,0.06365574151277542,,
,,0.001,64739,,,,
32,,,64739,,0.0674658864736557,,
,,0.001,64749,,,,
32,,,64749,,0.06280414760112762,,
,,0.001,64759,,,,
32,,,64759,,0.06462334841489792,,
,,0.001,64769,,,,
32,,,64769,,0.061964984983205795,,
,,0.001,64779,,,,
32,,,64779,,0.06502871960401535,,
,,0.001,64789,,,,
32,,,64789,,0.06501582264900208,,
,,0.001,64799,,,,
32,,,64799,,0.0647120252251625,,
,,0.001,64809,,,,
32,,,64809,,0.06424249708652496,,
,,0.001,64819,,,,
32,,,64819,,0.06611394882202148,,
,,0.001,64829,,,,
32,,,64829,,0.06756741553544998,,
,,0.001,64839,,,,
32,,,64839,,0.06685341894626617,,
,,0.001,64849,,,,
32,,,64849,,0.06672579795122147,,
,,0.001,64859,,,,
32,,,64859,,0.06556625664234161,,
,,0.001,64869,,,,
32,,,64869,,0.0648103803396225,,
,,0.001,64879,,,,
32,,,64879,,0.06626194715499878,,
,,0.001,64889,,,,
32,,,64889,,0.06470490992069244,,
,,0.001,64899,,,,
32,,,64899,,0.0647568479180336,,
,,0.001,64909,,,,
32,,,64909,,0.06616827100515366,,
,,0.001,64919,,,,
32,,,64919,,0.06505585461854935,,
,,0.001,64929,,,,
32,,,64929,,0.06653280556201935,,
,,0.001,64939,,,,
32,,,64939,,0.0635209009051323,,
,,0.001,64949,,,,
32,,,64949,,0.06589001417160034,,
,,0.001,64959,,,,
32,,,64959,,0.06956278532743454,,
,,0.001,64969,,,,
32,,,64969,,0.0681738406419754,,
,,0.001,64979,,,,
32,,,64979,,0.06762178242206573,,
,,0.001,64989,,,,
32,,,64989,,0.06630424410104752,,
,,0.001,64999,,,,
32,,,64999,,0.0662064328789711,,
,,0.001,65009,,,,
32,,,65009,,0.06559618562459946,,
,,0.001,65019,,,,
32,,,65019,,0.06438939273357391,,
,,0.001,65029,,,,
32,,,65029,,0.06514033675193787,,
,,0.001,65039,,,,
32,,,65039,,0.06422218680381775,,
,,0.001,65049,,,,
32,,,65049,,0.06647910922765732,,
,,0.001,65059,,,,
32,,,65059,,0.0640387311577797,,
,,0.001,65069,,,,
32,,,65069,,0.06659796833992004,,
,,0.001,65079,,,,
32,,,65079,,0.066533163189888,,
,,0.001,65089,,,,
32,,,65089,,0.06743066012859344,,
,,0.001,65099,,,,
32,,,65099,,0.06793276965618134,,
,,0.001,65109,,,,
32,,,65109,,0.06646223366260529,,
,,0.001,65119,,,,
32,,,65119,,0.06721094995737076,,
,,0.001,65129,,,,
32,,,65129,,0.06706050783395767,,
,,0.001,65139,,,,
32,,,65139,,0.06585513800382614,,
,,0.001,65149,,,,
32,,,65149,,0.06710517406463623,,
,,0.001,65159,,,,
32,,,65159,,0.06711806356906891,,
,,0.001,65169,,,,
32,,,65169,,0.06887556612491608,,
,,0.001,65179,,,,
32,,,65179,,0.06598151475191116,,
,,0.001,65189,,,,
32,,,65189,,0.06605660170316696,,
,,0.001,65199,,,,
32,,,65199,,0.06756217032670975,,
,,0.001,65209,,,,
32,,,65209,,0.06569555401802063,,
,,0.001,65219,,,,
32,,,65219,,0.06577455252408981,,
,,0.001,65229,,,,
32,,,65229,,0.06644070148468018,,
,,0.001,65239,,,,
32,,,65239,,0.06555581092834473,,
,,0.001,65249,,,,
32,,,65249,,0.0650491937994957,,
,,0.001,65259,,,,
32,,,65259,,0.06466764211654663,,
,,0.001,65269,,,,
32,,,65269,,0.06556865572929382,,
,,0.001,65279,,,,
32,,,65279,,0.06575170159339905,,
,,0.001,65289,,,,
32,,,65289,,0.06753289699554443,,
,,0.001,65299,,,,
32,,,65299,,0.0681026354432106,,
,,0.001,65309,,,,
32,,,65309,,0.06691883504390717,,
,,0.001,65319,,,,
32,,,65319,,0.06488502770662308,,
,,0.001,65329,,,,
32,,,65329,,0.06604055315256119,,
,,0.001,65339,,,,
32,,,65339,,0.06583946943283081,,
,,0.001,65349,,,,
32,,,65349,,0.06533318758010864,,
,,0.001,65359,,,,
32,,,65359,,0.06761932373046875,,
,,0.001,65369,,,,
32,,,65369,,0.06662718206644058,,
,,0.001,65379,,,,
32,,,65379,,0.06585458666086197,,
,,0.001,65389,,,,
32,,,65389,,0.06541518121957779,,
,,0.001,65399,,,,
32,,,65399,,0.0665920153260231,,
,,0.001,65409,,,,
32,,,65409,,0.06703108549118042,,
,,0.001,65419,,,,
32,,,65419,,0.06691455841064453,,
,,0.001,65429,,,,
32,,,65429,,0.06617938727140427,,
,,0.001,65439,,,,
32,,,65439,,0.06603997945785522,,
,,0.001,65449,,,,
32,,,65449,,0.06792904436588287,,
,,0.001,65459,,,,
32,,,65459,,0.06512051075696945,,
,,0.001,65469,,,,
32,,,65469,,0.0672416239976883,,
,,0.001,65479,,,,
32,,,65479,,0.06962856650352478,,
,,0.001,65489,,,,
32,,,65489,,0.06377894431352615,,
,,0.001,65499,,,,
32,,,65499,,0.06543680280447006,,
,,0.001,65509,,,,
32,,,65509,,0.06568866223096848,,
,,0.001,65519,,,,
32,,,65519,,0.06650186330080032,,
,,0.001,65529,,,,
32,,,65529,,0.06607593595981598,,
,,0.001,65539,,,,
32,,,65539,,0.06509553641080856,,
,,0.001,65549,,,,
32,,,65549,,0.068231500685215,,
,,0.001,65559,,,,
32,,,65559,,0.06621456891298294,,
,,0.001,65569,,,,
32,,,65569,,0.0669272392988205,,
,,0.001,65579,,,,
32,,,65579,,0.06581373512744904,,
,,0.001,65589,,,,
32,,,65589,,0.06259795278310776,,
,,0.001,65599,,,,
32,,,65599,,0.06301464885473251,,
,,0.001,65609,,,,
32,,,65609,,0.06671252846717834,,
,,0.001,65619,,,,
32,,,65619,,0.06498432904481888,,
,,0.001,65629,,,,
32,,,65629,,0.06446269899606705,,
,,0.001,65639,,,,
32,,,65639,,0.0671774297952652,,
,,0.001,65649,,,,
32,,,65649,,0.06872715801000595,,
,,0.001,65659,,,,
32,,,65659,,0.0664563924074173,,
,,0.001,65669,,,,
32,,,65669,,0.06689753383398056,,
,,0.001,65679,,,,
32,,,65679,,0.06456076353788376,,
,,0.001,65689,,,,
32,,,65689,,0.0677417665719986,,
,,0.001,65699,,,,
32,,,65699,,0.07127626240253448,,
,,0.001,65709,,,,
32,,,65709,,0.06746901571750641,,
,,0.001,65719,,,,
32,,,65719,,0.06697928160429001,,
,,0.001,65729,,,,
32,,,65729,,0.06740410625934601,,
,,0.001,65739,,,,
32,,,65739,,0.06585793942213058,,
,,0.001,65749,,,,
32,,,65749,,0.06594589352607727,,
,,0.001,65759,,,,
32,,,65759,,0.0630732849240303,,
,,0.001,65769,,,,
32,,,65769,,0.0633813738822937,,
,,0.001,65779,,,,
32,,,65779,,0.06266376376152039,,
,,0.001,65789,,,,
32,,,65789,,0.06493452936410904,,
,,0.001,65799,,,,
32,,,65799,,0.0641942024230957,,
,,0.001,65809,,,,
32,,,65809,,0.06301815807819366,,
,,0.001,65819,,,,
32,,,65819,,0.06606167554855347,,
,,0.001,65829,,,,
32,,,65829,,0.06561601907014847,,
,,0.001,65839,,,,
32,,,65839,,0.0643492192029953,,
,,0.001,65849,,,,
32,,,65849,,0.06635672599077225,,
,,0.001,65859,,,,
32,,,65859,,0.07055581361055374,,
,,0.001,65869,,,,
32,,,65869,,0.06579937785863876,,
,,0.001,65879,,,,
32,,,65879,,0.06494256854057312,,
,,0.001,65889,,,,
32,,,65889,,0.06778576970100403,,
,,0.001,65899,,,,
32,,,65899,,0.06233985349535942,,
,,0.001,65909,,,,
32,,,65909,,0.06548457592725754,,
,,0.001,65919,,,,
32,,,65919,,0.06471371650695801,,
,,0.001,65929,,,,
32,,,65929,,0.06408636271953583,,
,,0.001,65939,,,,
32,,,65939,,0.06664077937602997,,
,,0.001,65949,,,,
32,,,65949,,0.066092848777771,,
,,0.001,65959,,,,
32,,,65959,,0.06495267152786255,,
,,0.001,65969,,,,
32,,,65969,,0.0676986500620842,,
,,0.001,65979,,,,
32,,,65979,,0.06629543751478195,,
,,0.001,65989,,,,
32,,,65989,,0.06781303137540817,,
,,0.001,65999,,,,
32,,,65999,,0.06576576828956604,,
,,,1600,,,,0.06548798829317093
,,,1601,,,,0.06768444925546646
,,,1602,,,,0.06479783356189728
,,,1603,,,,0.06579726189374924
,,,1604,,,,0.06574205309152603
,,,1605,,,,0.06518294662237167
,,,1606,,,,0.06672383099794388
,,,1607,,,,0.06526468694210052
,,,1608,,,,0.06643442064523697
,,,1609,,,,0.0659053698182106
,,,1610,,,,0.06607648730278015
,,,1611,,,,0.06581626832485199
,,,1612,,,,0.06697013229131699
,,,1613,,,,0.06669735908508301
,,,1614,,,,0.0670161098241806
,,,1615,,,,0.06750527769327164
,,,1616,,,,0.06549803167581558
,,,1617,,,,0.0646515041589737
,,,1618,,,,0.06649880111217499
,,,1619,,,,0.06612679362297058
,,,1620,,,,0.06652786582708359
,,,1621,,,,0.06608273833990097
,,,1622,,,,0.06550198793411255
,,,1623,,,,0.06624437868595123
,,,1624,,,,0.06561681628227234
,,,1625,,,,0.06580259650945663
,,,1626,,,,0.06669702380895615
,,,1627,,,,0.06528160721063614
,,,1628,,,,0.06562012434005737
,,,1629,,,,0.06524937599897385
,,,1630,,,,0.06514351069927216
,,,1631,,,,0.06525811553001404
,,,1632,,,,0.06527348607778549
,,,1633,,,,0.06491167098283768
,,,1634,,,,0.06674216687679291
,,,1635,,,,0.06521781533956528
,,,1636,,,,0.0657879188656807
,,,1637,,,,0.06675264984369278
,,,1638,,,,0.06589775532484055
,,,1639,,,,0.06553848832845688
,,,1640,,,,0.06648527830839157
,,,1641,,,,0.06555726379156113
,,,1642,,,,0.06451407074928284
,,,1643,,,,0.06541693210601807
,,,1644,,,,0.06462618708610535
,,,1645,,,,0.06438758969306946
,,,1646,,,,0.0650850161910057
,,,1647,,,,0.0654236227273941
,,,1648,,,,0.06615076959133148
,,,1649,,,,0.06585009396076202
32,,,65999,,,0.06581045687198639,
32,8.454023361206055,,65999,0.06593641638755798,,,
,,0.001,66009,,,,
33,,,66009,,0.06629231572151184,,
,,0.001,66019,,,,
33,,,66019,,0.06600341945886612,,
,,0.001,66029,,,,
33,,,66029,,0.06938832253217697,,
,,0.001,66039,,,,
33,,,66039,,0.06439349800348282,,
,,0.001,66049,,,,
33,,,66049,,0.0642714723944664,,
,,0.001,66059,,,,
33,,,66059,,0.06328882277011871,,
,,0.001,66069,,,,
33,,,66069,,0.06835825741291046,,
,,0.001,66079,,,,
33,,,66079,,0.06764674931764603,,
,,0.001,66089,,,,
33,,,66089,,0.06713822484016418,,
,,0.001,66099,,,,
33,,,66099,,0.07161586731672287,,
,,0.001,66109,,,,
33,,,66109,,0.06649419665336609,,
,,0.001,66119,,,,
33,,,66119,,0.06829105317592621,,
,,0.001,66129,,,,
33,,,66129,,0.0642666295170784,,
,,0.001,66139,,,,
33,,,66139,,0.06704643368721008,,
,,0.001,66149,,,,
33,,,66149,,0.06354881823062897,,
,,0.001,66159,,,,
33,,,66159,,0.06361767649650574,,
,,0.001,66169,,,,
33,,,66169,,0.06734615564346313,,
,,0.001,66179,,,,
33,,,66179,,0.06609924137592316,,
,,0.001,66189,,,,
33,,,66189,,0.0675477385520935,,
,,0.001,66199,,,,
33,,,66199,,0.06368345022201538,,
,,0.001,66209,,,,
33,,,66209,,0.0660812184214592,,
,,0.001,66219,,,,
33,,,66219,,0.0648273304104805,,
,,0.001,66229,,,,
33,,,66229,,0.06492321193218231,,
,,0.001,66239,,,,
33,,,66239,,0.0690758153796196,,
,,0.001,66249,,,,
33,,,66249,,0.06783454120159149,,
,,0.001,66259,,,,
33,,,66259,,0.06544871628284454,,
,,0.001,66269,,,,
33,,,66269,,0.06705299019813538,,
,,0.001,66279,,,,
33,,,66279,,0.06563973426818848,,
,,0.001,66289,,,,
33,,,66289,,0.06247108057141304,,
,,0.001,66299,,,,
33,,,66299,,0.06574195623397827,,
,,0.001,66309,,,,
33,,,66309,,0.06486910581588745,,
,,0.001,66319,,,,
33,,,66319,,0.06390854716300964,,
,,0.001,66329,,,,
33,,,66329,,0.06748294830322266,,
,,0.001,66339,,,,
33,,,66339,,0.06580989062786102,,
,,0.001,66349,,,,
33,,,66349,,0.06659578531980515,,
,,0.001,66359,,,,
33,,,66359,,0.06541769206523895,,
,,0.001,66369,,,,
33,,,66369,,0.06723363697528839,,
,,0.001,66379,,,,
33,,,66379,,0.06297191232442856,,
,,0.001,66389,,,,
33,,,66389,,0.06498141586780548,,
,,0.001,66399,,,,
33,,,66399,,0.06564554572105408,,
,,0.001,66409,,,,
33,,,66409,,0.06457670032978058,,
,,0.001,66419,,,,
33,,,66419,,0.06572920083999634,,
,,0.001,66429,,,,
33,,,66429,,0.06564782559871674,,
,,0.001,66439,,,,
33,,,66439,,0.06450307369232178,,
,,0.001,66449,,,,
33,,,66449,,0.06806515157222748,,
,,0.001,66459,,,,
33,,,66459,,0.06795918196439743,,
,,0.001,66469,,,,
33,,,66469,,0.06667404621839523,,
,,0.001,66479,,,,
33,,,66479,,0.06392432004213333,,
,,0.001,66489,,,,
33,,,66489,,0.06689735502004623,,
,,0.001,66499,,,,
33,,,66499,,0.06862345337867737,,
,,0.001,66509,,,,
33,,,66509,,0.06525036692619324,,
,,0.001,66519,,,,
33,,,66519,,0.06500094383955002,,
,,0.001,66529,,,,
33,,,66529,,0.06511638313531876,,
,,0.001,66539,,,,
33,,,66539,,0.06977735459804535,,
,,0.001,66549,,,,
33,,,66549,,0.06485287100076675,,
,,0.001,66559,,,,
33,,,66559,,0.06467542797327042,,
,,0.001,66569,,,,
33,,,66569,,0.06767981499433517,,
,,0.001,66579,,,,
33,,,66579,,0.06613851338624954,,
,,0.001,66589,,,,
33,,,66589,,0.06517305970191956,,
,,0.001,66599,,,,
33,,,66599,,0.06459187716245651,,
,,0.001,66609,,,,
33,,,66609,,0.06529474258422852,,
,,0.001,66619,,,,
33,,,66619,,0.06640182435512543,,
,,0.001,66629,,,,
33,,,66629,,0.06826937198638916,,
,,0.001,66639,,,,
33,,,66639,,0.06275131553411484,,
,,0.001,66649,,,,
33,,,66649,,0.06602424383163452,,
,,0.001,66659,,,,
33,,,66659,,0.06365719437599182,,
,,0.001,66669,,,,
33,,,66669,,0.0679338276386261,,
,,0.001,66679,,,,
33,,,66679,,0.06863360852003098,,
,,0.001,66689,,,,
33,,,66689,,0.06301981955766678,,
,,0.001,66699,,,,
33,,,66699,,0.06834761053323746,,
,,0.001,66709,,,,
33,,,66709,,0.06358876824378967,,
,,0.001,66719,,,,
33,,,66719,,0.06781615316867828,,
,,0.001,66729,,,,
33,,,66729,,0.06543248146772385,,
,,0.001,66739,,,,
33,,,66739,,0.06713473796844482,,
,,0.001,66749,,,,
33,,,66749,,0.06346417963504791,,
,,0.001,66759,,,,
33,,,66759,,0.06546410918235779,,
,,0.001,66769,,,,
33,,,66769,,0.06335737556219101,,
,,0.001,66779,,,,
33,,,66779,,0.06651288270950317,,
,,0.001,66789,,,,
33,,,66789,,0.06561290472745895,,
,,0.001,66799,,,,
33,,,66799,,0.06610966473817825,,
,,0.001,66809,,,,
33,,,66809,,0.064992755651474,,
,,0.001,66819,,,,
33,,,66819,,0.06636294722557068,,
,,0.001,66829,,,,
33,,,66829,,0.06665588170289993,,
,,0.001,66839,,,,
33,,,66839,,0.06614473462104797,,
,,0.001,66849,,,,
33,,,66849,,0.06489859521389008,,
,,0.001,66859,,,,
33,,,66859,,0.06583207845687866,,
,,0.001,66869,,,,
33,,,66869,,0.06631322205066681,,
,,0.001,66879,,,,
33,,,66879,,0.06711684167385101,,
,,0.001,66889,,,,
33,,,66889,,0.06554140895605087,,
,,0.001,66899,,,,
33,,,66899,,0.06470798701047897,,
,,0.001,66909,,,,
33,,,66909,,0.06417682766914368,,
,,0.001,66919,,,,
33,,,66919,,0.06641650944948196,,
,,0.001,66929,,,,
33,,,66929,,0.06586569547653198,,
,,0.001,66939,,,,
33,,,66939,,0.0688096135854721,,
,,0.001,66949,,,,
33,,,66949,,0.06548622995615005,,
,,0.001,66959,,,,
33,,,66959,,0.06845723092556,,
,,0.001,66969,,,,
33,,,66969,,0.06854336708784103,,
,,0.001,66979,,,,
33,,,66979,,0.06737062335014343,,
,,0.001,66989,,,,
33,,,66989,,0.06423076242208481,,
,,0.001,66999,,,,
33,,,66999,,0.06766164302825928,,
,,0.001,67009,,,,
33,,,67009,,0.06574089825153351,,
,,0.001,67019,,,,
33,,,67019,,0.06340473145246506,,
,,0.001,67029,,,,
33,,,67029,,0.06338533759117126,,
,,0.001,67039,,,,
33,,,67039,,0.0650758445262909,,
,,0.001,67049,,,,
33,,,67049,,0.06524718552827835,,
,,0.001,67059,,,,
33,,,67059,,0.0630640909075737,,
,,0.001,67069,,,,
33,,,67069,,0.0657728761434555,,
,,0.001,67079,,,,
33,,,67079,,0.06627977639436722,,
,,0.001,67089,,,,
33,,,67089,,0.06542111933231354,,
,,0.001,67099,,,,
33,,,67099,,0.06896147131919861,,
,,0.001,67109,,,,
33,,,67109,,0.06706259399652481,,
,,0.001,67119,,,,
33,,,67119,,0.06682506203651428,,
,,0.001,67129,,,,
33,,,67129,,0.06806498020887375,,
,,0.001,67139,,,,
33,,,67139,,0.0660383328795433,,
,,0.001,67149,,,,
33,,,67149,,0.06678211688995361,,
,,0.001,67159,,,,
33,,,67159,,0.06685733050107956,,
,,0.001,67169,,,,
33,,,67169,,0.06868834793567657,,
,,0.001,67179,,,,
33,,,67179,,0.06405392289161682,,
,,0.001,67189,,,,
33,,,67189,,0.06578003615140915,,
,,0.001,67199,,,,
33,,,67199,,0.06490238010883331,,
,,0.001,67209,,,,
33,,,67209,,0.06395560503005981,,
,,0.001,67219,,,,
33,,,67219,,0.06538257002830505,,
,,0.001,67229,,,,
33,,,67229,,0.06706628203392029,,
,,0.001,67239,,,,
33,,,67239,,0.062702976167202,,
,,0.001,67249,,,,
33,,,67249,,0.06413371860980988,,
,,0.001,67259,,,,
33,,,67259,,0.06480458378791809,,
,,0.001,67269,,,,
33,,,67269,,0.06415586173534393,,
,,0.001,67279,,,,
33,,,67279,,0.06638814508914948,,
,,0.001,67289,,,,
33,,,67289,,0.06359484791755676,,
,,0.001,67299,,,,
33,,,67299,,0.06421542912721634,,
,,0.001,67309,,,,
33,,,67309,,0.06593162566423416,,
,,0.001,67319,,,,
33,,,67319,,0.06640450656414032,,
,,0.001,67329,,,,
33,,,67329,,0.06885048002004623,,
,,0.001,67339,,,,
33,,,67339,,0.067899189889431,,
,,0.001,67349,,,,
33,,,67349,,0.06569632142782211,,
,,0.001,67359,,,,
33,,,67359,,0.06747740507125854,,
,,0.001,67369,,,,
33,,,67369,,0.06889308989048004,,
,,0.001,67379,,,,
33,,,67379,,0.06450430303812027,,
,,0.001,67389,,,,
33,,,67389,,0.06664210557937622,,
,,0.001,67399,,,,
33,,,67399,,0.06569963693618774,,
,,0.001,67409,,,,
33,,,67409,,0.0636427104473114,,
,,0.001,67419,,,,
33,,,67419,,0.06857936084270477,,
,,0.001,67429,,,,
33,,,67429,,0.06492268294095993,,
,,0.001,67439,,,,
33,,,67439,,0.06489796191453934,,
,,0.001,67449,,,,
33,,,67449,,0.06528311967849731,,
,,0.001,67459,,,,
33,,,67459,,0.06588654965162277,,
,,0.001,67469,,,,
33,,,67469,,0.0648648738861084,,
,,0.001,67479,,,,
33,,,67479,,0.06769626587629318,,
,,0.001,67489,,,,
33,,,67489,,0.06577575951814651,,
,,0.001,67499,,,,
33,,,67499,,0.07006479054689407,,
,,0.001,67509,,,,
33,,,67509,,0.06728371977806091,,
,,0.001,67519,,,,
33,,,67519,,0.06524886935949326,,
,,0.001,67529,,,,
33,,,67529,,0.06555712223052979,,
,,0.001,67539,,,,
33,,,67539,,0.0685088038444519,,
,,0.001,67549,,,,
33,,,67549,,0.06716395169496536,,
,,0.001,67559,,,,
33,,,67559,,0.06709136068820953,,
,,0.001,67569,,,,
33,,,67569,,0.0670354887843132,,
,,0.001,67579,,,,
33,,,67579,,0.06417150050401688,,
,,0.001,67589,,,,
33,,,67589,,0.06273609399795532,,
,,0.001,67599,,,,
33,,,67599,,0.06374172121286392,,
,,0.001,67609,,,,
33,,,67609,,0.07078193873167038,,
,,0.001,67619,,,,
33,,,67619,,0.06426111608743668,,
,,0.001,67629,,,,
33,,,67629,,0.06872324645519257,,
,,0.001,67639,,,,
33,,,67639,,0.06607380509376526,,
,,0.001,67649,,,,
33,,,67649,,0.06466840952634811,,
,,0.001,67659,,,,
33,,,67659,,0.0649552121758461,,
,,0.001,67669,,,,
33,,,67669,,0.06260289251804352,,
,,0.001,67679,,,,
33,,,67679,,0.06476162374019623,,
,,0.001,67689,,,,
33,,,67689,,0.06731892377138138,,
,,0.001,67699,,,,
33,,,67699,,0.06754367798566818,,
,,0.001,67709,,,,
33,,,67709,,0.06695355474948883,,
,,0.001,67719,,,,
33,,,67719,,0.06534228473901749,,
,,0.001,67729,,,,
33,,,67729,,0.06683015078306198,,
,,0.001,67739,,,,
33,,,67739,,0.06464149057865143,,
,,0.001,67749,,,,
33,,,67749,,0.06310627609491348,,
,,0.001,67759,,,,
33,,,67759,,0.06458936631679535,,
,,0.001,67769,,,,
33,,,67769,,0.06152184307575226,,
,,0.001,67779,,,,
33,,,67779,,0.0656806081533432,,
,,0.001,67789,,,,
33,,,67789,,0.0650421530008316,,
,,0.001,67799,,,,
33,,,67799,,0.06516662985086441,,
,,0.001,67809,,,,
33,,,67809,,0.06383455544710159,,
,,0.001,67819,,,,
33,,,67819,,0.06658542901277542,,
,,0.001,67829,,,,
33,,,67829,,0.06720107048749924,,
,,0.001,67839,,,,
33,,,67839,,0.06399544328451157,,
,,0.001,67849,,,,
33,,,67849,,0.0682898759841919,,
,,0.001,67859,,,,
33,,,67859,,0.06681744009256363,,
,,0.001,67869,,,,
33,,,67869,,0.06715323030948639,,
,,0.001,67879,,,,
33,,,67879,,0.06691016256809235,,
,,0.001,67889,,,,
33,,,67889,,0.06410357356071472,,
,,0.001,67899,,,,
33,,,67899,,0.06309342384338379,,
,,0.001,67909,,,,
33,,,67909,,0.06572725623846054,,
,,0.001,67919,,,,
33,,,67919,,0.06688521802425385,,
,,0.001,67929,,,,
33,,,67929,,0.06587129831314087,,
,,0.001,67939,,,,
33,,,67939,,0.0647701546549797,,
,,0.001,67949,,,,
33,,,67949,,0.06468568742275238,,
,,0.001,67959,,,,
33,,,67959,,0.06655324995517731,,
,,0.001,67969,,,,
33,,,67969,,0.06429429352283478,,
,,0.001,67979,,,,
33,,,67979,,0.06596849858760834,,
,,0.001,67989,,,,
33,,,67989,,0.0682956650853157,,
,,0.001,67999,,,,
33,,,67999,,0.06680408120155334,,
,,,1650,,,,0.06604224443435669
,,,1651,,,,0.06819532811641693
,,,1652,,,,0.06531474739313126
,,,1653,,,,0.0664074718952179
,,,1654,,,,0.06594162434339523
,,,1655,,,,0.06568791717290878
,,,1656,,,,0.06720216572284698
,,,1657,,,,0.06589990854263306
,,,1658,,,,0.06701628118753433
,,,1659,,,,0.06648644804954529
,,,1660,,,,0.06645162403583527
,,,1661,,,,0.06624431163072586
,,,1662,,,,0.067417211830616
,,,1663,,,,0.06711399555206299
,,,1664,,,,0.06729710102081299
,,,1665,,,,0.06813015788793564
,,,1666,,,,0.065883107483387
,,,1667,,,,0.06515245884656906
,,,1668,,,,0.06702398508787155
,,,1669,,,,0.06654540449380875
,,,1670,,,,0.06712044775485992
,,,1671,,,,0.06665507704019547
,,,1672,,,,0.066176638007164
,,,1673,,,,0.06683963537216187
,,,1674,,,,0.06619974225759506
,,,1675,,,,0.06625884026288986
,,,1676,,,,0.06718771159648895
,,,1677,,,,0.06577228009700775
,,,1678,,,,0.06630292534828186
,,,1679,,,,0.06584811955690384
,,,1680,,,,0.06543583422899246
,,,1681,,,,0.06571529805660248
,,,1682,,,,0.065761037170887
,,,1683,,,,0.0653807520866394
,,,1684,,,,0.06701133400201797
,,,1685,,,,0.06569726765155792
,,,1686,,,,0.06646966189146042
,,,1687,,,,0.06726343184709549
,,,1688,,,,0.06633700430393219
,,,1689,,,,0.06602048128843307
,,,1690,,,,0.06682100147008896
,,,1691,,,,0.06610100716352463
,,,1692,,,,0.06483887881040573
,,,1693,,,,0.0659370943903923
,,,1694,,,,0.06512180715799332
,,,1695,,,,0.06521116942167282
,,,1696,,,,0.06543684005737305
,,,1697,,,,0.06581688672304153
,,,1698,,,,0.06657436490058899
,,,1699,,,,0.06643187999725342
33,,,67999,,,0.06630396097898483,
33,8.155582427978516,,67999,0.06581311672925949,,,
,,0.001,68009,,,,
34,,,68009,,0.06896571815013885,,
,,0.001,68019,,,,
34,,,68019,,0.06553139537572861,,
,,0.001,68029,,,,
34,,,68029,,0.0683031678199768,,
,,0.001,68039,,,,
34,,,68039,,0.06463868916034698,,
,,0.001,68049,,,,
34,,,68049,,0.06829988956451416,,
,,0.001,68059,,,,
34,,,68059,,0.06522957235574722,,
,,0.001,68069,,,,
34,,,68069,,0.06527599692344666,,
,,0.001,68079,,,,
34,,,68079,,0.06465145200490952,,
,,0.001,68089,,,,
34,,,68089,,0.06542693078517914,,
,,0.001,68099,,,,
34,,,68099,,0.07050220668315887,,
,,0.001,68109,,,,
34,,,68109,,0.06566686928272247,,
,,0.001,68119,,,,
34,,,68119,,0.0661230981349945,,
,,0.001,68129,,,,
34,,,68129,,0.06618216633796692,,
,,0.001,68139,,,,
34,,,68139,,0.06649801135063171,,
,,0.001,68149,,,,
34,,,68149,,0.06674548983573914,,
,,0.001,68159,,,,
34,,,68159,,0.06556667387485504,,
,,0.001,68169,,,,
34,,,68169,,0.06443049013614655,,
,,0.001,68179,,,,
34,,,68179,,0.06569206714630127,,
,,0.001,68189,,,,
34,,,68189,,0.06334535032510757,,
,,0.001,68199,,,,
34,,,68199,,0.06653188169002533,,
,,0.001,68209,,,,
34,,,68209,,0.06647415459156036,,
,,0.001,68219,,,,
34,,,68219,,0.0639166310429573,,
,,0.001,68229,,,,
34,,,68229,,0.06533774733543396,,
,,0.001,68239,,,,
34,,,68239,,0.06655386090278625,,
,,0.001,68249,,,,
34,,,68249,,0.06648775190114975,,
,,0.001,68259,,,,
34,,,68259,,0.0649828389286995,,
,,0.001,68269,,,,
34,,,68269,,0.06440901011228561,,
,,0.001,68279,,,,
34,,,68279,,0.06463302671909332,,
,,0.001,68289,,,,
34,,,68289,,0.0651797205209732,,
,,0.001,68299,,,,
34,,,68299,,0.06470992416143417,,
,,0.001,68309,,,,
34,,,68309,,0.06673652678728104,,
,,0.001,68319,,,,
34,,,68319,,0.06238607317209244,,
,,0.001,68329,,,,
34,,,68329,,0.06600360572338104,,
,,0.001,68339,,,,
34,,,68339,,0.06529917567968369,,
,,0.001,68349,,,,
34,,,68349,,0.063113272190094,,
,,0.001,68359,,,,
34,,,68359,,0.06292839348316193,,
,,0.001,68369,,,,
34,,,68369,,0.06492706388235092,,
,,0.001,68379,,,,
34,,,68379,,0.06530007719993591,,
,,0.001,68389,,,,
34,,,68389,,0.06725090742111206,,
,,0.001,68399,,,,
34,,,68399,,0.06548856943845749,,
,,0.001,68409,,,,
34,,,68409,,0.06283450871706009,,
,,0.001,68419,,,,
34,,,68419,,0.06206947937607765,,
,,0.001,68429,,,,
34,,,68429,,0.0668330192565918,,
,,0.001,68439,,,,
34,,,68439,,0.06642396003007889,,
,,0.001,68449,,,,
34,,,68449,,0.06315311044454575,,
,,0.001,68459,,,,
34,,,68459,,0.0662061870098114,,
,,0.001,68469,,,,
34,,,68469,,0.06506825238466263,,
,,0.001,68479,,,,
34,,,68479,,0.0650528147816658,,
,,0.001,68489,,,,
34,,,68489,,0.06393792480230331,,
,,0.001,68499,,,,
34,,,68499,,0.06559669971466064,,
,,0.001,68509,,,,
34,,,68509,,0.0642671287059784,,
,,0.001,68519,,,,
34,,,68519,,0.06505843997001648,,
,,0.001,68529,,,,
34,,,68529,,0.06598195433616638,,
,,0.001,68539,,,,
34,,,68539,,0.06875083595514297,,
,,0.001,68549,,,,
34,,,68549,,0.06707454472780228,,
,,0.001,68559,,,,
34,,,68559,,0.06565044075250626,,
,,0.001,68569,,,,
34,,,68569,,0.06406781077384949,,
,,0.001,68579,,,,
34,,,68579,,0.0682954266667366,,
,,0.001,68589,,,,
34,,,68589,,0.06256397068500519,,
,,0.001,68599,,,,
34,,,68599,,0.0656910166144371,,
,,0.001,68609,,,,
34,,,68609,,0.06558217853307724,,
,,0.001,68619,,,,
34,,,68619,,0.0666181892156601,,
,,0.001,68629,,,,
34,,,68629,,0.06625720113515854,,
,,0.001,68639,,,,
34,,,68639,,0.06386648118495941,,
,,0.001,68649,,,,
34,,,68649,,0.06607574969530106,,
,,0.001,68659,,,,
34,,,68659,,0.06345781683921814,,
,,0.001,68669,,,,
34,,,68669,,0.06664345413446426,,
,,0.001,68679,,,,
34,,,68679,,0.06803259253501892,,
,,0.001,68689,,,,
34,,,68689,,0.06296849250793457,,
,,0.001,68699,,,,
34,,,68699,,0.0669814869761467,,
,,0.001,68709,,,,
34,,,68709,,0.06555309146642685,,
,,0.001,68719,,,,
34,,,68719,,0.06670544296503067,,
,,0.001,68729,,,,
34,,,68729,,0.06506238877773285,,
,,0.001,68739,,,,
34,,,68739,,0.06661900877952576,,
,,0.001,68749,,,,
34,,,68749,,0.06395218521356583,,
,,0.001,68759,,,,
34,,,68759,,0.0637289360165596,,
,,0.001,68769,,,,
34,,,68769,,0.06375819444656372,,
,,0.001,68779,,,,
34,,,68779,,0.0662933737039566,,
,,0.001,68789,,,,
34,,,68789,,0.06557843089103699,,
,,0.001,68799,,,,
34,,,68799,,0.06259889155626297,,
,,0.001,68809,,,,
34,,,68809,,0.06617975980043411,,
,,0.001,68819,,,,
34,,,68819,,0.0682244822382927,,
,,0.001,68829,,,,
34,,,68829,,0.06485556066036224,,
,,0.001,68839,,,,
34,,,68839,,0.06782594323158264,,
,,0.001,68849,,,,
34,,,68849,,0.06417813897132874,,
,,0.001,68859,,,,
34,,,68859,,0.06674192100763321,,
,,0.001,68869,,,,
34,,,68869,,0.06500644981861115,,
,,0.001,68879,,,,
34,,,68879,,0.06409654766321182,,
,,0.001,68889,,,,
34,,,68889,,0.064809150993824,,
,,0.001,68899,,,,
34,,,68899,,0.06402946263551712,,
,,0.001,68909,,,,
34,,,68909,,0.06414517760276794,,
,,0.001,68919,,,,
34,,,68919,,0.06414564698934555,,
,,0.001,68929,,,,
34,,,68929,,0.06650840491056442,,
,,0.001,68939,,,,
34,,,68939,,0.06581468135118484,,
,,0.001,68949,,,,
34,,,68949,,0.06684363633394241,,
,,0.001,68959,,,,
34,,,68959,,0.06381674855947495,,
,,0.001,68969,,,,
34,,,68969,,0.06752428412437439,,
,,0.001,68979,,,,
34,,,68979,,0.0664302334189415,,
,,0.001,68989,,,,
34,,,68989,,0.06632159650325775,,
,,0.001,68999,,,,
34,,,68999,,0.06719847768545151,,
,,0.001,69009,,,,
34,,,69009,,0.06429441273212433,,
,,0.001,69019,,,,
34,,,69019,,0.06292323023080826,,
,,0.001,69029,,,,
34,,,69029,,0.06419792026281357,,
,,0.001,69039,,,,
34,,,69039,,0.06317977607250214,,
,,0.001,69049,,,,
34,,,69049,,0.06639616191387177,,
,,0.001,69059,,,,
34,,,69059,,0.06396501511335373,,
,,0.001,69069,,,,
34,,,69069,,0.06559479236602783,,
,,0.001,69079,,,,
34,,,69079,,0.06584715843200684,,
,,0.001,69089,,,,
34,,,69089,,0.06536364555358887,,
,,0.001,69099,,,,
34,,,69099,,0.06495173275470734,,
,,0.001,69109,,,,
34,,,69109,,0.0631914809346199,,
,,0.001,69119,,,,
34,,,69119,,0.06688571721315384,,
,,0.001,69129,,,,
34,,,69129,,0.06545581668615341,,
,,0.001,69139,,,,
34,,,69139,,0.06541220098733902,,
,,0.001,69149,,,,
34,,,69149,,0.06684169918298721,,
,,0.001,69159,,,,
34,,,69159,,0.06598757207393646,,
,,0.001,69169,,,,
34,,,69169,,0.06507019698619843,,
,,0.001,69179,,,,
34,,,69179,,0.06275144964456558,,
,,0.001,69189,,,,
34,,,69189,,0.06655879318714142,,
,,0.001,69199,,,,
34,,,69199,,0.06664049625396729,,
,,0.001,69209,,,,
34,,,69209,,0.06702810525894165,,
,,0.001,69219,,,,
34,,,69219,,0.06736967712640762,,
,,0.001,69229,,,,
34,,,69229,,0.06526535004377365,,
,,0.001,69239,,,,
34,,,69239,,0.06508167088031769,,
,,0.001,69249,,,,
34,,,69249,,0.0634947270154953,,
,,0.001,69259,,,,
34,,,69259,,0.06658324599266052,,
,,0.001,69269,,,,
34,,,69269,,0.0634102150797844,,
,,0.001,69279,,,,
34,,,69279,,0.06695444881916046,,
,,0.001,69289,,,,
34,,,69289,,0.06521905958652496,,
,,0.001,69299,,,,
34,,,69299,,0.06498027592897415,,
,,0.001,69309,,,,
34,,,69309,,0.0640159323811531,,
,,0.001,69319,,,,
34,,,69319,,0.06612929701805115,,
,,0.001,69329,,,,
34,,,69329,,0.06798534095287323,,
,,0.001,69339,,,,
34,,,69339,,0.06674141436815262,,
,,0.001,69349,,,,
34,,,69349,,0.06637415289878845,,
,,0.001,69359,,,,
34,,,69359,,0.06506569683551788,,
,,0.001,69369,,,,
34,,,69369,,0.06442701071500778,,
,,0.001,69379,,,,
34,,,69379,,0.06825415045022964,,
,,0.001,69389,,,,
34,,,69389,,0.06536412984132767,,
,,0.001,69399,,,,
34,,,69399,,0.0668989047408104,,
,,0.001,69409,,,,
34,,,69409,,0.06670618802309036,,
,,0.001,69419,,,,
34,,,69419,,0.06614861637353897,,
,,0.001,69429,,,,
34,,,69429,,0.0647658109664917,,
,,0.001,69439,,,,
34,,,69439,,0.06733658164739609,,
,,0.001,69449,,,,
34,,,69449,,0.0637863278388977,,
,,0.001,69459,,,,
34,,,69459,,0.06785155087709427,,
,,0.001,69469,,,,
34,,,69469,,0.06708043813705444,,
,,0.001,69479,,,,
34,,,69479,,0.06548132002353668,,
,,0.001,69489,,,,
34,,,69489,,0.06426383554935455,,
,,0.001,69499,,,,
34,,,69499,,0.06723234802484512,,
,,0.001,69509,,,,
34,,,69509,,0.0653693899512291,,
,,0.001,69519,,,,
34,,,69519,,0.06534220278263092,,
,,0.001,69529,,,,
34,,,69529,,0.06642260402441025,,
,,0.001,69539,,,,
34,,,69539,,0.06669288128614426,,
,,0.001,69549,,,,
34,,,69549,,0.06788530200719833,,
,,0.001,69559,,,,
34,,,69559,,0.06587076932191849,,
,,0.001,69569,,,,
34,,,69569,,0.0669279471039772,,
,,0.001,69579,,,,
34,,,69579,,0.06339830160140991,,
,,0.001,69589,,,,
34,,,69589,,0.0666155070066452,,
,,0.001,69599,,,,
34,,,69599,,0.06436121463775635,,
,,0.001,69609,,,,
34,,,69609,,0.06683726608753204,,
,,0.001,69619,,,,
34,,,69619,,0.06661267578601837,,
,,0.001,69629,,,,
34,,,69629,,0.06454335898160934,,
,,0.001,69639,,,,
34,,,69639,,0.06690497696399689,,
,,0.001,69649,,,,
34,,,69649,,0.06583400815725327,,
,,0.001,69659,,,,
34,,,69659,,0.06665699928998947,,
,,0.001,69669,,,,
34,,,69669,,0.06226480007171631,,
,,0.001,69679,,,,
34,,,69679,,0.06307737529277802,,
,,0.001,69689,,,,
34,,,69689,,0.06618394702672958,,
,,0.001,69699,,,,
34,,,69699,,0.06937792897224426,,
,,0.001,69709,,,,
34,,,69709,,0.06472845375537872,,
,,0.001,69719,,,,
34,,,69719,,0.06579110026359558,,
,,0.001,69729,,,,
34,,,69729,,0.06446575373411179,,
,,0.001,69739,,,,
34,,,69739,,0.06501554697751999,,
,,0.001,69749,,,,
34,,,69749,,0.0645742192864418,,
,,0.001,69759,,,,
34,,,69759,,0.06624085456132889,,
,,0.001,69769,,,,
34,,,69769,,0.06154327839612961,,
,,0.001,69779,,,,
34,,,69779,,0.06405976414680481,,
,,0.001,69789,,,,
34,,,69789,,0.06704413890838623,,
,,0.001,69799,,,,
34,,,69799,,0.06511843204498291,,
,,0.001,69809,,,,
34,,,69809,,0.06541768461465836,,
,,0.001,69819,,,,
34,,,69819,,0.06367682665586472,,
,,0.001,69829,,,,
34,,,69829,,0.06653741002082825,,
,,0.001,69839,,,,
34,,,69839,,0.06360026448965073,,
,,0.001,69849,,,,
34,,,69849,,0.06448570638895035,,
,,0.001,69859,,,,
34,,,69859,,0.06630779802799225,,
,,0.001,69869,,,,
34,,,69869,,0.06599514931440353,,
,,0.001,69879,,,,
34,,,69879,,0.06542353332042694,,
,,0.001,69889,,,,
34,,,69889,,0.064433254301548,,
,,0.001,69899,,,,
34,,,69899,,0.06390029937028885,,
,,0.001,69909,,,,
34,,,69909,,0.0650145411491394,,
,,0.001,69919,,,,
34,,,69919,,0.06499737501144409,,
,,0.001,69929,,,,
34,,,69929,,0.06449554115533829,,
,,0.001,69939,,,,
34,,,69939,,0.06583348661661148,,
,,0.001,69949,,,,
34,,,69949,,0.06439203023910522,,
,,0.001,69959,,,,
34,,,69959,,0.0668938010931015,,
,,0.001,69969,,,,
34,,,69969,,0.06615936011075974,,
,,0.001,69979,,,,
34,,,69979,,0.06457020342350006,,
,,0.001,69989,,,,
34,,,69989,,0.06735572963953018,,
,,0.001,69999,,,,
34,,,69999,,0.06525226682424545,,
,,,1700,,,,0.06499280035495758
,,,1701,,,,0.06723150610923767
,,,1702,,,,0.06469742953777313
,,,1703,,,,0.06559894979000092
,,,1704,,,,0.0653107762336731
,,,1705,,,,0.06501705199480057
,,,1706,,,,0.06684951484203339
,,,1707,,,,0.06490985304117203
,,,1708,,,,0.06610548496246338
,,,1709,,,,0.06565672904253006
,,,1710,,,,0.0651424378156662
,,,1711,,,,0.06540289521217346
,,,1712,,,,0.06658656150102615
,,,1713,,,,0.06643029302358627
,,,1714,,,,0.06624503433704376
,,,1715,,,,0.06727306544780731
,,,1716,,,,0.06522026658058167
,,,1717,,,,0.06421919912099838
,,,1718,,,,0.06628371775150299
,,,1719,,,,0.06537249684333801
,,,1720,,,,0.06636570394039154
,,,1721,,,,0.06609562784433365
,,,1722,,,,0.06518002599477768
,,,1723,,,,0.06564226001501083
,,,1724,,,,0.0653456524014473
,,,1725,,,,0.06552284210920334
,,,1726,,,,0.06633412092924118
,,,1727,,,,0.06533433496952057
,,,1728,,,,0.06525606662034988
,,,1729,,,,0.06507399678230286
,,,1730,,,,0.06460503488779068
,,,1731,,,,0.06507114320993423
,,,1732,,,,0.06512359529733658
,,,1733,,,,0.06457806378602982
,,,1734,,,,0.06615831702947617
,,,1735,,,,0.0650789812207222
,,,1736,,,,0.06536225229501724
,,,1737,,,,0.0660591721534729
,,,1738,,,,0.06561509519815445
,,,1739,,,,0.06522675603628159
,,,1740,,,,0.06588373333215714
,,,1741,,,,0.06528784334659576
,,,1742,,,,0.06413812190294266
,,,1743,,,,0.06519480794668198
,,,1744,,,,0.06462623178958893
,,,1745,,,,0.06435275822877884
,,,1746,,,,0.06469207257032394
,,,1747,,,,0.06510309875011444
,,,1748,,,,0.06542458385229111
,,,1749,,,,0.06526805460453033
34,,,69999,,,0.06547092646360397,
34,8.592658042907715,,69999,0.06554538756608963,,,
,,0.001,70009,,,,
35,,,70009,,0.06282497197389603,,
,,0.001,70019,,,,
35,,,70019,,0.0642050951719284,,
,,0.001,70029,,,,
35,,,70029,,0.06902047991752625,,
,,0.001,70039,,,,
35,,,70039,,0.06877688318490982,,
,,0.001,70049,,,,
35,,,70049,,0.06568178534507751,,
,,0.001,70059,,,,
35,,,70059,,0.06246384605765343,,
,,0.001,70069,,,,
35,,,70069,,0.06523846089839935,,
,,0.001,70079,,,,
35,,,70079,,0.06536860764026642,,
,,0.001,70089,,,,
35,,,70089,,0.06542634963989258,,
,,0.001,70099,,,,
35,,,70099,,0.06806960701942444,,
,,0.001,70109,,,,
35,,,70109,,0.0661456510424614,,
,,0.001,70119,,,,
35,,,70119,,0.06649637967348099,,
,,0.001,70129,,,,
35,,,70129,,0.06580711156129837,,
,,0.001,70139,,,,
35,,,70139,,0.06564723700284958,,
,,0.001,70149,,,,
35,,,70149,,0.06750131398439407,,
,,0.001,70159,,,,
35,,,70159,,0.06428319960832596,,
,,0.001,70169,,,,
35,,,70169,,0.06410149484872818,,
,,0.001,70179,,,,
35,,,70179,,0.0645379051566124,,
,,0.001,70189,,,,
35,,,70189,,0.06787070631980896,,
,,0.001,70199,,,,
35,,,70199,,0.06485553830862045,,
,,0.001,70209,,,,
35,,,70209,,0.06565117090940475,,
,,0.001,70219,,,,
35,,,70219,,0.06657872349023819,,
,,0.001,70229,,,,
35,,,70229,,0.06274814903736115,,
,,0.001,70239,,,,
35,,,70239,,0.06588274240493774,,
,,0.001,70249,,,,
35,,,70249,,0.06345292925834656,,
,,0.001,70259,,,,
35,,,70259,,0.06286998093128204,,
,,0.001,70269,,,,
35,,,70269,,0.06314411759376526,,
,,0.001,70279,,,,
35,,,70279,,0.06333132088184357,,
,,0.001,70289,,,,
35,,,70289,,0.06463705748319626,,
,,0.001,70299,,,,
35,,,70299,,0.06664890795946121,,
,,0.001,70309,,,,
35,,,70309,,0.06693704426288605,,
,,0.001,70319,,,,
35,,,70319,,0.06529608368873596,,
,,0.001,70329,,,,
35,,,70329,,0.06687162816524506,,
,,0.001,70339,,,,
35,,,70339,,0.06627070903778076,,
,,0.001,70349,,,,
35,,,70349,,0.06415057182312012,,
,,0.001,70359,,,,
35,,,70359,,0.0651945024728775,,
,,0.001,70369,,,,
35,,,70369,,0.06431879103183746,,
,,0.001,70379,,,,
35,,,70379,,0.06759842485189438,,
,,0.001,70389,,,,
35,,,70389,,0.06546242535114288,,
,,0.001,70399,,,,
35,,,70399,,0.06651853770017624,,
,,0.001,70409,,,,
35,,,70409,,0.06487992405891418,,
,,0.001,70419,,,,
35,,,70419,,0.06354517489671707,,
,,0.001,70429,,,,
35,,,70429,,0.06528916954994202,,
,,0.001,70439,,,,
35,,,70439,,0.06430752575397491,,
,,0.001,70449,,,,
35,,,70449,,0.06699775904417038,,
,,0.001,70459,,,,
35,,,70459,,0.06474334001541138,,
,,0.001,70469,,,,
35,,,70469,,0.06591252237558365,,
,,0.001,70479,,,,
35,,,70479,,0.06523872911930084,,
,,0.001,70489,,,,
35,,,70489,,0.06384945660829544,,
,,0.001,70499,,,,
35,,,70499,,0.066869355738163,,
,,0.001,70509,,,,
35,,,70509,,0.06633105129003525,,
,,0.001,70519,,,,
35,,,70519,,0.0636037215590477,,
,,0.001,70529,,,,
35,,,70529,,0.06384237110614777,,
,,0.001,70539,,,,
35,,,70539,,0.06570147722959518,,
,,0.001,70549,,,,
35,,,70549,,0.06577937304973602,,
,,0.001,70559,,,,
35,,,70559,,0.06528445333242416,,
,,0.001,70569,,,,
35,,,70569,,0.06625819206237793,,
,,0.001,70579,,,,
35,,,70579,,0.07019418478012085,,
,,0.001,70589,,,,
35,,,70589,,0.06474556773900986,,
,,0.001,70599,,,,
35,,,70599,,0.06421975046396255,,
,,0.001,70609,,,,
35,,,70609,,0.06573458015918732,,
,,0.001,70619,,,,
35,,,70619,,0.06749053299427032,,
,,0.001,70629,,,,
35,,,70629,,0.06557139754295349,,
,,0.001,70639,,,,
35,,,70639,,0.065595842897892,,
,,0.001,70649,,,,
35,,,70649,,0.06781450659036636,,
,,0.001,70659,,,,
35,,,70659,,0.06574780493974686,,
,,0.001,70669,,,,
35,,,70669,,0.06488528102636337,,
,,0.001,70679,,,,
35,,,70679,,0.0667359009385109,,
,,0.001,70689,,,,
35,,,70689,,0.06511224061250687,,
,,0.001,70699,,,,
35,,,70699,,0.06943757832050323,,
,,0.001,70709,,,,
35,,,70709,,0.06523129343986511,,
,,0.001,70719,,,,
35,,,70719,,0.06730548292398453,,
,,0.001,70729,,,,
35,,,70729,,0.06414922326803207,,
,,0.001,70739,,,,
35,,,70739,,0.06730355322360992,,
,,0.001,70749,,,,
35,,,70749,,0.06234565004706383,,
,,0.001,70759,,,,
35,,,70759,,0.06414780020713806,,
,,0.001,70769,,,,
35,,,70769,,0.06523947417736053,,
,,0.001,70779,,,,
35,,,70779,,0.0679796040058136,,
,,0.001,70789,,,,
35,,,70789,,0.0616934671998024,,
,,0.001,70799,,,,
35,,,70799,,0.06715268641710281,,
,,0.001,70809,,,,
35,,,70809,,0.06650368124246597,,
,,0.001,70819,,,,
35,,,70819,,0.06781002134084702,,
,,0.001,70829,,,,
35,,,70829,,0.06450091302394867,,
,,0.001,70839,,,,
35,,,70839,,0.06670055538415909,,
,,0.001,70849,,,,
35,,,70849,,0.06556796282529831,,
,,0.001,70859,,,,
35,,,70859,,0.06666119396686554,,
,,0.001,70869,,,,
35,,,70869,,0.06433027237653732,,
,,0.001,70879,,,,
35,,,70879,,0.06550419330596924,,
,,0.001,70889,,,,
35,,,70889,,0.06109419837594032,,
,,0.001,70899,,,,
35,,,70899,,0.06581603735685349,,
,,0.001,70909,,,,
35,,,70909,,0.06561832875013351,,
,,0.001,70919,,,,
35,,,70919,,0.06583107262849808,,
,,0.001,70929,,,,
35,,,70929,,0.06421977281570435,,
,,0.001,70939,,,,
35,,,70939,,0.06378988176584244,,
,,0.001,70949,,,,
35,,,70949,,0.06527643650770187,,
,,0.001,70959,,,,
35,,,70959,,0.06416833400726318,,
,,0.001,70969,,,,
35,,,70969,,0.06549816578626633,,
,,0.001,70979,,,,
35,,,70979,,0.06501130759716034,,
,,0.001,70989,,,,
35,,,70989,,0.06370888650417328,,
,,0.001,70999,,,,
35,,,70999,,0.06564152240753174,,
,,0.001,71009,,,,
35,,,71009,,0.06500209867954254,,
,,0.001,71019,,,,
35,,,71019,,0.06430788338184357,,
,,0.001,71029,,,,
35,,,71029,,0.06384095549583435,,
,,0.001,71039,,,,
35,,,71039,,0.0650985836982727,,
,,0.001,71049,,,,
35,,,71049,,0.06358032673597336,,
,,0.001,71059,,,,
35,,,71059,,0.06380202621221542,,
,,0.001,71069,,,,
35,,,71069,,0.06559360027313232,,
,,0.001,71079,,,,
35,,,71079,,0.06628920137882233,,
,,0.001,71089,,,,
35,,,71089,,0.06813915818929672,,
,,0.001,71099,,,,
35,,,71099,,0.06535463780164719,,
,,0.001,71109,,,,
35,,,71109,,0.06304001808166504,,
,,0.001,71119,,,,
35,,,71119,,0.06662432104349136,,
,,0.001,71129,,,,
35,,,71129,,0.06505309045314789,,
,,0.001,71139,,,,
35,,,71139,,0.06664957106113434,,
,,0.001,71149,,,,
35,,,71149,,0.06651977449655533,,
,,0.001,71159,,,,
35,,,71159,,0.06776424497365952,,
,,0.001,71169,,,,
35,,,71169,,0.06534404307603836,,
,,0.001,71179,,,,
35,,,71179,,0.06435129046440125,,
,,0.001,71189,,,,
35,,,71189,,0.06465230882167816,,
,,0.001,71199,,,,
35,,,71199,,0.06517251580953598,,
,,0.001,71209,,,,
35,,,71209,,0.06375125050544739,,
,,0.001,71219,,,,
35,,,71219,,0.06715334951877594,,
,,0.001,71229,,,,
35,,,71229,,0.06626198440790176,,
,,0.001,71239,,,,
35,,,71239,,0.06398749351501465,,
,,0.001,71249,,,,
35,,,71249,,0.06418014317750931,,
,,0.001,71259,,,,
35,,,71259,,0.06373585760593414,,
,,0.001,71269,,,,
35,,,71269,,0.06411172449588776,,
,,0.001,71279,,,,
35,,,71279,,0.06414560973644257,,
,,0.001,71289,,,,
35,,,71289,,0.06647272408008575,,
,,0.001,71299,,,,
35,,,71299,,0.06594393402338028,,
,,0.001,71309,,,,
35,,,71309,,0.06803715229034424,,
,,0.001,71319,,,,
35,,,71319,,0.06813336163759232,,
,,0.001,71329,,,,
35,,,71329,,0.06998903304338455,,
,,0.001,71339,,,,
35,,,71339,,0.0681871548295021,,
,,0.001,71349,,,,
35,,,71349,,0.06397388130426407,,
,,0.001,71359,,,,
35,,,71359,,0.06570152193307877,,
,,0.001,71369,,,,
35,,,71369,,0.06779742985963821,,
,,0.001,71379,,,,
35,,,71379,,0.06586192548274994,,
,,0.001,71389,,,,
35,,,71389,,0.06420395523309708,,
,,0.001,71399,,,,
35,,,71399,,0.06629076600074768,,
,,0.001,71409,,,,
35,,,71409,,0.06715947389602661,,
,,0.001,71419,,,,
35,,,71419,,0.06501106917858124,,
,,0.001,71429,,,,
35,,,71429,,0.06791821122169495,,
,,0.001,71439,,,,
35,,,71439,,0.0666312500834465,,
,,0.001,71449,,,,
35,,,71449,,0.06668990850448608,,
,,0.001,71459,,,,
35,,,71459,,0.06575727462768555,,
,,0.001,71469,,,,
35,,,71469,,0.06810993701219559,,
,,0.001,71479,,,,
35,,,71479,,0.06707965582609177,,
,,0.001,71489,,,,
35,,,71489,,0.06563051044940948,,
,,0.001,71499,,,,
35,,,71499,,0.06538110971450806,,
,,0.001,71509,,,,
35,,,71509,,0.06605767458677292,,
,,0.001,71519,,,,
35,,,71519,,0.06555594503879547,,
,,0.001,71529,,,,
35,,,71529,,0.06269720941781998,,
,,0.001,71539,,,,
35,,,71539,,0.06538547575473785,,
,,0.001,71549,,,,
35,,,71549,,0.0682775005698204,,
,,0.001,71559,,,,
35,,,71559,,0.06498661637306213,,
,,0.001,71569,,,,
35,,,71569,,0.06512204557657242,,
,,0.001,71579,,,,
35,,,71579,,0.06504154205322266,,
,,0.001,71589,,,,
35,,,71589,,0.06541401892900467,,
,,0.001,71599,,,,
35,,,71599,,0.06561502814292908,,
,,0.001,71609,,,,
35,,,71609,,0.06572466343641281,,
,,0.001,71619,,,,
35,,,71619,,0.06589551270008087,,
,,0.001,71629,,,,
35,,,71629,,0.063713438808918,,
,,0.001,71639,,,,
35,,,71639,,0.06688937544822693,,
,,0.001,71649,,,,
35,,,71649,,0.06650861352682114,,
,,0.001,71659,,,,
35,,,71659,,0.06400048732757568,,
,,0.001,71669,,,,
35,,,71669,,0.06437692791223526,,
,,0.001,71679,,,,
35,,,71679,,0.06469906866550446,,
,,0.001,71689,,,,
35,,,71689,,0.06232219934463501,,
,,0.001,71699,,,,
35,,,71699,,0.06635872274637222,,
,,0.001,71709,,,,
35,,,71709,,0.06585904210805893,,
,,0.001,71719,,,,
35,,,71719,,0.06570381671190262,,
,,0.001,71729,,,,
35,,,71729,,0.06686057895421982,,
,,0.001,71739,,,,
35,,,71739,,0.06566254049539566,,
,,0.001,71749,,,,
35,,,71749,,0.06623351573944092,,
,,0.001,71759,,,,
35,,,71759,,0.06433779001235962,,
,,0.001,71769,,,,
35,,,71769,,0.064237080514431,,
,,0.001,71779,,,,
35,,,71779,,0.06341059505939484,,
,,0.001,71789,,,,
35,,,71789,,0.06463766098022461,,
,,0.001,71799,,,,
35,,,71799,,0.06465741991996765,,
,,0.001,71809,,,,
35,,,71809,,0.0648270770907402,,
,,0.001,71819,,,,
35,,,71819,,0.06714417040348053,,
,,0.001,71829,,,,
35,,,71829,,0.06638459861278534,,
,,0.001,71839,,,,
35,,,71839,,0.06377074122428894,,
,,0.001,71849,,,,
35,,,71849,,0.06651684641838074,,
,,0.001,71859,,,,
35,,,71859,,0.06544280797243118,,
,,0.001,71869,,,,
35,,,71869,,0.06721600145101547,,
,,0.001,71879,,,,
35,,,71879,,0.06721337139606476,,
,,0.001,71889,,,,
35,,,71889,,0.06854240596294403,,
,,0.001,71899,,,,
35,,,71899,,0.0617554634809494,,
,,0.001,71909,,,,
35,,,71909,,0.0629180446267128,,
,,0.001,71919,,,,
35,,,71919,,0.06479138880968094,,
,,0.001,71929,,,,
35,,,71929,,0.06461089849472046,,
,,0.001,71939,,,,
35,,,71939,,0.06683079153299332,,
,,0.001,71949,,,,
35,,,71949,,0.06555283814668655,,
,,0.001,71959,,,,
35,,,71959,,0.06790855526924133,,
,,0.001,71969,,,,
35,,,71969,,0.06678153574466705,,
,,0.001,71979,,,,
35,,,71979,,0.06721700727939606,,
,,0.001,71989,,,,
35,,,71989,,0.0652279183268547,,
,,0.001,71999,,,,
35,,,71999,,0.06595955044031143,,
,,,1750,,,,0.06439577788114548
,,,1751,,,,0.06688455492258072
,,,1752,,,,0.0639529675245285
,,,1753,,,,0.06496972590684891
,,,1754,,,,0.06476183980703354
,,,1755,,,,0.06448329240083694
,,,1756,,,,0.06595764309167862
,,,1757,,,,0.06441458314657211
,,,1758,,,,0.06539539247751236
,,,1759,,,,0.06513813883066177
,,,1760,,,,0.0648433044552803
,,,1761,,,,0.06470426172018051
,,,1762,,,,0.06589103490114212
,,,1763,,,,0.06574784964323044
,,,1764,,,,0.06578197330236435
,,,1765,,,,0.06657854467630386
,,,1766,,,,0.06435307115316391
,,,1767,,,,0.0639314204454422
,,,1768,,,,0.06559866666793823
,,,1769,,,,0.06508985161781311
,,,1770,,,,0.06575905531644821
,,,1771,,,,0.06505577266216278
,,,1772,,,,0.06459245830774307
,,,1773,,,,0.06528449803590775
,,,1774,,,,0.06458494812250137
,,,1775,,,,0.06483526527881622
,,,1776,,,,0.06576691567897797
,,,1777,,,,0.06447653472423553
,,,1778,,,,0.06477236747741699
,,,1779,,,,0.06424176692962646
,,,1780,,,,0.06422140449285507
,,,1781,,,,0.0643770769238472
,,,1782,,,,0.06418703496456146
,,,1783,,,,0.06401712447404861
,,,1784,,,,0.06554815918207169
,,,1785,,,,0.0645073801279068
,,,1786,,,,0.06489063054323196
,,,1787,,,,0.06555484235286713
,,,1788,,,,0.0650205910205841
,,,1789,,,,0.06450867652893066
,,,1790,,,,0.06534336507320404
,,,1791,,,,0.06439057737588882
,,,1792,,,,0.06363847851753235
,,,1793,,,,0.06453892588615417
,,,1794,,,,0.06374911963939667
,,,1795,,,,0.0637732446193695
,,,1796,,,,0.06391690671443939
,,,1797,,,,0.06452877819538116
,,,1798,,,,0.06491128355264664
,,,1799,,,,0.06488097459077835
35,,,71999,,,0.06485495716333389,
35,8.464265823364258,,71999,0.0653977021574974,,,
,,0.001,72009,,,,
36,,,72009,,0.06359504908323288,,
,,0.001,72019,,,,
36,,,72019,,0.06293848901987076,,
,,0.001,72029,,,,
36,,,72029,,0.06525412946939468,,
,,0.001,72039,,,,
36,,,72039,,0.06229574978351593,,
,,0.001,72049,,,,
36,,,72049,,0.06687580049037933,,
,,0.001,72059,,,,
36,,,72059,,0.06598465889692307,,
,,0.001,72069,,,,
36,,,72069,,0.06630264967679977,,
,,0.001,72079,,,,
36,,,72079,,0.06629608571529388,,
,,0.001,72089,,,,
36,,,72089,,0.06544569879770279,,
,,0.001,72099,,,,
36,,,72099,,0.06664910912513733,,
,,0.001,72109,,,,
36,,,72109,,0.0646308958530426,,
,,0.001,72119,,,,
36,,,72119,,0.0633983165025711,,
,,0.001,72129,,,,
36,,,72129,,0.06353022903203964,,
,,0.001,72139,,,,
36,,,72139,,0.06743563711643219,,
,,0.001,72149,,,,
36,,,72149,,0.06377217918634415,,
,,0.001,72159,,,,
36,,,72159,,0.06361602246761322,,
,,0.001,72169,,,,
36,,,72169,,0.06417576223611832,,
,,0.001,72179,,,,
36,,,72179,,0.06406742334365845,,
,,0.001,72189,,,,
36,,,72189,,0.06839544326066971,,
,,0.001,72199,,,,
36,,,72199,,0.06570686399936676,,
,,0.001,72209,,,,
36,,,72209,,0.0664750188589096,,
,,0.001,72219,,,,
36,,,72219,,0.06547153741121292,,
,,0.001,72229,,,,
36,,,72229,,0.06565164029598236,,
,,0.001,72239,,,,
36,,,72239,,0.0638408362865448,,
,,0.001,72249,,,,
36,,,72249,,0.06485120207071304,,
,,0.001,72259,,,,
36,,,72259,,0.06492756307125092,,
,,0.001,72269,,,,
36,,,72269,,0.06262115389108658,,
,,0.001,72279,,,,
36,,,72279,,0.06436748802661896,,
,,0.001,72289,,,,
36,,,72289,,0.06511317938566208,,
,,0.001,72299,,,,
36,,,72299,,0.0661536157131195,,
,,0.001,72309,,,,
36,,,72309,,0.06616183370351791,,
,,0.001,72319,,,,
36,,,72319,,0.06413102149963379,,
,,0.001,72329,,,,
36,,,72329,,0.06394857913255692,,
,,0.001,72339,,,,
36,,,72339,,0.06600604206323624,,
,,0.001,72349,,,,
36,,,72349,,0.06560349464416504,,
,,0.001,72359,,,,
36,,,72359,,0.06634924560785294,,
,,0.001,72369,,,,
36,,,72369,,0.0644751563668251,,
,,0.001,72379,,,,
36,,,72379,,0.0634365975856781,,
,,0.001,72389,,,,
36,,,72389,,0.06610756367444992,,
,,0.001,72399,,,,
36,,,72399,,0.06359454244375229,,
,,0.001,72409,,,,
36,,,72409,,0.06484640389680862,,
,,0.001,72419,,,,
36,,,72419,,0.06682050973176956,,
,,0.001,72429,,,,
36,,,72429,,0.06439816206693649,,
,,0.001,72439,,,,
36,,,72439,,0.06494207680225372,,
,,0.001,72449,,,,
36,,,72449,,0.06367995589971542,,
,,0.001,72459,,,,
36,,,72459,,0.07046794891357422,,
,,0.001,72469,,,,
36,,,72469,,0.06926218420267105,,
,,0.001,72479,,,,
36,,,72479,,0.06038668006658554,,
,,0.001,72489,,,,
36,,,72489,,0.06605899333953857,,
,,0.001,72499,,,,
36,,,72499,,0.06578603386878967,,
,,0.001,72509,,,,
36,,,72509,,0.06602498888969421,,
,,0.001,72519,,,,
36,,,72519,,0.06378989666700363,,
,,0.001,72529,,,,
36,,,72529,,0.06297013908624649,,
,,0.001,72539,,,,
36,,,72539,,0.06372831016778946,,
,,0.001,72549,,,,
36,,,72549,,0.06470189988613129,,
,,0.001,72559,,,,
36,,,72559,,0.06618483364582062,,
,,0.001,72569,,,,
36,,,72569,,0.0637015700340271,,
,,0.001,72579,,,,
36,,,72579,,0.06727062910795212,,
,,0.001,72589,,,,
36,,,72589,,0.06451347470283508,,
,,0.001,72599,,,,
36,,,72599,,0.06493375450372696,,
,,0.001,72609,,,,
36,,,72609,,0.0652492344379425,,
,,0.001,72619,,,,
36,,,72619,,0.06468448042869568,,
,,0.001,72629,,,,
36,,,72629,,0.06759890168905258,,
,,0.001,72639,,,,
36,,,72639,,0.06366154551506042,,
,,0.001,72649,,,,
36,,,72649,,0.06089892238378525,,
,,0.001,72659,,,,
36,,,72659,,0.0639047622680664,,
,,0.001,72669,,,,
36,,,72669,,0.06694717705249786,,
,,0.001,72679,,,,
36,,,72679,,0.06397843360900879,,
,,0.001,72689,,,,
36,,,72689,,0.06452126801013947,,
,,0.001,72699,,,,
36,,,72699,,0.06732818484306335,,
,,0.001,72709,,,,
36,,,72709,,0.06598584353923798,,
,,0.001,72719,,,,
36,,,72719,,0.06778545677661896,,
,,0.001,72729,,,,
36,,,72729,,0.06468162685632706,,
,,0.001,72739,,,,
36,,,72739,,0.06774742901325226,,
,,0.001,72749,,,,
36,,,72749,,0.06537966430187225,,
,,0.001,72759,,,,
36,,,72759,,0.0641055554151535,,
,,0.001,72769,,,,
36,,,72769,,0.06344980001449585,,
,,0.001,72779,,,,
36,,,72779,,0.06836347281932831,,
,,0.001,72789,,,,
36,,,72789,,0.06326087564229965,,
,,0.001,72799,,,,
36,,,72799,,0.06598152965307236,,
,,0.001,72809,,,,
36,,,72809,,0.06310517340898514,,
,,0.001,72819,,,,
36,,,72819,,0.06875959783792496,,
,,0.001,72829,,,,
36,,,72829,,0.062398314476013184,,
,,0.001,72839,,,,
36,,,72839,,0.06498116999864578,,
,,0.001,72849,,,,
36,,,72849,,0.0639297366142273,,
,,0.001,72859,,,,
36,,,72859,,0.06638891994953156,,
,,0.001,72869,,,,
36,,,72869,,0.06524929404258728,,
,,0.001,72879,,,,
36,,,72879,,0.06533094495534897,,
,,0.001,72889,,,,
36,,,72889,,0.06628492474555969,,
,,0.001,72899,,,,
36,,,72899,,0.06438067555427551,,
,,0.001,72909,,,,
36,,,72909,,0.0658767819404602,,
,,0.001,72919,,,,
36,,,72919,,0.06633298099040985,,
,,0.001,72929,,,,
36,,,72929,,0.06416285783052444,,
,,0.001,72939,,,,
36,,,72939,,0.06618791818618774,,
,,0.001,72949,,,,
36,,,72949,,0.0655502900481224,,
,,0.001,72959,,,,
36,,,72959,,0.06706618517637253,,
,,0.001,72969,,,,
36,,,72969,,0.068181611597538,,
,,0.001,72979,,,,
36,,,72979,,0.06668023765087128,,
,,0.001,72989,,,,
36,,,72989,,0.0643601343035698,,
,,0.001,72999,,,,
36,,,72999,,0.06438782811164856,,
,,0.001,73009,,,,
36,,,73009,,0.06379777193069458,,
,,0.001,73019,,,,
36,,,73019,,0.06443683803081512,,
,,0.001,73029,,,,
36,,,73029,,0.06538218259811401,,
,,0.001,73039,,,,
36,,,73039,,0.06433175504207611,,
,,0.001,73049,,,,
36,,,73049,,0.06655880808830261,,
,,0.001,73059,,,,
36,,,73059,,0.0627652183175087,,
,,0.001,73069,,,,
36,,,73069,,0.06628040969371796,,
,,0.001,73079,,,,
36,,,73079,,0.0633721873164177,,
,,0.001,73089,,,,
36,,,73089,,0.06440018117427826,,
,,0.001,73099,,,,
36,,,73099,,0.06586228311061859,,
,,0.001,73109,,,,
36,,,73109,,0.06474154442548752,,
,,0.001,73119,,,,
36,,,73119,,0.06559782475233078,,
,,0.001,73129,,,,
36,,,73129,,0.06791090220212936,,
,,0.001,73139,,,,
36,,,73139,,0.06510353833436966,,
,,0.001,73149,,,,
36,,,73149,,0.06570219993591309,,
,,0.001,73159,,,,
36,,,73159,,0.06747536361217499,,
,,0.001,73169,,,,
36,,,73169,,0.0676192045211792,,
,,0.001,73179,,,,
36,,,73179,,0.06479208916425705,,
,,0.001,73189,,,,
36,,,73189,,0.06466205418109894,,
,,0.001,73199,,,,
36,,,73199,,0.06853672862052917,,
,,0.001,73209,,,,
36,,,73209,,0.066327303647995,,
,,0.001,73219,,,,
36,,,73219,,0.06481602787971497,,
,,0.001,73229,,,,
36,,,73229,,0.06589062511920929,,
,,0.001,73239,,,,
36,,,73239,,0.0628928691148758,,
,,0.001,73249,,,,
36,,,73249,,0.06355515867471695,,
,,0.001,73259,,,,
36,,,73259,,0.06141487509012222,,
,,0.001,73269,,,,
36,,,73269,,0.06373519450426102,,
,,0.001,73279,,,,
36,,,73279,,0.06526598334312439,,
,,0.001,73289,,,,
36,,,73289,,0.0650116577744484,,
,,0.001,73299,,,,
36,,,73299,,0.06879107654094696,,
,,0.001,73309,,,,
36,,,73309,,0.06608374416828156,,
,,0.001,73319,,,,
36,,,73319,,0.06565834581851959,,
,,0.001,73329,,,,
36,,,73329,,0.06509137153625488,,
,,0.001,73339,,,,
36,,,73339,,0.06514014303684235,,
,,0.001,73349,,,,
36,,,73349,,0.06351067125797272,,
,,0.001,73359,,,,
36,,,73359,,0.06592336297035217,,
,,0.001,73369,,,,
36,,,73369,,0.0663195326924324,,
,,0.001,73379,,,,
36,,,73379,,0.06650194525718689,,
,,0.001,73389,,,,
36,,,73389,,0.06493101269006729,,
,,0.001,73399,,,,
36,,,73399,,0.0653710886836052,,
,,0.001,73409,,,,
36,,,73409,,0.06410980224609375,,
,,0.001,73419,,,,
36,,,73419,,0.06670541316270828,,
,,0.001,73429,,,,
36,,,73429,,0.06619120389223099,,
,,0.001,73439,,,,
36,,,73439,,0.06482197344303131,,
,,0.001,73449,,,,
36,,,73449,,0.06432980298995972,,
,,0.001,73459,,,,
36,,,73459,,0.06551004946231842,,
,,0.001,73469,,,,
36,,,73469,,0.06732159852981567,,
,,0.001,73479,,,,
36,,,73479,,0.06679540127515793,,
,,0.001,73489,,,,
36,,,73489,,0.06441948562860489,,
,,0.001,73499,,,,
36,,,73499,,0.06529200077056885,,
,,0.001,73509,,,,
36,,,73509,,0.06553813815116882,,
,,0.001,73519,,,,
36,,,73519,,0.06333773583173752,,
,,0.001,73529,,,,
36,,,73529,,0.06583263725042343,,
,,0.001,73539,,,,
36,,,73539,,0.06525596976280212,,
,,0.001,73549,,,,
36,,,73549,,0.06652971357107162,,
,,0.001,73559,,,,
36,,,73559,,0.06588423997163773,,
,,0.001,73569,,,,
36,,,73569,,0.06191369146108627,,
,,0.001,73579,,,,
36,,,73579,,0.06550706177949905,,
,,0.001,73589,,,,
36,,,73589,,0.06596888601779938,,
,,0.001,73599,,,,
36,,,73599,,0.06374239176511765,,
,,0.001,73609,,,,
36,,,73609,,0.06664489209651947,,
,,0.001,73619,,,,
36,,,73619,,0.06502863764762878,,
,,0.001,73629,,,,
36,,,73629,,0.06598495692014694,,
,,0.001,73639,,,,
36,,,73639,,0.06570640951395035,,
,,0.001,73649,,,,
36,,,73649,,0.06684718281030655,,
,,0.001,73659,,,,
36,,,73659,,0.0643027126789093,,
,,0.001,73669,,,,
36,,,73669,,0.06532930582761765,,
,,0.001,73679,,,,
36,,,73679,,0.0634489506483078,,
,,0.001,73689,,,,
36,,,73689,,0.06379970163106918,,
,,0.001,73699,,,,
36,,,73699,,0.06843359023332596,,
,,0.001,73709,,,,
36,,,73709,,0.06644893437623978,,
,,0.001,73719,,,,
36,,,73719,,0.06660322099924088,,
,,0.001,73729,,,,
36,,,73729,,0.06550324708223343,,
,,0.001,73739,,,,
36,,,73739,,0.06307128816843033,,
,,0.001,73749,,,,
36,,,73749,,0.06421088427305222,,
,,0.001,73759,,,,
36,,,73759,,0.06230730563402176,,
,,0.001,73769,,,,
36,,,73769,,0.06366479396820068,,
,,0.001,73779,,,,
36,,,73779,,0.06259986013174057,,
,,0.001,73789,,,,
36,,,73789,,0.06490784138441086,,
,,0.001,73799,,,,
36,,,73799,,0.06609738618135452,,
,,0.001,73809,,,,
36,,,73809,,0.06581705063581467,,
,,0.001,73819,,,,
36,,,73819,,0.06111379340291023,,
,,0.001,73829,,,,
36,,,73829,,0.06538340449333191,,
,,0.001,73839,,,,
36,,,73839,,0.0649179220199585,,
,,0.001,73849,,,,
36,,,73849,,0.06489342451095581,,
,,0.001,73859,,,,
36,,,73859,,0.06553833186626434,,
,,0.001,73869,,,,
36,,,73869,,0.06684254109859467,,
,,0.001,73879,,,,
36,,,73879,,0.06434822827577591,,
,,0.001,73889,,,,
36,,,73889,,0.06875073909759521,,
,,0.001,73899,,,,
36,,,73899,,0.06344808638095856,,
,,0.001,73909,,,,
36,,,73909,,0.0645216703414917,,
,,0.001,73919,,,,
36,,,73919,,0.06615427881479263,,
,,0.001,73929,,,,
36,,,73929,,0.06385356932878494,,
,,0.001,73939,,,,
36,,,73939,,0.06488124281167984,,
,,0.001,73949,,,,
36,,,73949,,0.061561934649944305,,
,,0.001,73959,,,,
36,,,73959,,0.0652875304222107,,
,,0.001,73969,,,,
36,,,73969,,0.06196556240320206,,
,,0.001,73979,,,,
36,,,73979,,0.06530945748090744,,
,,0.001,73989,,,,
36,,,73989,,0.0642768144607544,,
,,0.001,73999,,,,
36,,,73999,,0.0633215457201004,,
,,,1800,,,,0.06451135873794556
,,,1801,,,,0.06664702296257019
,,,1802,,,,0.06393159180879593
,,,1803,,,,0.06460413336753845
,,,1804,,,,0.06477363407611847
,,,1805,,,,0.06440290063619614
,,,1806,,,,0.06583721190690994
,,,1807,,,,0.06449749320745468
,,,1808,,,,0.06564044207334518
,,,1809,,,,0.06493791192770004
,,,1810,,,,0.06506378948688507
,,,1811,,,,0.06464529782533646
,,,1812,,,,0.0661095529794693
,,,1813,,,,0.06560880690813065
,,,1814,,,,0.06587173789739609
,,,1815,,,,0.06651245057582855
,,,1816,,,,0.06420411914587021
,,,1817,,,,0.06375309824943542
,,,1818,,,,0.0654190257191658
,,,1819,,,,0.06502581387758255
,,,1820,,,,0.06575165688991547
,,,1821,,,,0.06514561921358109
,,,1822,,,,0.06456808745861053
,,,1823,,,,0.06527359783649445
,,,1824,,,,0.06452715396881104
,,,1825,,,,0.06476864963769913
,,,1826,,,,0.06555527448654175
,,,1827,,,,0.06439335644245148
,,,1828,,,,0.0646948367357254
,,,1829,,,,0.06412924826145172
,,,1830,,,,0.06442022323608398
,,,1831,,,,0.064296655356884
,,,1832,,,,0.06415785849094391
,,,1833,,,,0.06395655870437622
,,,1834,,,,0.06557885557413101
,,,1835,,,,0.06441699713468552
,,,1836,,,,0.06473371386528015
,,,1837,,,,0.06555553525686264
,,,1838,,,,0.0650314912199974
,,,1839,,,,0.06442168354988098
,,,1840,,,,0.06547580659389496
,,,1841,,,,0.06427562981843948
,,,1842,,,,0.06351171433925629
,,,1843,,,,0.06443694233894348
,,,1844,,,,0.0637536570429802
,,,1845,,,,0.06389869749546051
,,,1846,,,,0.06393987685441971
,,,1847,,,,0.06445134431123734
,,,1848,,,,0.06491081416606903
,,,1849,,,,0.06494561582803726
36,,,73999,,,0.06481949239969254,
36,8.116429328918457,,73999,0.06511078774929047,,,
