Your job is running on node(s):
gpu050
Tasks per node:
1
Allocated session on node 'gpu050'.
[2026-07-08 10:24:27,502][HYDRA] No job ID detected. Generating bigram based on node name and time stamp, gpu050_1783499067.
[nltk_data] Downloading package wordnet to
[nltk_data]     /home/users/w/wozniak/nltk_data...
[nltk_data]   Package wordnet is already up-to-date!
[2026-07-08 10:24:33,465][gpu050|rank:unknown|__main__][INFO] - output_dir: trained/tokenization/runs/2026-07-08_10-24-27_gpu050_NecroticCrematory
[2026-07-08 10:24:33,497][gpu050|rank:unknown|gabbro.utils.utils][INFO] - Enforcing tags! <cfg.extras.enforce_tags=True>
[2026-07-08 10:24:33,524][gpu050|rank:unknown|gabbro.utils.utils][INFO] - Printing config tree with Rich! <cfg.extras.print_config=True>
CONFIG
├── data
│   └── dataset_kwargs_train:                                                   
│         logger_name: IterDataset-Train                                        
│         shuffle_files: true                                                   
│         shuffle_data: true                                                    
│         seed: 42                                                              
│         max_n_files_per_type: null                                            
│         n_jets_per_file: 100000                                               
│         files_dict:                                                           
│           QCD:                                                                
│           - /srv/beegfs/scratch/groups/rodem/lumea/datasets/JetClass/Pythia/tr
│           Hbb:                                                                
│           - /srv/beegfs/scratch/groups/rodem/lumea/datasets/JetClass/Pythia/tr
│           Hcc:                                                                
│           - /srv/beegfs/scratch/groups/rodem/lumea/datasets/JetClass/Pythia/tr
│           Hgg:                                                                
│           - /srv/beegfs/scratch/groups/rodem/lumea/datasets/JetClass/Pythia/tr
│           H4q:                                                                
│           - /srv/beegfs/scratch/groups/rodem/lumea/datasets/JetClass/Pythia/tr
│           Hqql:                                                               
│           - /srv/beegfs/scratch/groups/rodem/lumea/datasets/JetClass/Pythia/tr
│           Zqq:                                                                
│           - /srv/beegfs/scratch/groups/rodem/lumea/datasets/JetClass/Pythia/tr
│           Wqq:                                                                
│           - /srv/beegfs/scratch/groups/rodem/lumea/datasets/JetClass/Pythia/tr
│           Tbqq:                                                               
│           - /srv/beegfs/scratch/groups/rodem/lumea/datasets/JetClass/Pythia/tr
│           Tbl:                                                                
│           - /srv/beegfs/scratch/groups/rodem/lumea/datasets/JetClass/Pythia/tr
│         n_files_at_once: 10                                                   
│         load_only_once: false                                                 
│       dataset_kwargs_val:                                                     
│         logger_name: IterDataset-Validation                                   
│         shuffle_files: false                                                  
│         shuffle_data: true                                                    
│         seed_shuffle_data: 42                                                 
│         max_n_files_per_type: 1                                               
│         files_dict:                                                           
│           QCD:                                                                
│           - /srv/beegfs/scratch/groups/rodem/lumea/datasets/JetClass/Pythia/va
│           Hbb:                                                                
│           - /srv/beegfs/scratch/groups/rodem/lumea/datasets/JetClass/Pythia/va
│           Hcc:                                                                
│           - /srv/beegfs/scratch/groups/rodem/lumea/datasets/JetClass/Pythia/va
│           Hgg:                                                                
│           - /srv/beegfs/scratch/groups/rodem/lumea/datasets/JetClass/Pythia/va
│           H4q:                                                                
│           - /srv/beegfs/scratch/groups/rodem/lumea/datasets/JetClass/Pythia/va
│           Hqql:                                                               
│           - /srv/beegfs/scratch/groups/rodem/lumea/datasets/JetClass/Pythia/va
│           Zqq:                                                                
│           - /srv/beegfs/scratch/groups/rodem/lumea/datasets/JetClass/Pythia/va
│           Wqq:                                                                
│           - /srv/beegfs/scratch/groups/rodem/lumea/datasets/JetClass/Pythia/va
│           Tbqq:                                                               
│           - /srv/beegfs/scratch/groups/rodem/lumea/datasets/JetClass/Pythia/va
│           Tbl:                                                                
│           - /srv/beegfs/scratch/groups/rodem/lumea/datasets/JetClass/Pythia/va
│         n_files_at_once: 10                                                   
│         load_only_once: true                                                  
│         shuffle_only_once: true                                               
│         n_jets_per_file: 10000                                                
│       dataset_kwargs_test:                                                    
│         logger_name: IterDataset-Test                                         
│         shuffle_files: false                                                  
│         shuffle_data: true                                                    
│         seed_shuffle_data: 42                                                 
│         max_n_files_per_type: 1                                               
│         files_dict:                                                           
│           QCD:                                                                
│           - /srv/beegfs/scratch/groups/rodem/lumea/datasets/JetClass/Pythia/te
│           Hbb:                                                                
│           - /srv/beegfs/scratch/groups/rodem/lumea/datasets/JetClass/Pythia/te
│           Hcc:                                                                
│           - /srv/beegfs/scratch/groups/rodem/lumea/datasets/JetClass/Pythia/te
│           Hgg:                                                                
│           - /srv/beegfs/scratch/groups/rodem/lumea/datasets/JetClass/Pythia/te
│           H4q:                                                                
│           - /srv/beegfs/scratch/groups/rodem/lumea/datasets/JetClass/Pythia/te
│           Hqql:                                                               
│           - /srv/beegfs/scratch/groups/rodem/lumea/datasets/JetClass/Pythia/te
│           Zqq:                                                                
│           - /srv/beegfs/scratch/groups/rodem/lumea/datasets/JetClass/Pythia/te
│           Wqq:                                                                
│           - /srv/beegfs/scratch/groups/rodem/lumea/datasets/JetClass/Pythia/te
│           Tbqq:                                                               
│           - /srv/beegfs/scratch/groups/rodem/lumea/datasets/JetClass/Pythia/te
│           Tbl:                                                                
│           - /srv/beegfs/scratch/groups/rodem/lumea/datasets/JetClass/Pythia/te
│         n_files_at_once: 10                                                   
│         load_only_once: true                                                  
│         shuffle_only_once: true                                               
│         n_jets_per_file: 20000                                                
│       batch_size:                                                             
│         train: 500                                                            
│         val: 2000                                                             
│         test: 2000                                                            
│       data_dir: /srv/beegfs/scratch/groups/rodem/lumea/datasets/JetClass/Pythi
│       _target_: gabbro.data.iterable_dataset_jetclass.IterableDatamodule      
│       dataset_kwargs_common:                                                  
│         pad_length: 128                                                       
│         labels_to_load:                                                       
│         - label_QCD                                                           
│         - label_Hbb                                                           
│         - label_Hcc                                                           
│         - label_Hgg                                                           
│         - label_H4q                                                           
│         - label_Hqql                                                          
│         - label_Zqq                                                           
│         - label_Wqq                                                           
│         - label_Tbqq                                                          
│         - label_Tbl                                                           
│         shuffle_particles: true                                               
│         n_files_at_once: 10                                                   
│         load_only_once: false                                                 
│         feature_dict:                                                         
│           part_pt:                                                            
│             multiply_by: 1                                                    
│             subtract_by: 1.8                                                  
│             func: signed_log                                                  
│             inv_func: signed_exp                                              
│           part_etarel:                                                        
│             multiply_by: 3                                                    
│           part_phirel:                                                        
│             multiply_by: 3                                                    
│         feature_dict_jet: null                                                
│                                                                               
├── model
│   └── _target_: gabbro.models.vqvae.VQVAELightning                            
│       model_type: VQVAETransformer                                            
│       model_kwargs:                                                           
│         hidden_dim: 128                                                       
│         latent_dim: 8                                                         
│         num_blocks: 4                                                         
│         num_heads: 8                                                          
│         alpha: 10                                                             
│         vq_kwargs:                                                            
│           num_codes: 8192                                                     
│           beta: 0.9                                                           
│           kmeans_init: false                                                  
│           norm: null                                                          
│           cb_norm: null                                                       
│           affine_lr: 2                                                        
│           sync_nu: 1                                                          
│           replace_freq: 500                                                   
│           dim: -1                                                             
│         old_transformer_implementation: false                                 
│         in_out_proj_cfg: null                                                 
│         latent_proj_cfg: null                                                 
│         input_features_dict:                                                  
│           part_pt:                                                            
│             multiply_by: 1                                                    
│             subtract_by: 1.8                                                  
│             func: signed_log                                                  
│             inv_func: signed_exp                                              
│           part_etarel:                                                        
│             multiply_by: 3                                                    
│           part_phirel:                                                        
│             multiply_by: 3                                                    
│         causal_decoder: true                                                  
│         conditional_dim: 0                                                    
│         max_sequence_len: 128                                                 
│         transformer_cfg:                                                      
│           attn_cfg:                                                           
│             num_heads: 8                                                      
│             dropout_rate: 0.0                                                 
│             norm_before: true                                                 
│             norm_after: false                                                 
│           mlp_cfg:                                                            
│             expansion_factor: 4                                               
│             dropout_rate: 0.0                                                 
│             norm_before: true                                                 
│             activation: GELU                                                  
│           residual_cfg:                                                       
│             gate_type: local                                                  
│             init_value: 1.0                                                   
│       optimizer:                                                              
│         _target_: gabbro.utils.optimizer.ranger.Ranger                        
│         _partial_: true                                                       
│         lr: 0.001                                                             
│         weight_decay: 0.01                                                    
│         betas:                                                                
│         - 0.95                                                                
│         - 0.999                                                               
│         eps: 1.0e-05                                                          
│       scheduler:                                                              
│         _target_: torch.optim.lr_scheduler.ConstantLR                         
│         _partial_: true                                                       
│         total_iters: 1                                                        
│         factor: 1                                                             
│       model_kwargs_loaded: null                                               
│       scheduler_lightning_kwargs:                                             
│         monitor: val_loss                                                     
│         interval: step                                                        
│         frequency: 1                                                          
│                                                                               
├── callbacks
│   └── model_checkpoint:                                                       
│         _target_: gabbro.callbacks.checkpoint_callback.CustomModelCheckpoint  
│         state_key: General-checkpoint-callback                                
│         dirpath: trained/tokenization/runs/2026-07-08_10-24-27_gpu050_Necrotic
│         filename: epoch_{epoch:03d}_loss_{val_loss:.5f}                       
│         monitor: val_loss                                                     
│         verbose: true                                                         
│         save_last: true                                                       
│         save_top_k: -1                                                        
│         mode: min                                                             
│         auto_insert_metric_name: false                                        
│         save_weights_only: false                                              
│         every_n_train_steps: null                                             
│         train_time_interval: null                                             
│         every_n_epochs: 1                                                     
│         save_on_train_epoch_end: false                                        
│       model_summary:                                                          
│         _target_: lightning.pytorch.callbacks.RichModelSummary                
│         max_depth: -1                                                         
│       lr_monitor:                                                             
│         _target_: lightning.pytorch.callbacks.LearningRateMonitor             
│         logging_interval: step                                                
│         log_momentum: false                                                   
│       tokenization_callback:                                                  
│         _target_: gabbro.callbacks.tokenization_callback.TokenizationEvalCallb
│                                                                               
├── logger
│   └── comet:                                                                  
│         _target_: lightning.pytorch.loggers.comet.CometLogger                 
│         api_key: bSH6vlLeei9OzSDWdWXZmNgqU                                    
│         save_dir: trained/tokenization/runs/2026-07-08_10-24-27_gpu050_Necroti
│         project_name: tokenization                                            
│         rest_api_key: null                                                    
│         experiment_key: null                                                  
│         offline: false                                                        
│         prefix: ''                                                            
│         experiment_name: gpu050                                               
│       csv:                                                                    
│         _target_: lightning.pytorch.loggers.csv_logs.CSVLogger                
│         save_dir: trained/tokenization/runs/2026-07-08_10-24-27_gpu050_Necroti
│         name: csv/                                                            
│         prefix: ''                                                            
│       wandb:                                                                  
│         project: tokenization                                                 
│         tags:                                                                 
│         - vqvae_tokenization                                                  
│         name: gpu050                                                          
│                                                                               
├── trainer
│   └── _target_: lightning.Trainer                                             
│       default_root_dir: trained/tokenization/runs/2026-07-08_10-24-27_gpu050_N
│       min_epochs: 1                                                           
│       accelerator: gpu                                                        
│       devices: 1                                                              
│       num_nodes: 1                                                            
│       strategy: auto                                                          
│       enable_progress_bar: false                                              
│       check_val_every_n_epoch: 1                                              
│       deterministic: false                                                    
│       max_steps: 1000000                                                      
│       gradient_clip_val: 5                                                    
│       log_every_n_steps: 10                                                   
│       limit_train_batches: 2000                                               
│       limit_val_batches: 50                                                   
│                                                                               
├── paths
│   └── log_dir: trained                                                        
│       output_dir: trained/tokenization/runs/2026-07-08_10-24-27_gpu050_Necroti
│       work_dir: /home/users/w/wozniak/dev/enhancing-ntp4jets                  
│                                                                               
├── extras
│   └── ignore_warnings: false                                                  
│       enforce_tags: true                                                      
│       print_config: true                                                      
│                                                                               
├── task_name
│   └── tokenization                                                            
├── tags
│   └── ['vqvae_tokenization']                                                  
├── train
│   └── True                                                                    
├── test
│   └── True                                                                    
├── test_only_on_rank_zero
│   └── True                                                                    
├── ckpt_path
│   └── None                                                                    
├── seed
│   └── None                                                                    
├── ckpt_path_for_evaluation
│   └── None                                                                    
├── output_dir_resub
│   └── None                                                                    
├── dataset_size_id
│   └── None                                                                    
├── feature_dict
│   └── part_pt:                                                                
│         multiply_by: 1                                                        
│         subtract_by: 1.8                                                      
│         func: signed_log                                                      
│         inv_func: signed_exp                                                  
│       part_etarel:                                                            
│         multiply_by: 3                                                        
│       part_phirel:                                                            
│         multiply_by: 3                                                        
│                                                                               
├── load_weights_from
│   └── False                                                                   
├── load_weights_strict
│   └── False                                                                   
├── continue_from_checkpoint
│   └── None                                                                    
├── project_name
│   └── tokenization                                                            
└── run_note
    └──                                                                         
[2026-07-08 10:24:33,615][gpu050|rank:unknown|__main__][INFO] - CUDA is available.
[2026-07-08 10:24:34,685][gpu050|rank:unknown|__main__][INFO] - Git Status: 
====================================================================================================
========== start git diff ==========
diff --git a/trained/tokenization/runs/2026-07-06_17-26-13_gpu024_PlainTurkey/.hydra/config.yaml b/trained/tokenization/runs/2026-07-06_17-26-13_gpu024_PlainTurkey/.hydra/config.yaml
deleted file mode 100644
index 3ad3a3f..0000000
--- a/trained/tokenization/runs/2026-07-06_17-26-13_gpu024_PlainTurkey/.hydra/config.yaml
+++ /dev/null
@@ -1,277 +0,0 @@
-task_name: tokenization
-tags:
-- vqvae_tokenization
-train: true
-test: true
-test_only_on_rank_zero: true
-ckpt_path: null
-seed: null
-ckpt_path_for_evaluation: null
-output_dir_resub: null
-dataset_size_id: null
-data:
-  dataset_kwargs_train:
-    logger_name: IterDataset-Train
-    shuffle_files: true
-    shuffle_data: true
-    seed: 42
-    max_n_files_per_type: null
-    n_jets_per_file: 100000
-    files_dict:
-      QCD:
-      - \${data.data_dir}/train_100M/ZJetsToNuNu_*
-      Hbb:
-      - \${data.data_dir}/train_100M/HToBB_*
-      Hcc:
-      - \${data.data_dir}/train_100M/HToCC_*
-      Hgg:
-      - \${data.data_dir}/train_100M/HToGG_*
-      H4q:
-      - \${data.data_dir}/train_100M/HToWW4Q_*
-      Hqql:
-      - \${data.data_dir}/train_100M/HToWW2Q1L_*
-      Zqq:
-      - \${data.data_dir}/train_100M/ZToQQ_*
-      Wqq:
-      - \${data.data_dir}/train_100M/WToQQ_*
-      Tbqq:
-      - \${data.data_dir}/train_100M/TTBar_*
-      Tbl:
-      - \${data.data_dir}/train_100M/TTBarLep_*
-    n_files_at_once: 10
-    load_only_once: false
-  dataset_kwargs_val:
-    logger_name: IterDataset-Validation
-    shuffle_files: false
-    shuffle_data: true
-    seed_shuffle_data: 42
-    max_n_files_per_type: 1
-    files_dict:
-      QCD:
-      - \${data.data_dir}/val_5M/ZJetsToNuNu_*
-      Hbb:
-      - \${data.data_dir}/val_5M/HToBB_*
-      Hcc:
-      - \${data.data_dir}/val_5M/HToCC_*
-      Hgg:
-      - \${data.data_dir}/val_5M/HToGG_*
-      H4q:
-      - \${data.data_dir}/val_5M/HToWW4Q_*
-      Hqql:
-      - \${data.data_dir}/val_5M/HToWW2Q1L_*
-      Zqq:
-      - \${data.data_dir}/val_5M/ZToQQ_*
-      Wqq:
-      - \${data.data_dir}/val_5M/WToQQ_*
-      Tbqq:
-      - \${data.data_dir}/val_5M/TTBar_*
-      Tbl:
-      - \${data.data_dir}/val_5M/TTBarLep_*
-    n_files_at_once: 10
-    load_only_once: true
-    shuffle_only_once: true
-    n_jets_per_file: 10000
-  dataset_kwargs_test:
-    logger_name: IterDataset-Test
-    shuffle_files: false
-    shuffle_data: true
-    seed_shuffle_data: 42
-    max_n_files_per_type: 1
-    files_dict:
-      QCD:
-      - \${data.data_dir}/test_20M/ZJetsToNuNu_*
-      Hbb:
-      - \${data.data_dir}/test_20M/HToBB_*
-      Hcc:
-      - \${data.data_dir}/test_20M/HToCC_*
-      Hgg:
-      - \${data.data_dir}/test_20M/HToGG_*
-      H4q:
-      - \${data.data_dir}/test_20M/HToWW4Q_*
-      Hqql:
-      - \${data.data_dir}/test_20M/HToWW2Q1L_*
-      Zqq:
-      - \${data.data_dir}/test_20M/ZToQQ_*
-      Wqq:
-      - \${data.data_dir}/test_20M/WToQQ_*
-      Tbqq:
-      - \${data.data_dir}/test_20M/TTBar_*
-      Tbl:
-      - \${data.data_dir}/test_20M/TTBarLep_*
-    n_files_at_once: 10
-    load_only_once: true
-    shuffle_only_once: true
-    n_jets_per_file: 20000
-  batch_size:
-    train: 500
-    val: 2000
-    test: 2000
-  data_dir: /srv/beegfs/scratch/groups/rodem/lumea/datasets/JetClass
-  _target_: gabbro.data.iterable_dataset_jetclass.IterableDatamodule
-  dataset_kwargs_common:
-    pad_length: 128
-    labels_to_load:
-    - label_QCD
-    - label_Hbb
-    - label_Hcc
-    - label_Hgg
-    - label_H4q
-    - label_Hqql
-    - label_Zqq
-    - label_Wqq
-    - label_Tbqq
-    - label_Tbl
-    shuffle_particles: true
-    n_files_at_once: 10
-    load_only_once: false
-    feature_dict: \${feature_dict}
-    feature_dict_jet: null
-model:
-  _target_: gabbro.models.vqvae.VQVAELightning
-  model_type: VQVAETransformer
-  model_kwargs:
-    hidden_dim: 128
-    latent_dim: 8
-    num_blocks: 4
-    num_heads: 8
-    alpha: 10
-    vq_kwargs:
-      num_codes: 8192
-      beta: 0.9
-      kmeans_init: false
-      norm: null
-      cb_norm: null
-      affine_lr: 2
-      sync_nu: 1
-      replace_freq: 500
-      dim: -1
-    old_transformer_implementation: false
-    in_out_proj_cfg: null
-    latent_proj_cfg: null
-    input_features_dict: \${feature_dict}
-    causal_decoder: true
-    conditional_dim: 0
-    max_sequence_len: 128
-    transformer_cfg:
-      attn_cfg:
-        num_heads: \${model.model_kwargs.num_heads}
-        dropout_rate: 0.0
-        norm_before: true
-        norm_after: false
-      mlp_cfg:
-        expansion_factor: 4
-        dropout_rate: 0.0
-        norm_before: true
-        activation: GELU
-      residual_cfg:
-        gate_type: local
-        init_value: 1.0
-  optimizer:
-    _target_: gabbro.utils.optimizer.ranger.Ranger
-    _partial_: true
-    lr: 0.001
-    weight_decay: 0.01
-    betas:
-    - 0.95
-    - 0.999
-    eps: 1.0e-05
-    alpha: 0.5
-    k: 6
-  scheduler:
-    _target_: torch.optim.lr_scheduler.ConstantLR
-    _partial_: true
-    total_iters: 1
-    factor: 1
-  model_kwargs_loaded: null
-  scheduler_lightning_kwargs:
-    monitor: val_loss
-    interval: step
-    frequency: 1
-callbacks:
-  model_checkpoint:
-    _target_: gabbro.callbacks.checkpoint_callback.CustomModelCheckpoint
-    state_key: General-checkpoint-callback
-    dirpath: \${paths.output_dir}/checkpoints
-    filename: epoch_{epoch:03d}_loss_{val_loss:.5f}
-    monitor: val_loss
-    verbose: true
-    save_last: true
-    save_top_k: -1
-    mode: min
-    auto_insert_metric_name: false
-    save_weights_only: false
-    every_n_train_steps: null
-    train_time_interval: null
-    every_n_epochs: 1
-    save_on_train_epoch_end: false
-  model_summary:
-    _target_: lightning.pytorch.callbacks.RichModelSummary
-    max_depth: -1
-  lr_monitor:
-    _target_: lightning.pytorch.callbacks.LearningRateMonitor
-    logging_interval: step
-    log_momentum: false
-  tokenization_callback:
-    _target_: gabbro.callbacks.tokenization_callback.TokenizationEvalCallback
-feature_dict:
-  part_pt:
-    multiply_by: 1
-    subtract_by: 1.8
-    func: signed_log
-    inv_func: signed_exp
-  part_etarel:
-    multiply_by: 3
-  part_phirel:
-    multiply_by: 3
-logger:
-  comet:
-    _target_: lightning.pytorch.loggers.comet.CometLogger
-    api_key: \${oc.env:COMET_API_TOKEN}
-    save_dir: \${paths.output_dir}
-    project_name: \${project_name}
-    rest_api_key: null
-    experiment_key: null
-    offline: false
-    prefix: ''
-    experiment_name: null
-  csv:
-    _target_: lightning.pytorch.loggers.csv_logs.CSVLogger
-    save_dir: \${paths.output_dir}
-    name: csv/
-    prefix: ''
-  wandb:
-    project: \${project_name}
-    tags: \${tags}
-    name: \${task_name}
-trainer:
-  _target_: lightning.Trainer
-  default_root_dir: \${paths.output_dir}
-  min_epochs: 1
-  accelerator: gpu
-  devices: 1
-  num_nodes: 1
-  strategy: auto
-  enable_progress_bar: false
-  check_val_every_n_epoch: 1
-  deterministic: false
-  max_steps: 1000000
-  gradient_clip_val: 5
-  log_every_n_steps: 10
-  limit_train_batches: \${eval:'int(\${data.dataset_kwargs_train.n_files_at_once} *
-    \${data.dataset_kwargs_train.n_jets_per_file} / \${data.batch_size.train} / \${trainer.devices}
-    / \${trainer.num_nodes})'}
-  limit_val_batches: \${eval:'int(\${data.dataset_kwargs_val.n_files_at_once} * \${data.dataset_kwargs_val.n_jets_per_file}
-    / \${data.batch_size.val} / \${trainer.devices} / \${trainer.num_nodes})'}
-paths:
-  log_dir: \${oc.env:LOG_DIR}
-  output_dir: \${hydra:run.dir}
-  work_dir: \${hydra:runtime.cwd}
-extras:
-  ignore_warnings: false
-  enforce_tags: true
-  print_config: true
-load_weights_from: false
-load_weights_strict: false
-continue_from_checkpoint: null
-project_name: tokenization
-run_note: ''
diff --git a/trained/tokenization/runs/2026-07-06_17-26-13_gpu024_PlainTurkey/.hydra/hydra.yaml b/trained/tokenization/runs/2026-07-06_17-26-13_gpu024_PlainTurkey/.hydra/hydra.yaml
deleted file mode 100644
index 7874def..0000000
--- a/trained/tokenization/runs/2026-07-06_17-26-13_gpu024_PlainTurkey/.hydra/hydra.yaml
+++ /dev/null
@@ -1,179 +0,0 @@
-hydra:
-  run:
-    dir: \${paths.log_dir}/\${project_name}/runs/\${now:%Y-%m-%d}_\${now:%H-%M-%S}_\${nodename_bigram:}
-  sweep:
-    dir: \${paths.log_dir}/\${project_name}/multiruns/\${now:%Y-%m-%d}_\${now:%H-%M-%S}
-    subdir: \${hydra.job.num}
-  launcher:
-    _target_: hydra._internal.core_plugins.basic_launcher.BasicLauncher
-  sweeper:
-    _target_: hydra._internal.core_plugins.basic_sweeper.BasicSweeper
-    max_batch_size: null
-    params: null
-  help:
-    app_name: \${hydra.job.name}
-    header: '\${hydra.help.app_name} is powered by Hydra.
-
-      '
-    footer: 'Powered by Hydra (https://hydra.cc)
-
-      Use --hydra-help to view Hydra specific help
-
-      '
-    template: '\${hydra.help.header}
-
-      == Configuration groups ==
-
-      Compose your configuration from those groups (group=option)
-
-
-      \$APP_CONFIG_GROUPS
-
-
-      == Config ==
-
-      Override anything in the config (foo.bar=value)
-
-
-      \$CONFIG
-
-
-      \${hydra.help.footer}
-
-      '
-  hydra_help:
-    template: 'Hydra (\${hydra.runtime.version})
-
-      See https://hydra.cc for more info.
-
-
-      == Flags ==
-
-      \$FLAGS_HELP
-
-
-      == Configuration groups ==
-
-      Compose your configuration from those groups (For example, append hydra/job_logging=disabled
-      to command line)
-
-
-      \$HYDRA_CONFIG_GROUPS
-
-
-      Use ''--cfg hydra'' to Show the Hydra config.
-
-      '
-    hydra_help: ???
-  hydra_logging:
-    version: 1
-    formatters:
-      colorlog:
-        (): colorlog.ColoredFormatter
-        format: '[%(cyan)s%(asctime)s%(reset)s][%(purple)sHYDRA%(reset)s] %(message)s'
-    handlers:
-      console:
-        class: logging.StreamHandler
-        formatter: colorlog
-        stream: ext://sys.stdout
-    root:
-      level: INFO
-      handlers:
-      - console
-    disable_existing_loggers: false
-  job_logging:
-    version: 1
-    formatters:
-      simple:
-        format: '[%(asctime)s][%(name)s][%(levelname)s] - %(message)s'
-      colorlog:
-        (): colorlog.ColoredFormatter
-        format: '[%(cyan)s%(asctime)s%(reset)s][%(blue)s%(name)s%(reset)s][%(log_color)s%(levelname)s%(reset)s]
-          - %(message)s'
-        log_colors:
-          DEBUG: purple
-          INFO: green
-          WARNING: yellow
-          ERROR: red
-          CRITICAL: red
-    handlers:
-      console:
-        class: logging.StreamHandler
-        formatter: colorlog
-        stream: ext://sys.stdout
-      file:
-        class: logging.FileHandler
-        formatter: simple
-        filename: \${hydra.job.name}.log
-    root:
-      level: INFO
-      handlers:
-      - console
-      - file
-    disable_existing_loggers: false
-  env: {}
-  mode: RUN
-  searchpath: []
-  callbacks: {}
-  output_subdir: .hydra
-  overrides:
-    hydra:
-    - hydra.mode=RUN
-    task:
-    - experiment=example_experiment_tokenization_transformer
-  job:
-    name: train
-    chdir: null
-    override_dirname: experiment=example_experiment_tokenization_transformer
-    id: ???
-    num: ???
-    config_name: train.yaml
-    env_set: {}
-    env_copy: []
-    config:
-      override_dirname:
-        kv_sep: '='
-        item_sep: ','
-        exclude_keys: []
-  runtime:
-    version: 1.3.2
-    version_base: '1.3'
-    cwd: /home/users/w/wozniak/dev/enhancing-ntp4jets
-    config_sources:
-    - path: hydra.conf
-      schema: pkg
-      provider: hydra
-    - path: /home/users/w/wozniak/dev/enhancing-ntp4jets/configs
-      schema: file
-      provider: main
-    - path: hydra_plugins.hydra_colorlog.conf
-      schema: pkg
-      provider: hydra-colorlog
-    - path: ''
-      schema: structured
-      provider: schema
-    output_dir: /home/users/w/wozniak/dev/enhancing-ntp4jets/trained/tokenization/runs/2026-07-06_17-26-13_gpu024_PlainTurkey
-    choices:
-      debug: null
-      local: default.yaml
-      hparams_search: null
-      experiment: example_experiment_tokenization_transformer
-      hydra: default.yaml
-      extras: default.yaml
-      paths: default.yaml
-      trainer: gpu.yaml
-      logger: many_loggers.yaml
-      feature_dict: feature_dict_kin_massless_without_cuts.yaml
-      callbacks: tokenization_callbacks.yaml
-      model: model_vqvae_transformer.yaml
-      data: iter_dataset_jetclass_all_types.yaml
-      hydra/env: default
-      hydra/callbacks: null
-      hydra/job_logging: colorlog
-      hydra/hydra_logging: colorlog
-      hydra/hydra_help: default
-      hydra/help: default
-      hydra/sweeper: basic
-      hydra/launcher: basic
-      hydra/output: default
-  verbose: false
diff --git a/trained/tokenization/runs/2026-07-06_17-26-13_gpu024_PlainTurkey/.hydra/overrides.yaml b/trained/tokenization/runs/2026-07-06_17-26-13_gpu024_PlainTurkey/.hydra/overrides.yaml
deleted file mode 100644
index 1d84653..0000000
--- a/trained/tokenization/runs/2026-07-06_17-26-13_gpu024_PlainTurkey/.hydra/overrides.yaml
+++ /dev/null
@@ -1 +0,0 @@
-- experiment=example_experiment_tokenization_transformer
diff --git a/trained/tokenization/runs/2026-07-06_17-26-13_gpu024_PlainTurkey/config.yaml b/trained/tokenization/runs/2026-07-06_17-26-13_gpu024_PlainTurkey/config.yaml
deleted file mode 100644
index f14e199..0000000
--- a/trained/tokenization/runs/2026-07-06_17-26-13_gpu024_PlainTurkey/config.yaml
+++ /dev/null
@@ -1,277 +0,0 @@
-task_name: tokenization
-tags:
-- vqvae_tokenization
-train: true
-test: true
-test_only_on_rank_zero: true
-ckpt_path: null
-seed: null
-ckpt_path_for_evaluation: null
-output_dir_resub: null
-dataset_size_id: null
-data:
-  dataset_kwargs_train:
-    logger_name: IterDataset-Train
-    shuffle_files: true
-    shuffle_data: true
-    seed: 42
-    max_n_files_per_type: null
-    n_jets_per_file: 100000
-    files_dict:
-      QCD:
-      - \${data.data_dir}/train_100M/ZJetsToNuNu_*
-      Hbb:
-      - \${data.data_dir}/train_100M/HToBB_*
-      Hcc:
-      - \${data.data_dir}/train_100M/HToCC_*
-      Hgg:
-      - \${data.data_dir}/train_100M/HToGG_*
-      H4q:
-      - \${data.data_dir}/train_100M/HToWW4Q_*
-      Hqql:
-      - \${data.data_dir}/train_100M/HToWW2Q1L_*
-      Zqq:
-      - \${data.data_dir}/train_100M/ZToQQ_*
-      Wqq:
-      - \${data.data_dir}/train_100M/WToQQ_*
-      Tbqq:
-      - \${data.data_dir}/train_100M/TTBar_*
-      Tbl:
-      - \${data.data_dir}/train_100M/TTBarLep_*
-    n_files_at_once: 10
-    load_only_once: false
-  dataset_kwargs_val:
-    logger_name: IterDataset-Validation
-    shuffle_files: false
-    shuffle_data: true
-    seed_shuffle_data: 42
-    max_n_files_per_type: 1
-    files_dict:
-      QCD:
-      - \${data.data_dir}/val_5M/ZJetsToNuNu_*
-      Hbb:
-      - \${data.data_dir}/val_5M/HToBB_*
-      Hcc:
-      - \${data.data_dir}/val_5M/HToCC_*
-      Hgg:
-      - \${data.data_dir}/val_5M/HToGG_*
-      H4q:
-      - \${data.data_dir}/val_5M/HToWW4Q_*
-      Hqql:
-      - \${data.data_dir}/val_5M/HToWW2Q1L_*
-      Zqq:
-      - \${data.data_dir}/val_5M/ZToQQ_*
-      Wqq:
-      - \${data.data_dir}/val_5M/WToQQ_*
-      Tbqq:
-      - \${data.data_dir}/val_5M/TTBar_*
-      Tbl:
-      - \${data.data_dir}/val_5M/TTBarLep_*
-    n_files_at_once: 10
-    load_only_once: true
-    shuffle_only_once: true
-    n_jets_per_file: 10000
-  dataset_kwargs_test:
-    logger_name: IterDataset-Test
-    shuffle_files: false
-    shuffle_data: true
-    seed_shuffle_data: 42
-    max_n_files_per_type: 1
-    files_dict:
-      QCD:
-      - \${data.data_dir}/test_20M/ZJetsToNuNu_*
-      Hbb:
-      - \${data.data_dir}/test_20M/HToBB_*
-      Hcc:
-      - \${data.data_dir}/test_20M/HToCC_*
-      Hgg:
-      - \${data.data_dir}/test_20M/HToGG_*
-      H4q:
-      - \${data.data_dir}/test_20M/HToWW4Q_*
-      Hqql:
-      - \${data.data_dir}/test_20M/HToWW2Q1L_*
-      Zqq:
-      - \${data.data_dir}/test_20M/ZToQQ_*
-      Wqq:
-      - \${data.data_dir}/test_20M/WToQQ_*
-      Tbqq:
-      - \${data.data_dir}/test_20M/TTBar_*
-      Tbl:
-      - \${data.data_dir}/test_20M/TTBarLep_*
-    n_files_at_once: 10
-    load_only_once: true
-    shuffle_only_once: true
-    n_jets_per_file: 20000
-  batch_size:
-    train: 500
-    val: 2000
-    test: 2000
-  data_dir: /srv/beegfs/scratch/groups/rodem/lumea/datasets/JetClass
-  _target_: gabbro.data.iterable_dataset_jetclass.IterableDatamodule
-  dataset_kwargs_common:
-    pad_length: 128
-    labels_to_load:
-    - label_QCD
-    - label_Hbb
-    - label_Hcc
-    - label_Hgg
-    - label_H4q
-    - label_Hqql
-    - label_Zqq
-    - label_Wqq
-    - label_Tbqq
-    - label_Tbl
-    shuffle_particles: true
-    n_files_at_once: 10
-    load_only_once: false
-    feature_dict: \${feature_dict}
-    feature_dict_jet: null
-model:
-  _target_: gabbro.models.vqvae.VQVAELightning
-  model_type: VQVAETransformer
-  model_kwargs:
-    hidden_dim: 128
-    latent_dim: 8
-    num_blocks: 4
-    num_heads: 8
-    alpha: 10
-    vq_kwargs:
-      num_codes: 8192
-      beta: 0.9
-      kmeans_init: false
-      norm: null
-      cb_norm: null
-      affine_lr: 2
-      sync_nu: 1
-      replace_freq: 500
-      dim: -1
-    old_transformer_implementation: false
-    in_out_proj_cfg: null
-    latent_proj_cfg: null
-    input_features_dict: \${feature_dict}
-    causal_decoder: true
-    conditional_dim: 0
-    max_sequence_len: 128
-    transformer_cfg:
-      attn_cfg:
-        num_heads: \${model.model_kwargs.num_heads}
-        dropout_rate: 0.0
-        norm_before: true
-        norm_after: false
-      mlp_cfg:
-        expansion_factor: 4
-        dropout_rate: 0.0
-        norm_before: true
-        activation: GELU
-      residual_cfg:
-        gate_type: local
-        init_value: 1.0
-  optimizer:
-    _target_: gabbro.utils.optimizer.ranger.Ranger
-    _partial_: true
-    lr: 0.001
-    weight_decay: 0.01
-    betas:
-    - 0.95
-    - 0.999
-    eps: 1.0e-05
-    alpha: 0.5
-    k: 6
-  scheduler:
-    _target_: torch.optim.lr_scheduler.ConstantLR
-    _partial_: true
-    total_iters: 1
-    factor: 1
-  model_kwargs_loaded: null
-  scheduler_lightning_kwargs:
-    monitor: val_loss
-    interval: step
-    frequency: 1
-callbacks:
-  model_checkpoint:
-    _target_: gabbro.callbacks.checkpoint_callback.CustomModelCheckpoint
-    state_key: General-checkpoint-callback
-    dirpath: \${paths.output_dir}/checkpoints
-    filename: epoch_{epoch:03d}_loss_{val_loss:.5f}
-    monitor: val_loss
-    verbose: true
-    save_last: true
-    save_top_k: -1
-    mode: min
-    auto_insert_metric_name: false
-    save_weights_only: false
-    every_n_train_steps: null
-    train_time_interval: null
-    every_n_epochs: 1
-    save_on_train_epoch_end: false
-  model_summary:
-    _target_: lightning.pytorch.callbacks.RichModelSummary
-    max_depth: -1
-  lr_monitor:
-    _target_: lightning.pytorch.callbacks.LearningRateMonitor
-    logging_interval: step
-    log_momentum: false
-  tokenization_callback:
-    _target_: gabbro.callbacks.tokenization_callback.TokenizationEvalCallback
-feature_dict:
-  part_pt:
-    multiply_by: 1
-    subtract_by: 1.8
-    func: signed_log
-    inv_func: signed_exp
-  part_etarel:
-    multiply_by: 3
-  part_phirel:
-    multiply_by: 3
-logger:
-  comet:
-    _target_: lightning.pytorch.loggers.comet.CometLogger
-    api_key: \${oc.env:COMET_API_TOKEN}
-    save_dir: \${paths.output_dir}
-    project_name: \${project_name}
-    rest_api_key: null
-    experiment_key: a18dd3886c464bb59e07f05a136fb358
-    offline: false
-    prefix: ''
-    experiment_name: gpu024
-  csv:
-    _target_: lightning.pytorch.loggers.csv_logs.CSVLogger
-    save_dir: \${paths.output_dir}
-    name: csv/
-    prefix: ''
-  wandb:
-    project: \${project_name}
-    tags: \${tags}
-    name: gpu024
-trainer:
-  _target_: lightning.Trainer
-  default_root_dir: \${paths.output_dir}
-  min_epochs: 1
-  accelerator: gpu
-  devices: 1
-  num_nodes: 1
-  strategy: auto
-  enable_progress_bar: false
-  check_val_every_n_epoch: 1
-  deterministic: false
-  max_steps: 1000000
-  gradient_clip_val: 5
-  log_every_n_steps: 10
-  limit_train_batches: \${eval:'int(\${data.dataset_kwargs_train.n_files_at_once} *
-    \${data.dataset_kwargs_train.n_jets_per_file} / \${data.batch_size.train} / \${trainer.devices}
-    / \${trainer.num_nodes})'}
-  limit_val_batches: \${eval:'int(\${data.dataset_kwargs_val.n_files_at_once} * \${data.dataset_kwargs_val.n_jets_per_file}
-    / \${data.batch_size.val} / \${trainer.devices} / \${trainer.num_nodes})'}
-paths:
-  log_dir: \${oc.env:LOG_DIR}
-  output_dir: \${hydra:run.dir}
-  work_dir: \${hydra:runtime.cwd}
-extras:
-  ignore_warnings: false
-  enforce_tags: true
-  print_config: true
-load_weights_from: false
-load_weights_strict: false
-continue_from_checkpoint: null
-project_name: tokenization
-run_note: ''
diff --git a/trained/tokenization/runs/2026-07-06_17-26-13_gpu024_PlainTurkey/config_resolved.yaml b/trained/tokenization/runs/2026-07-06_17-26-13_gpu024_PlainTurkey/config_resolved.yaml
deleted file mode 100644
index 94da991..0000000
--- a/trained/tokenization/runs/2026-07-06_17-26-13_gpu024_PlainTurkey/config_resolved.yaml
+++ /dev/null
@@ -1,293 +0,0 @@
-task_name: tokenization
-tags:
-- vqvae_tokenization
-train: true
-test: true
-test_only_on_rank_zero: true
-ckpt_path: null
-seed: null
-ckpt_path_for_evaluation: null
-output_dir_resub: null
-dataset_size_id: null
-data:
-  dataset_kwargs_train:
-    logger_name: IterDataset-Train
-    shuffle_files: true
-    shuffle_data: true
-    seed: 42
-    max_n_files_per_type: null
-    n_jets_per_file: 100000
-    files_dict:
-      QCD:
-      - /srv/beegfs/scratch/groups/rodem/lumea/datasets/JetClass/train_100M/ZJetsToNuNu_*
-      Hbb:
-      - /srv/beegfs/scratch/groups/rodem/lumea/datasets/JetClass/train_100M/HToBB_*
-      Hcc:
-      - /srv/beegfs/scratch/groups/rodem/lumea/datasets/JetClass/train_100M/HToCC_*
-      Hgg:
-      - /srv/beegfs/scratch/groups/rodem/lumea/datasets/JetClass/train_100M/HToGG_*
-      H4q:
-      - /srv/beegfs/scratch/groups/rodem/lumea/datasets/JetClass/train_100M/HToWW4Q_*
-      Hqql:
-      - /srv/beegfs/scratch/groups/rodem/lumea/datasets/JetClass/train_100M/HToWW2Q1L_*
-      Zqq:
-      - /srv/beegfs/scratch/groups/rodem/lumea/datasets/JetClass/train_100M/ZToQQ_*
-      Wqq:
-      - /srv/beegfs/scratch/groups/rodem/lumea/datasets/JetClass/train_100M/WToQQ_*
-      Tbqq:
-      - /srv/beegfs/scratch/groups/rodem/lumea/datasets/JetClass/train_100M/TTBar_*
-      Tbl:
-      - /srv/beegfs/scratch/groups/rodem/lumea/datasets/JetClass/train_100M/TTBarLep_*
-    n_files_at_once: 10
-    load_only_once: false
-  dataset_kwargs_val:
-    logger_name: IterDataset-Validation
-    shuffle_files: false
-    shuffle_data: true
-    seed_shuffle_data: 42
-    max_n_files_per_type: 1
-    files_dict:
-      QCD:
-      - /srv/beegfs/scratch/groups/rodem/lumea/datasets/JetClass/val_5M/ZJetsToNuNu_*
-      Hbb:
-      - /srv/beegfs/scratch/groups/rodem/lumea/datasets/JetClass/val_5M/HToBB_*
-      Hcc:
-      - /srv/beegfs/scratch/groups/rodem/lumea/datasets/JetClass/val_5M/HToCC_*
-      Hgg:
-      - /srv/beegfs/scratch/groups/rodem/lumea/datasets/JetClass/val_5M/HToGG_*
-      H4q:
-      - /srv/beegfs/scratch/groups/rodem/lumea/datasets/JetClass/val_5M/HToWW4Q_*
-      Hqql:
-      - /srv/beegfs/scratch/groups/rodem/lumea/datasets/JetClass/val_5M/HToWW2Q1L_*
-      Zqq:
-      - /srv/beegfs/scratch/groups/rodem/lumea/datasets/JetClass/val_5M/ZToQQ_*
-      Wqq:
-      - /srv/beegfs/scratch/groups/rodem/lumea/datasets/JetClass/val_5M/WToQQ_*
-      Tbqq:
-      - /srv/beegfs/scratch/groups/rodem/lumea/datasets/JetClass/val_5M/TTBar_*
-      Tbl:
-      - /srv/beegfs/scratch/groups/rodem/lumea/datasets/JetClass/val_5M/TTBarLep_*
-    n_files_at_once: 10
-    load_only_once: true
-    shuffle_only_once: true
-    n_jets_per_file: 10000
-  dataset_kwargs_test:
-    logger_name: IterDataset-Test
-    shuffle_files: false
-    shuffle_data: true
-    seed_shuffle_data: 42
-    max_n_files_per_type: 1
-    files_dict:
-      QCD:
-      - /srv/beegfs/scratch/groups/rodem/lumea/datasets/JetClass/test_20M/ZJetsToNuNu_*
-      Hbb:
-      - /srv/beegfs/scratch/groups/rodem/lumea/datasets/JetClass/test_20M/HToBB_*
-      Hcc:
-      - /srv/beegfs/scratch/groups/rodem/lumea/datasets/JetClass/test_20M/HToCC_*
-      Hgg:
-      - /srv/beegfs/scratch/groups/rodem/lumea/datasets/JetClass/test_20M/HToGG_*
-      H4q:
-      - /srv/beegfs/scratch/groups/rodem/lumea/datasets/JetClass/test_20M/HToWW4Q_*
-      Hqql:
-      - /srv/beegfs/scratch/groups/rodem/lumea/datasets/JetClass/test_20M/HToWW2Q1L_*
-      Zqq:
-      - /srv/beegfs/scratch/groups/rodem/lumea/datasets/JetClass/test_20M/ZToQQ_*
-      Wqq:
-      - /srv/beegfs/scratch/groups/rodem/lumea/datasets/JetClass/test_20M/WToQQ_*
-      Tbqq:
-      - /srv/beegfs/scratch/groups/rodem/lumea/datasets/JetClass/test_20M/TTBar_*
-      Tbl:
-      - /srv/beegfs/scratch/groups/rodem/lumea/datasets/JetClass/test_20M/TTBarLep_*
-    n_files_at_once: 10
-    load_only_once: true
-    shuffle_only_once: true
-    n_jets_per_file: 20000
-  batch_size:
-    train: 500
-    val: 2000
-    test: 2000
-  data_dir: /srv/beegfs/scratch/groups/rodem/lumea/datasets/JetClass
-  _target_: gabbro.data.iterable_dataset_jetclass.IterableDatamodule
-  dataset_kwargs_common:
-    pad_length: 128
-    labels_to_load:
-    - label_QCD
-    - label_Hbb
-    - label_Hcc
-    - label_Hgg
-    - label_H4q
-    - label_Hqql
-    - label_Zqq
-    - label_Wqq
-    - label_Tbqq
-    - label_Tbl
-    shuffle_particles: true
-    n_files_at_once: 10
-    load_only_once: false
-    feature_dict:
-      part_pt:
-        multiply_by: 1
-        subtract_by: 1.8
-        func: signed_log
-        inv_func: signed_exp
-      part_etarel:
-        multiply_by: 3
-      part_phirel:
-        multiply_by: 3
-    feature_dict_jet: null
-model:
-  _target_: gabbro.models.vqvae.VQVAELightning
-  model_type: VQVAETransformer
-  model_kwargs:
-    hidden_dim: 128
-    latent_dim: 8
-    num_blocks: 4
-    num_heads: 8
-    alpha: 10
-    vq_kwargs:
-      num_codes: 8192
-      beta: 0.9
-      kmeans_init: false
-      norm: null
-      cb_norm: null
-      affine_lr: 2
-      sync_nu: 1
-      replace_freq: 500
-      dim: -1
-    old_transformer_implementation: false
-    in_out_proj_cfg: null
-    latent_proj_cfg: null
-    input_features_dict:
-      part_pt:
-        multiply_by: 1
-        subtract_by: 1.8
-        func: signed_log
-        inv_func: signed_exp
-      part_etarel:
-        multiply_by: 3
-      part_phirel:
-        multiply_by: 3
-    causal_decoder: true
-    conditional_dim: 0
-    max_sequence_len: 128
-    transformer_cfg:
-      attn_cfg:
-        num_heads: 8
-        dropout_rate: 0.0
-        norm_before: true
-        norm_after: false
-      mlp_cfg:
-        expansion_factor: 4
-        dropout_rate: 0.0
-        norm_before: true
-        activation: GELU
-      residual_cfg:
-        gate_type: local
-        init_value: 1.0
-  optimizer:
-    _target_: gabbro.utils.optimizer.ranger.Ranger
-    _partial_: true
-    lr: 0.001
-    weight_decay: 0.01
-    betas:
-    - 0.95
-    - 0.999
-    eps: 1.0e-05
-    alpha: 0.5
-    k: 6
-  scheduler:
-    _target_: torch.optim.lr_scheduler.ConstantLR
-    _partial_: true
-    total_iters: 1
-    factor: 1
-  model_kwargs_loaded: null
-  scheduler_lightning_kwargs:
-    monitor: val_loss
-    interval: step
-    frequency: 1
-callbacks:
-  model_checkpoint:
-    _target_: gabbro.callbacks.checkpoint_callback.CustomModelCheckpoint
-    state_key: General-checkpoint-callback
-    dirpath: trained/tokenization/runs/2026-07-06_17-26-13_gpu024_PlainTurkey/checkpoints
-    filename: epoch_{epoch:03d}_loss_{val_loss:.5f}
-    monitor: val_loss
-    verbose: true
-    save_last: true
-    save_top_k: -1
-    mode: min
-    auto_insert_metric_name: false
-    save_weights_only: false
-    every_n_train_steps: null
-    train_time_interval: null
-    every_n_epochs: 1
-    save_on_train_epoch_end: false
-  model_summary:
-    _target_: lightning.pytorch.callbacks.RichModelSummary
-    max_depth: -1
-  lr_monitor:
-    _target_: lightning.pytorch.callbacks.LearningRateMonitor
-    logging_interval: step
-    log_momentum: false
-  tokenization_callback:
-    _target_: gabbro.callbacks.tokenization_callback.TokenizationEvalCallback
-feature_dict:
-  part_pt:
-    multiply_by: 1
-    subtract_by: 1.8
-    func: signed_log
-    inv_func: signed_exp
-  part_etarel:
-    multiply_by: 3
-  part_phirel:
-    multiply_by: 3
-logger:
-  comet:
-    _target_: lightning.pytorch.loggers.comet.CometLogger
-    api_key: bSH6vlLeei9OzSDWdWXZmNgqU
-    save_dir: trained/tokenization/runs/2026-07-06_17-26-13_gpu024_PlainTurkey
-    project_name: tokenization
-    rest_api_key: null
-    experiment_key: a18dd3886c464bb59e07f05a136fb358
-    offline: false
-    prefix: ''
-    experiment_name: gpu024
-  csv:
-    _target_: lightning.pytorch.loggers.csv_logs.CSVLogger
-    save_dir: trained/tokenization/runs/2026-07-06_17-26-13_gpu024_PlainTurkey
-    name: csv/
-    prefix: ''
-  wandb:
-    project: tokenization
-    tags:
-    - vqvae_tokenization
-    name: gpu024
-trainer:
-  _target_: lightning.Trainer
-  default_root_dir: trained/tokenization/runs/2026-07-06_17-26-13_gpu024_PlainTurkey
-  min_epochs: 1
-  accelerator: gpu
-  devices: 1
-  num_nodes: 1
-  strategy: auto
-  enable_progress_bar: false
-  check_val_every_n_epoch: 1
-  deterministic: false
-  max_steps: 1000000
-  gradient_clip_val: 5
-  log_every_n_steps: 10
-  limit_train_batches: 2000
-  limit_val_batches: 50
-paths:
-  log_dir: trained
-  output_dir: trained/tokenization/runs/2026-07-06_17-26-13_gpu024_PlainTurkey
-  work_dir: /home/users/w/wozniak/dev/enhancing-ntp4jets
-extras:
-  ignore_warnings: false
-  enforce_tags: true
-  print_config: true
-load_weights_from: false
-load_weights_strict: false
-continue_from_checkpoint: null
-project_name: tokenization
-run_note: ''
diff --git a/trained/tokenization/runs/2026-07-06_17-26-13_gpu024_PlainTurkey/csv/version_0/hparams.yaml b/trained/tokenization/runs/2026-07-06_17-26-13_gpu024_PlainTurkey/csv/version_0/hparams.yaml
deleted file mode 100644
index ba614ce..0000000
--- a/trained/tokenization/runs/2026-07-06_17-26-13_gpu024_PlainTurkey/csv/version_0/hparams.yaml
+++ /dev/null
@@ -1,272 +0,0 @@
-model:
-  _target_: gabbro.models.vqvae.VQVAELightning
-  model_type: VQVAETransformer
-  model_kwargs:
-    hidden_dim: 128
-    latent_dim: 8
-    num_blocks: 4
-    num_heads: 8
-    alpha: 10
-    vq_kwargs:
-      num_codes: 8192
-      beta: 0.9
-      kmeans_init: false
-      norm: null
-      cb_norm: null
-      affine_lr: 2
-      sync_nu: 1
-      replace_freq: 500
-      dim: -1
-    old_transformer_implementation: false
-    in_out_proj_cfg: null
-    latent_proj_cfg: null
-    input_features_dict:
-      part_pt:
-        multiply_by: 1
-        subtract_by: 1.8
-        func: signed_log
-        inv_func: signed_exp
-      part_etarel:
-        multiply_by: 3
-      part_phirel:
-        multiply_by: 3
-    causal_decoder: true
-    conditional_dim: 0
-    max_sequence_len: 128
-    transformer_cfg:
-      attn_cfg:
-        num_heads: 8
-        dropout_rate: 0.0
-        norm_before: true
-        norm_after: false
-      mlp_cfg:
-        expansion_factor: 4
-        dropout_rate: 0.0
-        norm_before: true
-        activation: GELU
-      residual_cfg:
-        gate_type: local
-        init_value: 1.0
-  optimizer:
-    _target_: gabbro.utils.optimizer.ranger.Ranger
-    _partial_: true
-    lr: 0.001
-    weight_decay: 0.01
-    betas:
-    - 0.95
-    - 0.999
-    eps: 1.0e-05
-    alpha: 0.5
-    k: 6
-  scheduler:
-    _target_: torch.optim.lr_scheduler.ConstantLR
-    _partial_: true
-    total_iters: 1
-    factor: 1
-  model_kwargs_loaded: null
-  scheduler_lightning_kwargs:
-    monitor: val_loss
-    interval: step
-    frequency: 1
-model/params/total: 1656859
-model/params/trainable: 1656859
-model/params/non_trainable: 0
-data:
-  dataset_kwargs_train:
-    logger_name: IterDataset-Train
-    shuffle_files: true
-    shuffle_data: true
-    seed: 42
-    max_n_files_per_type: null
-    n_jets_per_file: 100000
-    files_dict:
-      QCD:
-      - /srv/beegfs/scratch/groups/rodem/lumea/datasets/JetClass/train_100M/ZJetsToNuNu_*
-      Hbb:
-      - /srv/beegfs/scratch/groups/rodem/lumea/datasets/JetClass/train_100M/HToBB_*
-      Hcc:
-      - /srv/beegfs/scratch/groups/rodem/lumea/datasets/JetClass/train_100M/HToCC_*
-      Hgg:
-      - /srv/beegfs/scratch/groups/rodem/lumea/datasets/JetClass/train_100M/HToGG_*
-      H4q:
-      - /srv/beegfs/scratch/groups/rodem/lumea/datasets/JetClass/train_100M/HToWW4Q_*
-      Hqql:
-      - /srv/beegfs/scratch/groups/rodem/lumea/datasets/JetClass/train_100M/HToWW2Q1L_*
-      Zqq:
-      - /srv/beegfs/scratch/groups/rodem/lumea/datasets/JetClass/train_100M/ZToQQ_*
-      Wqq:
-      - /srv/beegfs/scratch/groups/rodem/lumea/datasets/JetClass/train_100M/WToQQ_*
-      Tbqq:
-      - /srv/beegfs/scratch/groups/rodem/lumea/datasets/JetClass/train_100M/TTBar_*
-      Tbl:
-      - /srv/beegfs/scratch/groups/rodem/lumea/datasets/JetClass/train_100M/TTBarLep_*
-    n_files_at_once: 10
-    load_only_once: false
-  dataset_kwargs_val:
-    logger_name: IterDataset-Validation
-    shuffle_files: false
-    shuffle_data: true
-    seed_shuffle_data: 42
-    max_n_files_per_type: 1
-    files_dict:
-      QCD:
-      - /srv/beegfs/scratch/groups/rodem/lumea/datasets/JetClass/val_5M/ZJetsToNuNu_*
-      Hbb:
-      - /srv/beegfs/scratch/groups/rodem/lumea/datasets/JetClass/val_5M/HToBB_*
-      Hcc:
-      - /srv/beegfs/scratch/groups/rodem/lumea/datasets/JetClass/val_5M/HToCC_*
-      Hgg:
-      - /srv/beegfs/scratch/groups/rodem/lumea/datasets/JetClass/val_5M/HToGG_*
-      H4q:
-      - /srv/beegfs/scratch/groups/rodem/lumea/datasets/JetClass/val_5M/HToWW4Q_*
-      Hqql:
-      - /srv/beegfs/scratch/groups/rodem/lumea/datasets/JetClass/val_5M/HToWW2Q1L_*
-      Zqq:
-      - /srv/beegfs/scratch/groups/rodem/lumea/datasets/JetClass/val_5M/ZToQQ_*
-      Wqq:
-      - /srv/beegfs/scratch/groups/rodem/lumea/datasets/JetClass/val_5M/WToQQ_*
-      Tbqq:
-      - /srv/beegfs/scratch/groups/rodem/lumea/datasets/JetClass/val_5M/TTBar_*
-      Tbl:
-      - /srv/beegfs/scratch/groups/rodem/lumea/datasets/JetClass/val_5M/TTBarLep_*
-    n_files_at_once: 10
-    load_only_once: true
-    shuffle_only_once: true
-    n_jets_per_file: 10000
-  dataset_kwargs_test:
-    logger_name: IterDataset-Test
-    shuffle_files: false
-    shuffle_data: true
-    seed_shuffle_data: 42
-    max_n_files_per_type: 1
-    files_dict:
-      QCD:
-      - /srv/beegfs/scratch/groups/rodem/lumea/datasets/JetClass/test_20M/ZJetsToNuNu_*
-      Hbb:
-      - /srv/beegfs/scratch/groups/rodem/lumea/datasets/JetClass/test_20M/HToBB_*
-      Hcc:
-      - /srv/beegfs/scratch/groups/rodem/lumea/datasets/JetClass/test_20M/HToCC_*
-      Hgg:
-      - /srv/beegfs/scratch/groups/rodem/lumea/datasets/JetClass/test_20M/HToGG_*
-      H4q:
-      - /srv/beegfs/scratch/groups/rodem/lumea/datasets/JetClass/test_20M/HToWW4Q_*
-      Hqql:
-      - /srv/beegfs/scratch/groups/rodem/lumea/datasets/JetClass/test_20M/HToWW2Q1L_*
-      Zqq:
-      - /srv/beegfs/scratch/groups/rodem/lumea/datasets/JetClass/test_20M/ZToQQ_*
-      Wqq:
-      - /srv/beegfs/scratch/groups/rodem/lumea/datasets/JetClass/test_20M/WToQQ_*
-      Tbqq:
-      - /srv/beegfs/scratch/groups/rodem/lumea/datasets/JetClass/test_20M/TTBar_*
-      Tbl:
-      - /srv/beegfs/scratch/groups/rodem/lumea/datasets/JetClass/test_20M/TTBarLep_*
-    n_files_at_once: 10
-    load_only_once: true
-    shuffle_only_once: true
-    n_jets_per_file: 20000
-  batch_size:
-    train: 500
-    val: 2000
-    test: 2000
-  data_dir: /srv/beegfs/scratch/groups/rodem/lumea/datasets/JetClass
-  _target_: gabbro.data.iterable_dataset_jetclass.IterableDatamodule
-  dataset_kwargs_common:
-    pad_length: 128
-    labels_to_load:
-    - label_QCD
-    - label_Hbb
-    - label_Hcc
-    - label_Hgg
-    - label_H4q
-    - label_Hqql
-    - label_Zqq
-    - label_Wqq
-    - label_Tbqq
-    - label_Tbl
-    shuffle_particles: true
-    n_files_at_once: 10
-    load_only_once: false
-    feature_dict:
-      part_pt:
-        multiply_by: 1
-        subtract_by: 1.8
-        func: signed_log
-        inv_func: signed_exp
-      part_etarel:
-        multiply_by: 3
-      part_phirel:
-        multiply_by: 3
-    feature_dict_jet: null
-trainer:
-  _target_: lightning.Trainer
-  default_root_dir: trained/tokenization/runs/2026-07-06_17-26-13_gpu024_PlainTurkey
-  min_epochs: 1
-  accelerator: gpu
-  devices: 1
-  num_nodes: 1
-  strategy: auto
-  enable_progress_bar: false
-  check_val_every_n_epoch: 1
-  deterministic: false
-  max_steps: 1000000
-  gradient_clip_val: 5
-  log_every_n_steps: 10
-  limit_train_batches: 2000
-  limit_val_batches: 50
-callbacks:
-  model_checkpoint:
-    _target_: gabbro.callbacks.checkpoint_callback.CustomModelCheckpoint
-    state_key: General-checkpoint-callback
-    dirpath: trained/tokenization/runs/2026-07-06_17-26-13_gpu024_PlainTurkey/checkpoints
-    filename: epoch_{epoch:03d}_loss_{val_loss:.5f}
-    monitor: val_loss
-    verbose: true
-    save_last: true
-    save_top_k: -1
-    mode: min
-    auto_insert_metric_name: false
-    save_weights_only: false
-    every_n_train_steps: null
-    train_time_interval: null
-    every_n_epochs: 1
-    save_on_train_epoch_end: false
-  model_summary:
-    _target_: lightning.pytorch.callbacks.RichModelSummary
-    max_depth: -1
-  lr_monitor:
-    _target_: lightning.pytorch.callbacks.LearningRateMonitor
-    logging_interval: step
-    log_momentum: false
-  tokenization_callback:
-    _target_: gabbro.callbacks.tokenization_callback.TokenizationEvalCallback
-extras:
-  ignore_warnings: false
-  enforce_tags: true
-  print_config: true
-task_name: tokenization
-tags:
-- vqvae_tokenization
-ckpt_path: null
-seed: null
-run_note: ''
-git:
-  git_hash: 6d83f40c7fc33ff6bbcda3bf62e93d5f10629d47
-  git_status: "\n====================================================================================================\n\
-    ========== start git diff ==========\ndiff --git a/configs/experiment/example_experiment_tokenization_transformer.yaml\
-    \ b/configs/experiment/example_experiment_tokenization_transformer.yaml\nindex\
-    \ 29546cd..5b6aad8 100644\n--- a/configs/experiment/example_experiment_tokenization_transformer.yaml\n\
-    +++ b/configs/experiment/example_experiment_tokenization_transformer.yaml\n@@\
-    \ -4,7 +4,7 @@\n # python gabbro/train.py experiment=example_experiment_tokenization_transformer\n\
-    \ \n defaults:\n-  - override /feature_dict: feature_dict_kin_massles_without_cuts.yaml\n\
-    +  - override /feature_dict: feature_dict_kin_massless_without_cuts.yaml\n   -\
-    \ override /data: iter_dataset_jetclass_all_types.yaml\n   - override /model:\
-    \ model_vqvae_transformer.yaml\n   - override /callbacks: tokenization_callbacks.yaml\n\
-    \n========== end git diff ==========\n====================================================================================================\n"
-  git_last_commit_message: moving pyroot up in training script to have access to project
-    root
-slurm:
-  job_id: '10133118'
-  log_file: null
-load_weights_from: false
-gpu_properties:
-  rank0: NVIDIA GeForce RTX 3080
diff --git a/trained/tokenization/runs/2026-07-06_17-26-13_gpu024_PlainTurkey/untrained_model_state_dict.ckpt b/trained/tokenization/runs/2026-07-06_17-26-13_gpu024_PlainTurkey/untrained_model_state_dict.ckpt
deleted file mode 100644
index 359ca2b..0000000
Binary files a/trained/tokenization/runs/2026-07-06_17-26-13_gpu024_PlainTurkey/untrained_model_state_dict.ckpt and /dev/null differ
diff --git a/trained/tokenization/runs/2026-07-06_17-29-22_gpu024_FirmamentalCamcorder/.hydra/config.yaml b/trained/tokenization/runs/2026-07-06_17-29-22_gpu024_FirmamentalCamcorder/.hydra/config.yaml
deleted file mode 100644
index 39bf013..0000000
--- a/trained/tokenization/runs/2026-07-06_17-29-22_gpu024_FirmamentalCamcorder/.hydra/config.yaml
+++ /dev/null
@@ -1,277 +0,0 @@
-task_name: tokenization
-tags:
-- vqvae_tokenization
-train: true
-test: true
-test_only_on_rank_zero: true
-ckpt_path: null
-seed: null
-ckpt_path_for_evaluation: null
-output_dir_resub: null
-dataset_size_id: null
-data:
-  dataset_kwargs_train:
-    logger_name: IterDataset-Train
-    shuffle_files: true
-    shuffle_data: true
-    seed: 42
-    max_n_files_per_type: null
-    n_jets_per_file: 100000
-    files_dict:
-      QCD:
-      - \${data.data_dir}/train_100M/ZJetsToNuNu_*
-      Hbb:
-      - \${data.data_dir}/train_100M/HToBB_*
-      Hcc:
-      - \${data.data_dir}/train_100M/HToCC_*
-      Hgg:
-      - \${data.data_dir}/train_100M/HToGG_*
-      H4q:
-      - \${data.data_dir}/train_100M/HToWW4Q_*
-      Hqql:
-      - \${data.data_dir}/train_100M/HToWW2Q1L_*
-      Zqq:
-      - \${data.data_dir}/train_100M/ZToQQ_*
-      Wqq:
-      - \${data.data_dir}/train_100M/WToQQ_*
-      Tbqq:
-      - \${data.data_dir}/train_100M/TTBar_*
-      Tbl:
-      - \${data.data_dir}/train_100M/TTBarLep_*
-    n_files_at_once: 10
-    load_only_once: false
-  dataset_kwargs_val:
-    logger_name: IterDataset-Validation
-    shuffle_files: false
-    shuffle_data: true
-    seed_shuffle_data: 42
-    max_n_files_per_type: 1
-    files_dict:
-      QCD:
-      - \${data.data_dir}/val_5M/ZJetsToNuNu_*
-      Hbb:
-      - \${data.data_dir}/val_5M/HToBB_*
-      Hcc:
-      - \${data.data_dir}/val_5M/HToCC_*
-      Hgg:
-      - \${data.data_dir}/val_5M/HToGG_*
-      H4q:
-      - \${data.data_dir}/val_5M/HToWW4Q_*
-      Hqql:
-      - \${data.data_dir}/val_5M/HToWW2Q1L_*
-      Zqq:
-      - \${data.data_dir}/val_5M/ZToQQ_*
-      Wqq:
-      - \${data.data_dir}/val_5M/WToQQ_*
-      Tbqq:
-      - \${data.data_dir}/val_5M/TTBar_*
-      Tbl:
-      - \${data.data_dir}/val_5M/TTBarLep_*
-    n_files_at_once: 10
-    load_only_once: true
-    shuffle_only_once: true
-    n_jets_per_file: 10000
-  dataset_kwargs_test:
-    logger_name: IterDataset-Test
-    shuffle_files: false
-    shuffle_data: true
-    seed_shuffle_data: 42
-    max_n_files_per_type: 1
-    files_dict:
-      QCD:
-      - \${data.data_dir}/test_20M/ZJetsToNuNu_*
-      Hbb:
-      - \${data.data_dir}/test_20M/HToBB_*
-      Hcc:
-      - \${data.data_dir}/test_20M/HToCC_*
-      Hgg:
-      - \${data.data_dir}/test_20M/HToGG_*
-      H4q:
-      - \${data.data_dir}/test_20M/HToWW4Q_*
-      Hqql:
-      - \${data.data_dir}/test_20M/HToWW2Q1L_*
-      Zqq:
-      - \${data.data_dir}/test_20M/ZToQQ_*
-      Wqq:
-      - \${data.data_dir}/test_20M/WToQQ_*
-      Tbqq:
-      - \${data.data_dir}/test_20M/TTBar_*
-      Tbl:
-      - \${data.data_dir}/test_20M/TTBarLep_*
-    n_files_at_once: 10
-    load_only_once: true
-    shuffle_only_once: true
-    n_jets_per_file: 20000
-  batch_size:
-    train: 500
-    val: 2000
-    test: 2000
-  data_dir: /srv/beegfs/scratch/groups/rodem/lumea/datasets/JetClass/Pythia
-  _target_: gabbro.data.iterable_dataset_jetclass.IterableDatamodule
-  dataset_kwargs_common:
-    pad_length: 128
-    labels_to_load:
-    - label_QCD
-    - label_Hbb
-    - label_Hcc
-    - label_Hgg
-    - label_H4q
-    - label_Hqql
-    - label_Zqq
-    - label_Wqq
-    - label_Tbqq
-    - label_Tbl
-    shuffle_particles: true
-    n_files_at_once: 10
-    load_only_once: false
-    feature_dict: \${feature_dict}
-    feature_dict_jet: null
-model:
-  _target_: gabbro.models.vqvae.VQVAELightning
-  model_type: VQVAETransformer
-  model_kwargs:
-    hidden_dim: 128
-    latent_dim: 8
-    num_blocks: 4
-    num_heads: 8
-    alpha: 10
-    vq_kwargs:
-      num_codes: 8192
-      beta: 0.9
-      kmeans_init: false
-      norm: null
-      cb_norm: null
-      affine_lr: 2
-      sync_nu: 1
-      replace_freq: 500
-      dim: -1
-    old_transformer_implementation: false
-    in_out_proj_cfg: null
-    latent_proj_cfg: null
-    input_features_dict: \${feature_dict}
-    causal_decoder: true
-    conditional_dim: 0
-    max_sequence_len: 128
-    transformer_cfg:
-      attn_cfg:
-        num_heads: \${model.model_kwargs.num_heads}
-        dropout_rate: 0.0
-        norm_before: true
-        norm_after: false
-      mlp_cfg:
-        expansion_factor: 4
-        dropout_rate: 0.0
-        norm_before: true
-        activation: GELU
-      residual_cfg:
-        gate_type: local
-        init_value: 1.0
-  optimizer:
-    _target_: gabbro.utils.optimizer.ranger.Ranger
-    _partial_: true
-    lr: 0.001
-    weight_decay: 0.01
-    betas:
-    - 0.95
-    - 0.999
-    eps: 1.0e-05
-    alpha: 0.5
-    k: 6
-  scheduler:
-    _target_: torch.optim.lr_scheduler.ConstantLR
-    _partial_: true
-    total_iters: 1
-    factor: 1
-  model_kwargs_loaded: null
-  scheduler_lightning_kwargs:
-    monitor: val_loss
-    interval: step
-    frequency: 1
-callbacks:
-  model_checkpoint:
-    _target_: gabbro.callbacks.checkpoint_callback.CustomModelCheckpoint
-    state_key: General-checkpoint-callback
-    dirpath: \${paths.output_dir}/checkpoints
-    filename: epoch_{epoch:03d}_loss_{val_loss:.5f}
-    monitor: val_loss
-    verbose: true
-    save_last: true
-    save_top_k: -1
-    mode: min
-    auto_insert_metric_name: false
-    save_weights_only: false
-    every_n_train_steps: null
-    train_time_interval: null
-    every_n_epochs: 1
-    save_on_train_epoch_end: false
-  model_summary:
-    _target_: lightning.pytorch.callbacks.RichModelSummary
-    max_depth: -1
-  lr_monitor:
-    _target_: lightning.pytorch.callbacks.LearningRateMonitor
-    logging_interval: step
-    log_momentum: false
-  tokenization_callback:
-    _target_: gabbro.callbacks.tokenization_callback.TokenizationEvalCallback
-feature_dict:
-  part_pt:
-    multiply_by: 1
-    subtract_by: 1.8
-    func: signed_log
-    inv_func: signed_exp
-  part_etarel:
-    multiply_by: 3
-  part_phirel:
-    multiply_by: 3
-logger:
-  comet:
-    _target_: lightning.pytorch.loggers.comet.CometLogger
-    api_key: \${oc.env:COMET_API_TOKEN}
-    save_dir: \${paths.output_dir}
-    project_name: \${project_name}
-    rest_api_key: null
-    experiment_key: null
-    offline: false
-    prefix: ''
-    experiment_name: null
-  csv:
-    _target_: lightning.pytorch.loggers.csv_logs.CSVLogger
-    save_dir: \${paths.output_dir}
-    name: csv/
-    prefix: ''
-  wandb:
-    project: \${project_name}
-    tags: \${tags}
-    name: \${task_name}
-trainer:
-  _target_: lightning.Trainer
-  default_root_dir: \${paths.output_dir}
-  min_epochs: 1
-  accelerator: gpu
-  devices: 1
-  num_nodes: 1
-  strategy: auto
-  enable_progress_bar: false
-  check_val_every_n_epoch: 1
-  deterministic: false
-  max_steps: 1000000
-  gradient_clip_val: 5
-  log_every_n_steps: 10
-  limit_train_batches: \${eval:'int(\${data.dataset_kwargs_train.n_files_at_once} *
-    \${data.dataset_kwargs_train.n_jets_per_file} / \${data.batch_size.train} / \${trainer.devices}
-    / \${trainer.num_nodes})'}
-  limit_val_batches: \${eval:'int(\${data.dataset_kwargs_val.n_files_at_once} * \${data.dataset_kwargs_val.n_jets_per_file}
-    / \${data.batch_size.val} / \${trainer.devices} / \${trainer.num_nodes})'}
-paths:
-  log_dir: \${oc.env:LOG_DIR}
-  output_dir: \${hydra:run.dir}
-  work_dir: \${hydra:runtime.cwd}
-extras:
-  ignore_warnings: false
-  enforce_tags: true
-  print_config: true
-load_weights_from: false
-load_weights_strict: false
-continue_from_checkpoint: null
-project_name: tokenization
-run_note: ''
diff --git a/trained/tokenization/runs/2026-07-06_17-29-22_gpu024_FirmamentalCamcorder/.hydra/hydra.yaml b/trained/tokenization/runs/2026-07-06_17-29-22_gpu024_FirmamentalCamcorder/.hydra/hydra.yaml
deleted file mode 100644
index 72fc82c..0000000
--- a/trained/tokenization/runs/2026-07-06_17-29-22_gpu024_FirmamentalCamcorder/.hydra/hydra.yaml
+++ /dev/null
@@ -1,179 +0,0 @@
-hydra:
-  run:
-    dir: \${paths.log_dir}/\${project_name}/runs/\${now:%Y-%m-%d}_\${now:%H-%M-%S}_\${nodename_bigram:}
-  sweep:
-    dir: \${paths.log_dir}/\${project_name}/multiruns/\${now:%Y-%m-%d}_\${now:%H-%M-%S}
-    subdir: \${hydra.job.num}
-  launcher:
-    _target_: hydra._internal.core_plugins.basic_launcher.BasicLauncher
-  sweeper:
-    _target_: hydra._internal.core_plugins.basic_sweeper.BasicSweeper
-    max_batch_size: null
-    params: null
-  help:
-    app_name: \${hydra.job.name}
-    header: '\${hydra.help.app_name} is powered by Hydra.
-
-      '
-    footer: 'Powered by Hydra (https://hydra.cc)
-
-      Use --hydra-help to view Hydra specific help
-
-      '
-    template: '\${hydra.help.header}
-
-      == Configuration groups ==
-
-      Compose your configuration from those groups (group=option)
-
-
-      \$APP_CONFIG_GROUPS
-
-
-      == Config ==
-
-      Override anything in the config (foo.bar=value)
-
-
-      \$CONFIG
-
-
-      \${hydra.help.footer}
-
-      '
-  hydra_help:
-    template: 'Hydra (\${hydra.runtime.version})
-
-      See https://hydra.cc for more info.
-
-
-      == Flags ==
-
-      \$FLAGS_HELP
-
-
-      == Configuration groups ==
-
-      Compose your configuration from those groups (For example, append hydra/job_logging=disabled
-      to command line)
-
-
-      \$HYDRA_CONFIG_GROUPS
-
-
-      Use ''--cfg hydra'' to Show the Hydra config.
-
-      '
-    hydra_help: ???
-  hydra_logging:
-    version: 1
-    formatters:
-      colorlog:
-        (): colorlog.ColoredFormatter
-        format: '[%(cyan)s%(asctime)s%(reset)s][%(purple)sHYDRA%(reset)s] %(message)s'
-    handlers:
-      console:
-        class: logging.StreamHandler
-        formatter: colorlog
-        stream: ext://sys.stdout
-    root:
-      level: INFO
-      handlers:
-      - console
-    disable_existing_loggers: false
-  job_logging:
-    version: 1
-    formatters:
-      simple:
-        format: '[%(asctime)s][%(name)s][%(levelname)s] - %(message)s'
-      colorlog:
-        (): colorlog.ColoredFormatter
-        format: '[%(cyan)s%(asctime)s%(reset)s][%(blue)s%(name)s%(reset)s][%(log_color)s%(levelname)s%(reset)s]
-          - %(message)s'
-        log_colors:
-          DEBUG: purple
-          INFO: green
-          WARNING: yellow
-          ERROR: red
-          CRITICAL: red
-    handlers:
-      console:
-        class: logging.StreamHandler
-        formatter: colorlog
-        stream: ext://sys.stdout
-      file:
-        class: logging.FileHandler
-        formatter: simple
-        filename: \${hydra.job.name}.log
-    root:
-      level: INFO
-      handlers:
-      - console
-      - file
-    disable_existing_loggers: false
-  env: {}
-  mode: RUN
-  searchpath: []
-  callbacks: {}
-  output_subdir: .hydra
-  overrides:
-    hydra:
-    - hydra.mode=RUN
-    task:
-    - experiment=example_experiment_tokenization_transformer
-  job:
-    name: train
-    chdir: null
-    override_dirname: experiment=example_experiment_tokenization_transformer
-    id: ???
-    num: ???
-    config_name: train.yaml
-    env_set: {}
-    env_copy: []
-    config:
-      override_dirname:
-        kv_sep: '='
-        item_sep: ','
-        exclude_keys: []
-  runtime:
-    version: 1.3.2
-    version_base: '1.3'
-    cwd: /home/users/w/wozniak/dev/enhancing-ntp4jets
-    config_sources:
-    - path: hydra.conf
-      schema: pkg
-      provider: hydra
-    - path: /home/users/w/wozniak/dev/enhancing-ntp4jets/configs
-      schema: file
-      provider: main
-    - path: hydra_plugins.hydra_colorlog.conf
-      schema: pkg
-      provider: hydra-colorlog
-    - path: ''
-      schema: structured
-      provider: schema
-    output_dir: /home/users/w/wozniak/dev/enhancing-ntp4jets/trained/tokenization/runs/2026-07-06_17-29-22_gpu024_FirmamentalCamcorder
-    choices:
-      debug: null
-      local: default.yaml
-      hparams_search: null
-      experiment: example_experiment_tokenization_transformer
-      hydra: default.yaml
-      extras: default.yaml
-      paths: default.yaml
-      trainer: gpu.yaml
-      logger: many_loggers.yaml
-      feature_dict: feature_dict_kin_massless_without_cuts.yaml
-      callbacks: tokenization_callbacks.yaml
-      model: model_vqvae_transformer.yaml
-      data: iter_dataset_jetclass_all_types.yaml
-      hydra/env: default
-      hydra/callbacks: null
-      hydra/job_logging: colorlog
-      hydra/hydra_logging: colorlog
-      hydra/hydra_help: default
-      hydra/help: default
-      hydra/sweeper: basic
-      hydra/launcher: basic
-      hydra/output: default
-  verbose: false
diff --git a/trained/tokenization/runs/2026-07-06_17-29-22_gpu024_FirmamentalCamcorder/.hydra/overrides.yaml b/trained/tokenization/runs/2026-07-06_17-29-22_gpu024_FirmamentalCamcorder/.hydra/overrides.yaml
deleted file mode 100644
index 1d84653..0000000
--- a/trained/tokenization/runs/2026-07-06_17-29-22_gpu024_FirmamentalCamcorder/.hydra/overrides.yaml
+++ /dev/null
@@ -1 +0,0 @@
-- experiment=example_experiment_tokenization_transformer
diff --git a/trained/tokenization/runs/2026-07-06_17-29-22_gpu024_FirmamentalCamcorder/config.yaml b/trained/tokenization/runs/2026-07-06_17-29-22_gpu024_FirmamentalCamcorder/config.yaml
deleted file mode 100644
index 528a5a8..0000000
--- a/trained/tokenization/runs/2026-07-06_17-29-22_gpu024_FirmamentalCamcorder/config.yaml
+++ /dev/null
@@ -1,277 +0,0 @@
-task_name: tokenization
-tags:
-- vqvae_tokenization
-train: true
-test: true
-test_only_on_rank_zero: true
-ckpt_path: null
-seed: null
-ckpt_path_for_evaluation: null
-output_dir_resub: null
-dataset_size_id: null
-data:
-  dataset_kwargs_train:
-    logger_name: IterDataset-Train
-    shuffle_files: true
-    shuffle_data: true
-    seed: 42
-    max_n_files_per_type: null
-    n_jets_per_file: 100000
-    files_dict:
-      QCD:
-      - \${data.data_dir}/train_100M/ZJetsToNuNu_*
-      Hbb:
-      - \${data.data_dir}/train_100M/HToBB_*
-      Hcc:
-      - \${data.data_dir}/train_100M/HToCC_*
-      Hgg:
-      - \${data.data_dir}/train_100M/HToGG_*
-      H4q:
-      - \${data.data_dir}/train_100M/HToWW4Q_*
-      Hqql:
-      - \${data.data_dir}/train_100M/HToWW2Q1L_*
-      Zqq:
-      - \${data.data_dir}/train_100M/ZToQQ_*
-      Wqq:
-      - \${data.data_dir}/train_100M/WToQQ_*
-      Tbqq:
-      - \${data.data_dir}/train_100M/TTBar_*
-      Tbl:
-      - \${data.data_dir}/train_100M/TTBarLep_*
-    n_files_at_once: 10
-    load_only_once: false
-  dataset_kwargs_val:
-    logger_name: IterDataset-Validation
-    shuffle_files: false
-    shuffle_data: true
-    seed_shuffle_data: 42
-    max_n_files_per_type: 1
-    files_dict:
-      QCD:
-      - \${data.data_dir}/val_5M/ZJetsToNuNu_*
-      Hbb:
-      - \${data.data_dir}/val_5M/HToBB_*
-      Hcc:
-      - \${data.data_dir}/val_5M/HToCC_*
-      Hgg:
-      - \${data.data_dir}/val_5M/HToGG_*
-      H4q:
-      - \${data.data_dir}/val_5M/HToWW4Q_*
-      Hqql:
-      - \${data.data_dir}/val_5M/HToWW2Q1L_*
-      Zqq:
-      - \${data.data_dir}/val_5M/ZToQQ_*
-      Wqq:
-      - \${data.data_dir}/val_5M/WToQQ_*
-      Tbqq:
-      - \${data.data_dir}/val_5M/TTBar_*
-      Tbl:
-      - \${data.data_dir}/val_5M/TTBarLep_*
-    n_files_at_once: 10
-    load_only_once: true
-    shuffle_only_once: true
-    n_jets_per_file: 10000
-  dataset_kwargs_test:
-    logger_name: IterDataset-Test
-    shuffle_files: false
-    shuffle_data: true
-    seed_shuffle_data: 42
-    max_n_files_per_type: 1
-    files_dict:
-      QCD:
-      - \${data.data_dir}/test_20M/ZJetsToNuNu_*
-      Hbb:
-      - \${data.data_dir}/test_20M/HToBB_*
-      Hcc:
-      - \${data.data_dir}/test_20M/HToCC_*
-      Hgg:
-      - \${data.data_dir}/test_20M/HToGG_*
-      H4q:
-      - \${data.data_dir}/test_20M/HToWW4Q_*
-      Hqql:
-      - \${data.data_dir}/test_20M/HToWW2Q1L_*
-      Zqq:
-      - \${data.data_dir}/test_20M/ZToQQ_*
-      Wqq:
-      - \${data.data_dir}/test_20M/WToQQ_*
-      Tbqq:
-      - \${data.data_dir}/test_20M/TTBar_*
-      Tbl:
-      - \${data.data_dir}/test_20M/TTBarLep_*
-    n_files_at_once: 10
-    load_only_once: true
-    shuffle_only_once: true
-    n_jets_per_file: 20000
-  batch_size:
-    train: 500
-    val: 2000
-    test: 2000
-  data_dir: /srv/beegfs/scratch/groups/rodem/lumea/datasets/JetClass/Pythia
-  _target_: gabbro.data.iterable_dataset_jetclass.IterableDatamodule
-  dataset_kwargs_common:
-    pad_length: 128
-    labels_to_load:
-    - label_QCD
-    - label_Hbb
-    - label_Hcc
-    - label_Hgg
-    - label_H4q
-    - label_Hqql
-    - label_Zqq
-    - label_Wqq
-    - label_Tbqq
-    - label_Tbl
-    shuffle_particles: true
-    n_files_at_once: 10
-    load_only_once: false
-    feature_dict: \${feature_dict}
-    feature_dict_jet: null
-model:
-  _target_: gabbro.models.vqvae.VQVAELightning
-  model_type: VQVAETransformer
-  model_kwargs:
-    hidden_dim: 128
-    latent_dim: 8
-    num_blocks: 4
-    num_heads: 8
-    alpha: 10
-    vq_kwargs:
-      num_codes: 8192
-      beta: 0.9
-      kmeans_init: false
-      norm: null
-      cb_norm: null
-      affine_lr: 2
-      sync_nu: 1
-      replace_freq: 500
-      dim: -1
-    old_transformer_implementation: false
-    in_out_proj_cfg: null
-    latent_proj_cfg: null
-    input_features_dict: \${feature_dict}
-    causal_decoder: true
-    conditional_dim: 0
-    max_sequence_len: 128
-    transformer_cfg:
-      attn_cfg:
-        num_heads: \${model.model_kwargs.num_heads}
-        dropout_rate: 0.0
-        norm_before: true
-        norm_after: false
-      mlp_cfg:
-        expansion_factor: 4
-        dropout_rate: 0.0
-        norm_before: true
-        activation: GELU
-      residual_cfg:
-        gate_type: local
-        init_value: 1.0
-  optimizer:
-    _target_: gabbro.utils.optimizer.ranger.Ranger
-    _partial_: true
-    lr: 0.001
-    weight_decay: 0.01
-    betas:
-    - 0.95
-    - 0.999
-    eps: 1.0e-05
-    alpha: 0.5
-    k: 6
-  scheduler:
-    _target_: torch.optim.lr_scheduler.ConstantLR
-    _partial_: true
-    total_iters: 1
-    factor: 1
-  model_kwargs_loaded: null
-  scheduler_lightning_kwargs:
-    monitor: val_loss
-    interval: step
-    frequency: 1
-callbacks:
-  model_checkpoint:
-    _target_: gabbro.callbacks.checkpoint_callback.CustomModelCheckpoint
-    state_key: General-checkpoint-callback
-    dirpath: \${paths.output_dir}/checkpoints
-    filename: epoch_{epoch:03d}_loss_{val_loss:.5f}
-    monitor: val_loss
-    verbose: true
-    save_last: true
-    save_top_k: -1
-    mode: min
-    auto_insert_metric_name: false
-    save_weights_only: false
-    every_n_train_steps: null
-    train_time_interval: null
-    every_n_epochs: 1
-    save_on_train_epoch_end: false
-  model_summary:
-    _target_: lightning.pytorch.callbacks.RichModelSummary
-    max_depth: -1
-  lr_monitor:
-    _target_: lightning.pytorch.callbacks.LearningRateMonitor
-    logging_interval: step
-    log_momentum: false
-  tokenization_callback:
-    _target_: gabbro.callbacks.tokenization_callback.TokenizationEvalCallback
-feature_dict:
-  part_pt:
-    multiply_by: 1
-    subtract_by: 1.8
-    func: signed_log
-    inv_func: signed_exp
-  part_etarel:
-    multiply_by: 3
-  part_phirel:
-    multiply_by: 3
-logger:
-  comet:
-    _target_: lightning.pytorch.loggers.comet.CometLogger
-    api_key: \${oc.env:COMET_API_TOKEN}
-    save_dir: \${paths.output_dir}
-    project_name: \${project_name}
-    rest_api_key: null
-    experiment_key: 299eb11778014afd9d712739f0ab6d0c
-    offline: false
-    prefix: ''
-    experiment_name: gpu024
-  csv:
-    _target_: lightning.pytorch.loggers.csv_logs.CSVLogger
-    save_dir: \${paths.output_dir}
-    name: csv/
-    prefix: ''
-  wandb:
-    project: \${project_name}
-    tags: \${tags}
-    name: gpu024
-trainer:
-  _target_: lightning.Trainer
-  default_root_dir: \${paths.output_dir}
-  min_epochs: 1
-  accelerator: gpu
-  devices: 1
-  num_nodes: 1
-  strategy: auto
-  enable_progress_bar: false
-  check_val_every_n_epoch: 1
-  deterministic: false
-  max_steps: 1000000
-  gradient_clip_val: 5
-  log_every_n_steps: 10
-  limit_train_batches: \${eval:'int(\${data.dataset_kwargs_train.n_files_at_once} *
-    \${data.dataset_kwargs_train.n_jets_per_file} / \${data.batch_size.train} / \${trainer.devices}
-    / \${trainer.num_nodes})'}
-  limit_val_batches: \${eval:'int(\${data.dataset_kwargs_val.n_files_at_once} * \${data.dataset_kwargs_val.n_jets_per_file}
-    / \${data.batch_size.val} / \${trainer.devices} / \${trainer.num_nodes})'}
-paths:
-  log_dir: \${oc.env:LOG_DIR}
-  output_dir: \${hydra:run.dir}
-  work_dir: \${hydra:runtime.cwd}
-extras:
-  ignore_warnings: false
-  enforce_tags: true
-  print_config: true
-load_weights_from: false
-load_weights_strict: false
-continue_from_checkpoint: null
-project_name: tokenization
-run_note: ''
diff --git a/trained/tokenization/runs/2026-07-06_17-29-22_gpu024_FirmamentalCamcorder/config_resolved.yaml b/trained/tokenization/runs/2026-07-06_17-29-22_gpu024_FirmamentalCamcorder/config_resolved.yaml
deleted file mode 100644
index b23ef59..0000000
--- a/trained/tokenization/runs/2026-07-06_17-29-22_gpu024_FirmamentalCamcorder/config_resolved.yaml
+++ /dev/null
@@ -1,293 +0,0 @@
-task_name: tokenization
-tags:
-- vqvae_tokenization
-train: true
-test: true
-test_only_on_rank_zero: true
-ckpt_path: null
-seed: null
-ckpt_path_for_evaluation: null
-output_dir_resub: null
-dataset_size_id: null
-data:
-  dataset_kwargs_train:
-    logger_name: IterDataset-Train
-    shuffle_files: true
-    shuffle_data: true
-    seed: 42
-    max_n_files_per_type: null
-    n_jets_per_file: 100000
-    files_dict:
-      QCD:
-      - /srv/beegfs/scratch/groups/rodem/lumea/datasets/JetClass/Pythia/train_100M/ZJetsToNuNu_*
-      Hbb:
-      - /srv/beegfs/scratch/groups/rodem/lumea/datasets/JetClass/Pythia/train_100M/HToBB_*
-      Hcc:
-      - /srv/beegfs/scratch/groups/rodem/lumea/datasets/JetClass/Pythia/train_100M/HToCC_*
-      Hgg:
-      - /srv/beegfs/scratch/groups/rodem/lumea/datasets/JetClass/Pythia/train_100M/HToGG_*
-      H4q:
-      - /srv/beegfs/scratch/groups/rodem/lumea/datasets/JetClass/Pythia/train_100M/HToWW4Q_*
-      Hqql:
-      - /srv/beegfs/scratch/groups/rodem/lumea/datasets/JetClass/Pythia/train_100M/HToWW2Q1L_*
-      Zqq:
-      - /srv/beegfs/scratch/groups/rodem/lumea/datasets/JetClass/Pythia/train_100M/ZToQQ_*
-      Wqq:
-      - /srv/beegfs/scratch/groups/rodem/lumea/datasets/JetClass/Pythia/train_100M/WToQQ_*
-      Tbqq:
-      - /srv/beegfs/scratch/groups/rodem/lumea/datasets/JetClass/Pythia/train_100M/TTBar_*
-      Tbl:
-      - /srv/beegfs/scratch/groups/rodem/lumea/datasets/JetClass/Pythia/train_100M/TTBarLep_*
-    n_files_at_once: 10
-    load_only_once: false
-  dataset_kwargs_val:
-    logger_name: IterDataset-Validation
-    shuffle_files: false
-    shuffle_data: true
-    seed_shuffle_data: 42
-    max_n_files_per_type: 1
-    files_dict:
-      QCD:
-      - /srv/beegfs/scratch/groups/rodem/lumea/datasets/JetClass/Pythia/val_5M/ZJetsToNuNu_*
-      Hbb:
-      - /srv/beegfs/scratch/groups/rodem/lumea/datasets/JetClass/Pythia/val_5M/HToBB_*
-      Hcc:
-      - /srv/beegfs/scratch/groups/rodem/lumea/datasets/JetClass/Pythia/val_5M/HToCC_*
-      Hgg:
-      - /srv/beegfs/scratch/groups/rodem/lumea/datasets/JetClass/Pythia/val_5M/HToGG_*
-      H4q:
-      - /srv/beegfs/scratch/groups/rodem/lumea/datasets/JetClass/Pythia/val_5M/HToWW4Q_*
-      Hqql:
-      - /srv/beegfs/scratch/groups/rodem/lumea/datasets/JetClass/Pythia/val_5M/HToWW2Q1L_*
-      Zqq:
-      - /srv/beegfs/scratch/groups/rodem/lumea/datasets/JetClass/Pythia/val_5M/ZToQQ_*
-      Wqq:
-      - /srv/beegfs/scratch/groups/rodem/lumea/datasets/JetClass/Pythia/val_5M/WToQQ_*
-      Tbqq:
-      - /srv/beegfs/scratch/groups/rodem/lumea/datasets/JetClass/Pythia/val_5M/TTBar_*
-      Tbl:
-      - /srv/beegfs/scratch/groups/rodem/lumea/datasets/JetClass/Pythia/val_5M/TTBarLep_*
-    n_files_at_once: 10
-    load_only_once: true
-    shuffle_only_once: true
-    n_jets_per_file: 10000
-  dataset_kwargs_test:
-    logger_name: IterDataset-Test
-    shuffle_files: false
-    shuffle_data: true
-    seed_shuffle_data: 42
-    max_n_files_per_type: 1
-    files_dict:
-      QCD:
-      - /srv/beegfs/scratch/groups/rodem/lumea/datasets/JetClass/Pythia/test_20M/ZJetsToNuNu_*
-      Hbb:
-      - /srv/beegfs/scratch/groups/rodem/lumea/datasets/JetClass/Pythia/test_20M/HToBB_*
-      Hcc:
-      - /srv/beegfs/scratch/groups/rodem/lumea/datasets/JetClass/Pythia/test_20M/HToCC_*
-      Hgg:
-      - /srv/beegfs/scratch/groups/rodem/lumea/datasets/JetClass/Pythia/test_20M/HToGG_*
-      H4q:
-      - /srv/beegfs/scratch/groups/rodem/lumea/datasets/JetClass/Pythia/test_20M/HToWW4Q_*
-      Hqql:
-      - /srv/beegfs/scratch/groups/rodem/lumea/datasets/JetClass/Pythia/test_20M/HToWW2Q1L_*
-      Zqq:
-      - /srv/beegfs/scratch/groups/rodem/lumea/datasets/JetClass/Pythia/test_20M/ZToQQ_*
-      Wqq:
-      - /srv/beegfs/scratch/groups/rodem/lumea/datasets/JetClass/Pythia/test_20M/WToQQ_*
-      Tbqq:
-      - /srv/beegfs/scratch/groups/rodem/lumea/datasets/JetClass/Pythia/test_20M/TTBar_*
-      Tbl:
-      - /srv/beegfs/scratch/groups/rodem/lumea/datasets/JetClass/Pythia/test_20M/TTBarLep_*
-    n_files_at_once: 10
-    load_only_once: true
-    shuffle_only_once: true
-    n_jets_per_file: 20000
-  batch_size:
-    train: 500
-    val: 2000
-    test: 2000
-  data_dir: /srv/beegfs/scratch/groups/rodem/lumea/datasets/JetClass/Pythia
-  _target_: gabbro.data.iterable_dataset_jetclass.IterableDatamodule
-  dataset_kwargs_common:
-    pad_length: 128
-    labels_to_load:
-    - label_QCD
-    - label_Hbb
-    - label_Hcc
-    - label_Hgg
-    - label_H4q
-    - label_Hqql
-    - label_Zqq
-    - label_Wqq
-    - label_Tbqq
-    - label_Tbl
-    shuffle_particles: true
-    n_files_at_once: 10
-    load_only_once: false
-    feature_dict:
-      part_pt:
-        multiply_by: 1
-        subtract_by: 1.8
-        func: signed_log
-        inv_func: signed_exp
-      part_etarel:
-        multiply_by: 3
-      part_phirel:
-        multiply_by: 3
-    feature_dict_jet: null
-model:
-  _target_: gabbro.models.vqvae.VQVAELightning
-  model_type: VQVAETransformer
-  model_kwargs:
-    hidden_dim: 128
-    latent_dim: 8
-    num_blocks: 4
-    num_heads: 8
-    alpha: 10
-    vq_kwargs:
-      num_codes: 8192
-      beta: 0.9
-      kmeans_init: false
-      norm: null
-      cb_norm: null
-      affine_lr: 2
-      sync_nu: 1
-      replace_freq: 500
-      dim: -1
-    old_transformer_implementation: false
-    in_out_proj_cfg: null
-    latent_proj_cfg: null
-    input_features_dict:
-      part_pt:
-        multiply_by: 1
-        subtract_by: 1.8
-        func: signed_log
-        inv_func: signed_exp
-      part_etarel:
-        multiply_by: 3
-      part_phirel:
-        multiply_by: 3
-    causal_decoder: true
-    conditional_dim: 0
-    max_sequence_len: 128
-    transformer_cfg:
-      attn_cfg:
-        num_heads: 8
-        dropout_rate: 0.0
-        norm_before: true
-        norm_after: false
-      mlp_cfg:
-        expansion_factor: 4
-        dropout_rate: 0.0
-        norm_before: true
-        activation: GELU
-      residual_cfg:
-        gate_type: local
-        init_value: 1.0
-  optimizer:
-    _target_: gabbro.utils.optimizer.ranger.Ranger
-    _partial_: true
-    lr: 0.001
-    weight_decay: 0.01
-    betas:
-    - 0.95
-    - 0.999
-    eps: 1.0e-05
-    alpha: 0.5
-    k: 6
-  scheduler:
-    _target_: torch.optim.lr_scheduler.ConstantLR
-    _partial_: true
-    total_iters: 1
-    factor: 1
-  model_kwargs_loaded: null
-  scheduler_lightning_kwargs:
-    monitor: val_loss
-    interval: step
-    frequency: 1
-callbacks:
-  model_checkpoint:
-    _target_: gabbro.callbacks.checkpoint_callback.CustomModelCheckpoint
-    state_key: General-checkpoint-callback
-    dirpath: trained/tokenization/runs/2026-07-06_17-29-22_gpu024_FirmamentalCamcorder/checkpoints
-    filename: epoch_{epoch:03d}_loss_{val_loss:.5f}
-    monitor: val_loss
-    verbose: true
-    save_last: true
-    save_top_k: -1
-    mode: min
-    auto_insert_metric_name: false
-    save_weights_only: false
-    every_n_train_steps: null
-    train_time_interval: null
-    every_n_epochs: 1
-    save_on_train_epoch_end: false
-  model_summary:
-    _target_: lightning.pytorch.callbacks.RichModelSummary
-    max_depth: -1
-  lr_monitor:
-    _target_: lightning.pytorch.callbacks.LearningRateMonitor
-    logging_interval: step
-    log_momentum: false
-  tokenization_callback:
-    _target_: gabbro.callbacks.tokenization_callback.TokenizationEvalCallback
-feature_dict:
-  part_pt:
-    multiply_by: 1
-    subtract_by: 1.8
-    func: signed_log
-    inv_func: signed_exp
-  part_etarel:
-    multiply_by: 3
-  part_phirel:
-    multiply_by: 3
-logger:
-  comet:
-    _target_: lightning.pytorch.loggers.comet.CometLogger
-    api_key: bSH6vlLeei9OzSDWdWXZmNgqU
-    save_dir: trained/tokenization/runs/2026-07-06_17-29-22_gpu024_FirmamentalCamcorder
-    project_name: tokenization
-    rest_api_key: null
-    experiment_key: 299eb11778014afd9d712739f0ab6d0c
-    offline: false
-    prefix: ''
-    experiment_name: gpu024
-  csv:
-    _target_: lightning.pytorch.loggers.csv_logs.CSVLogger
-    save_dir: trained/tokenization/runs/2026-07-06_17-29-22_gpu024_FirmamentalCamcorder
-    name: csv/
-    prefix: ''
-  wandb:
-    project: tokenization
-    tags:
-    - vqvae_tokenization
-    name: gpu024
-trainer:
-  _target_: lightning.Trainer
-  default_root_dir: trained/tokenization/runs/2026-07-06_17-29-22_gpu024_FirmamentalCamcorder
-  min_epochs: 1
-  accelerator: gpu
-  devices: 1
-  num_nodes: 1
-  strategy: auto
-  enable_progress_bar: false
-  check_val_every_n_epoch: 1
-  deterministic: false
-  max_steps: 1000000
-  gradient_clip_val: 5
-  log_every_n_steps: 10
-  limit_train_batches: 2000
-  limit_val_batches: 50
-paths:
-  log_dir: trained
-  output_dir: trained/tokenization/runs/2026-07-06_17-29-22_gpu024_FirmamentalCamcorder
-  work_dir: /home/users/w/wozniak/dev/enhancing-ntp4jets
-extras:
-  ignore_warnings: false
-  enforce_tags: true
-  print_config: true
-load_weights_from: false
-load_weights_strict: false
-continue_from_checkpoint: null
-project_name: tokenization
-run_note: ''
diff --git a/trained/tokenization/runs/2026-07-06_17-29-22_gpu024_FirmamentalCamcorder/csv/version_0/hparams.yaml b/trained/tokenization/runs/2026-07-06_17-29-22_gpu024_FirmamentalCamcorder/csv/version_0/hparams.yaml
deleted file mode 100644
index a79cfcc..0000000
--- a/trained/tokenization/runs/2026-07-06_17-29-22_gpu024_FirmamentalCamcorder/csv/version_0/hparams.yaml
+++ /dev/null
@@ -1,269 +0,0 @@
-model:
-  _target_: gabbro.models.vqvae.VQVAELightning
-  model_type: VQVAETransformer
-  model_kwargs:
-    hidden_dim: 128
-    latent_dim: 8
-    num_blocks: 4
-    num_heads: 8
-    alpha: 10
-    vq_kwargs:
-      num_codes: 8192
-      beta: 0.9
-      kmeans_init: false
-      norm: null
-      cb_norm: null
-      affine_lr: 2
-      sync_nu: 1
-      replace_freq: 500
-      dim: -1
-    old_transformer_implementation: false
-    in_out_proj_cfg: null
-    latent_proj_cfg: null
-    input_features_dict:
-      part_pt:
-        multiply_by: 1
-        subtract_by: 1.8
-        func: signed_log
-        inv_func: signed_exp
-      part_etarel:
-        multiply_by: 3
-      part_phirel:
-        multiply_by: 3
-    causal_decoder: true
-    conditional_dim: 0
-    max_sequence_len: 128
-    transformer_cfg:
-      attn_cfg:
-        num_heads: 8
-        dropout_rate: 0.0
-        norm_before: true
-        norm_after: false
-      mlp_cfg:
-        expansion_factor: 4
-        dropout_rate: 0.0
-        norm_before: true
-        activation: GELU
-      residual_cfg:
-        gate_type: local
-        init_value: 1.0
-  optimizer:
-    _target_: gabbro.utils.optimizer.ranger.Ranger
-    _partial_: true
-    lr: 0.001
-    weight_decay: 0.01
-    betas:
-    - 0.95
-    - 0.999
-    eps: 1.0e-05
-    alpha: 0.5
-    k: 6
-  scheduler:
-    _target_: torch.optim.lr_scheduler.ConstantLR
-    _partial_: true
-    total_iters: 1
-    factor: 1
-  model_kwargs_loaded: null
-  scheduler_lightning_kwargs:
-    monitor: val_loss
-    interval: step
-    frequency: 1
-model/params/total: 1656859
-model/params/trainable: 1656859
-model/params/non_trainable: 0
-data:
-  dataset_kwargs_train:
-    logger_name: IterDataset-Train
-    shuffle_files: true
-    shuffle_data: true
-    seed: 42
-    max_n_files_per_type: null
-    n_jets_per_file: 100000
-    files_dict:
-      QCD:
-      - /srv/beegfs/scratch/groups/rodem/lumea/datasets/JetClass/Pythia/train_100M/ZJetsToNuNu_*
-      Hbb:
-      - /srv/beegfs/scratch/groups/rodem/lumea/datasets/JetClass/Pythia/train_100M/HToBB_*
-      Hcc:
-      - /srv/beegfs/scratch/groups/rodem/lumea/datasets/JetClass/Pythia/train_100M/HToCC_*
-      Hgg:
-      - /srv/beegfs/scratch/groups/rodem/lumea/datasets/JetClass/Pythia/train_100M/HToGG_*
-      H4q:
-      - /srv/beegfs/scratch/groups/rodem/lumea/datasets/JetClass/Pythia/train_100M/HToWW4Q_*
-      Hqql:
-      - /srv/beegfs/scratch/groups/rodem/lumea/datasets/JetClass/Pythia/train_100M/HToWW2Q1L_*
-      Zqq:
-      - /srv/beegfs/scratch/groups/rodem/lumea/datasets/JetClass/Pythia/train_100M/ZToQQ_*
-      Wqq:
-      - /srv/beegfs/scratch/groups/rodem/lumea/datasets/JetClass/Pythia/train_100M/WToQQ_*
-      Tbqq:
-      - /srv/beegfs/scratch/groups/rodem/lumea/datasets/JetClass/Pythia/train_100M/TTBar_*
-      Tbl:
-      - /srv/beegfs/scratch/groups/rodem/lumea/datasets/JetClass/Pythia/train_100M/TTBarLep_*
-    n_files_at_once: 10
-    load_only_once: false
-  dataset_kwargs_val:
-    logger_name: IterDataset-Validation
-    shuffle_files: false
-    shuffle_data: true
-    seed_shuffle_data: 42
-    max_n_files_per_type: 1
-    files_dict:
-      QCD:
-      - /srv/beegfs/scratch/groups/rodem/lumea/datasets/JetClass/Pythia/val_5M/ZJetsToNuNu_*
-      Hbb:
-      - /srv/beegfs/scratch/groups/rodem/lumea/datasets/JetClass/Pythia/val_5M/HToBB_*
-      Hcc:
-      - /srv/beegfs/scratch/groups/rodem/lumea/datasets/JetClass/Pythia/val_5M/HToCC_*
-      Hgg:
-      - /srv/beegfs/scratch/groups/rodem/lumea/datasets/JetClass/Pythia/val_5M/HToGG_*
-      H4q:
-      - /srv/beegfs/scratch/groups/rodem/lumea/datasets/JetClass/Pythia/val_5M/HToWW4Q_*
-      Hqql:
-      - /srv/beegfs/scratch/groups/rodem/lumea/datasets/JetClass/Pythia/val_5M/HToWW2Q1L_*
-      Zqq:
-      - /srv/beegfs/scratch/groups/rodem/lumea/datasets/JetClass/Pythia/val_5M/ZToQQ_*
-      Wqq:
-      - /srv/beegfs/scratch/groups/rodem/lumea/datasets/JetClass/Pythia/val_5M/WToQQ_*
-      Tbqq:
-      - /srv/beegfs/scratch/groups/rodem/lumea/datasets/JetClass/Pythia/val_5M/TTBar_*
-      Tbl:
-      - /srv/beegfs/scratch/groups/rodem/lumea/datasets/JetClass/Pythia/val_5M/TTBarLep_*
-    n_files_at_once: 10
-    load_only_once: true
-    shuffle_only_once: true
-    n_jets_per_file: 10000
-  dataset_kwargs_test:
-    logger_name: IterDataset-Test
-    shuffle_files: false
-    shuffle_data: true
-    seed_shuffle_data: 42
-    max_n_files_per_type: 1
-    files_dict:
-      QCD:
-      - /srv/beegfs/scratch/groups/rodem/lumea/datasets/JetClass/Pythia/test_20M/ZJetsToNuNu_*
-      Hbb:
-      - /srv/beegfs/scratch/groups/rodem/lumea/datasets/JetClass/Pythia/test_20M/HToBB_*
-      Hcc:
-      - /srv/beegfs/scratch/groups/rodem/lumea/datasets/JetClass/Pythia/test_20M/HToCC_*
-      Hgg:
-      - /srv/beegfs/scratch/groups/rodem/lumea/datasets/JetClass/Pythia/test_20M/HToGG_*
-      H4q:
-      - /srv/beegfs/scratch/groups/rodem/lumea/datasets/JetClass/Pythia/test_20M/HToWW4Q_*
-      Hqql:
-      - /srv/beegfs/scratch/groups/rodem/lumea/datasets/JetClass/Pythia/test_20M/HToWW2Q1L_*
-      Zqq:
-      - /srv/beegfs/scratch/groups/rodem/lumea/datasets/JetClass/Pythia/test_20M/ZToQQ_*
-      Wqq:
-      - /srv/beegfs/scratch/groups/rodem/lumea/datasets/JetClass/Pythia/test_20M/WToQQ_*
-      Tbqq:
-      - /srv/beegfs/scratch/groups/rodem/lumea/datasets/JetClass/Pythia/test_20M/TTBar_*
-      Tbl:
-      - /srv/beegfs/scratch/groups/rodem/lumea/datasets/JetClass/Pythia/test_20M/TTBarLep_*
-    n_files_at_once: 10
-    load_only_once: true
-    shuffle_only_once: true
-    n_jets_per_file: 20000
-  batch_size:
-    train: 500
-    val: 2000
-    test: 2000
-  data_dir: /srv/beegfs/scratch/groups/rodem/lumea/datasets/JetClass/Pythia
-  _target_: gabbro.data.iterable_dataset_jetclass.IterableDatamodule
-  dataset_kwargs_common:
-    pad_length: 128
-    labels_to_load:
-    - label_QCD
-    - label_Hbb
-    - label_Hcc
-    - label_Hgg
-    - label_H4q
-    - label_Hqql
-    - label_Zqq
-    - label_Wqq
-    - label_Tbqq
-    - label_Tbl
-    shuffle_particles: true
-    n_files_at_once: 10
-    load_only_once: false
-    feature_dict:
-      part_pt:
-        multiply_by: 1
-        subtract_by: 1.8
-        func: signed_log
-        inv_func: signed_exp
-      part_etarel:
-        multiply_by: 3
-      part_phirel:
-        multiply_by: 3
-    feature_dict_jet: null
-trainer:
-  _target_: lightning.Trainer
-  default_root_dir: trained/tokenization/runs/2026-07-06_17-29-22_gpu024_FirmamentalCamcorder
-  min_epochs: 1
-  accelerator: gpu
-  devices: 1
-  num_nodes: 1
-  strategy: auto
-  enable_progress_bar: false
-  check_val_every_n_epoch: 1
-  deterministic: false
-  max_steps: 1000000
-  gradient_clip_val: 5
-  log_every_n_steps: 10
-  limit_train_batches: 2000
-  limit_val_batches: 50
-callbacks:
-  model_checkpoint:
-    _target_: gabbro.callbacks.checkpoint_callback.CustomModelCheckpoint
-    state_key: General-checkpoint-callback
-    dirpath: trained/tokenization/runs/2026-07-06_17-29-22_gpu024_FirmamentalCamcorder/checkpoints
-    filename: epoch_{epoch:03d}_loss_{val_loss:.5f}
-    monitor: val_loss
-    verbose: true
-    save_last: true
-    save_top_k: -1
-    mode: min
-    auto_insert_metric_name: false
-    save_weights_only: false
-    every_n_train_steps: null
-    train_time_interval: null
-    every_n_epochs: 1
-    save_on_train_epoch_end: false
-  model_summary:
-    _target_: lightning.pytorch.callbacks.RichModelSummary
-    max_depth: -1
-  lr_monitor:
-    _target_: lightning.pytorch.callbacks.LearningRateMonitor
-    logging_interval: step
-    log_momentum: false
-  tokenization_callback:
-    _target_: gabbro.callbacks.tokenization_callback.TokenizationEvalCallback
-extras:
-  ignore_warnings: false
-  enforce_tags: true
-  print_config: true
-task_name: tokenization
-tags:
-- vqvae_tokenization
-ckpt_path: null
-seed: null
-run_note: ''
-git:
-  git_hash: 82d9a8a849e978b40494963daef011f44ac9388a
-  git_status: "\n====================================================================================================\n\
-    ========== start git diff ==========\ndiff --git a/configs/experiment/example_experiment_tokenization_transformer.yaml\
-    \ b/configs/experiment/example_experiment_tokenization_transformer.yaml\nindex\
-    \ 5b6aad8..7b665c0 100644\n--- a/configs/experiment/example_experiment_tokenization_transformer.yaml\n\
-    +++ b/configs/experiment/example_experiment_tokenization_transformer.yaml\n@@\
-    \ -26,7 +26,7 @@ run_note: \"\"\n seed: null\n \n data:\n-  data_dir: /srv/beegfs/scratch/groups/rodem/lumea/datasets/JetClass\n\
-    +  data_dir: /srv/beegfs/scratch/groups/rodem/lumea/datasets/JetClass/Pythia\n\
-    \   batch_size:\n     train: 500\n     val: 2000\n\n========== end git diff ==========\n\
-    ====================================================================================================\n"
-  git_last_commit_message: fixing feature dict yaml name
-slurm:
-  job_id: '10133118'
-  log_file: null
-load_weights_from: false
-gpu_properties:
-  rank0: NVIDIA GeForce RTX 3080
diff --git a/trained/tokenization/runs/2026-07-06_17-29-22_gpu024_FirmamentalCamcorder/untrained_model_state_dict.ckpt b/trained/tokenization/runs/2026-07-06_17-29-22_gpu024_FirmamentalCamcorder/untrained_model_state_dict.ckpt
deleted file mode 100644
index 92d8487..0000000
Binary files a/trained/tokenization/runs/2026-07-06_17-29-22_gpu024_FirmamentalCamcorder/untrained_model_state_dict.ckpt and /dev/null differ
diff --git a/trained/tokenization/runs/2026-07-06_17-37-13_gpu024_UnreflectiveSapper/.hydra/config.yaml b/trained/tokenization/runs/2026-07-06_17-37-13_gpu024_UnreflectiveSapper/.hydra/config.yaml
deleted file mode 100644
index ebe17b5..0000000
--- a/trained/tokenization/runs/2026-07-06_17-37-13_gpu024_UnreflectiveSapper/.hydra/config.yaml
+++ /dev/null
@@ -1,275 +0,0 @@
-task_name: tokenization
-tags:
-- vqvae_tokenization
-train: true
-test: true
-test_only_on_rank_zero: true
-ckpt_path: null
-seed: null
-ckpt_path_for_evaluation: null
-output_dir_resub: null
-dataset_size_id: null
-data:
-  dataset_kwargs_train:
-    logger_name: IterDataset-Train
-    shuffle_files: true
-    shuffle_data: true
-    seed: 42
-    max_n_files_per_type: null
-    n_jets_per_file: 100000
-    files_dict:
-      QCD:
-      - \${data.data_dir}/train_100M/ZJetsToNuNu_*
-      Hbb:
-      - \${data.data_dir}/train_100M/HToBB_*
-      Hcc:
-      - \${data.data_dir}/train_100M/HToCC_*
-      Hgg:
-      - \${data.data_dir}/train_100M/HToGG_*
-      H4q:
-      - \${data.data_dir}/train_100M/HToWW4Q_*
-      Hqql:
-      - \${data.data_dir}/train_100M/HToWW2Q1L_*
-      Zqq:
-      - \${data.data_dir}/train_100M/ZToQQ_*
-      Wqq:
-      - \${data.data_dir}/train_100M/WToQQ_*
-      Tbqq:
-      - \${data.data_dir}/train_100M/TTBar_*
-      Tbl:
-      - \${data.data_dir}/train_100M/TTBarLep_*
-    n_files_at_once: 10
-    load_only_once: false
-  dataset_kwargs_val:
-    logger_name: IterDataset-Validation
-    shuffle_files: false
-    shuffle_data: true
-    seed_shuffle_data: 42
-    max_n_files_per_type: 1
-    files_dict:
-      QCD:
-      - \${data.data_dir}/val_5M/ZJetsToNuNu_*
-      Hbb:
-      - \${data.data_dir}/val_5M/HToBB_*
-      Hcc:
-      - \${data.data_dir}/val_5M/HToCC_*
-      Hgg:
-      - \${data.data_dir}/val_5M/HToGG_*
-      H4q:
-      - \${data.data_dir}/val_5M/HToWW4Q_*
-      Hqql:
-      - \${data.data_dir}/val_5M/HToWW2Q1L_*
-      Zqq:
-      - \${data.data_dir}/val_5M/ZToQQ_*
-      Wqq:
-      - \${data.data_dir}/val_5M/WToQQ_*
-      Tbqq:
-      - \${data.data_dir}/val_5M/TTBar_*
-      Tbl:
-      - \${data.data_dir}/val_5M/TTBarLep_*
-    n_files_at_once: 10
-    load_only_once: true
-    shuffle_only_once: true
-    n_jets_per_file: 10000
-  dataset_kwargs_test:
-    logger_name: IterDataset-Test
-    shuffle_files: false
-    shuffle_data: true
-    seed_shuffle_data: 42
-    max_n_files_per_type: 1
-    files_dict:
-      QCD:
-      - \${data.data_dir}/test_20M/ZJetsToNuNu_*
-      Hbb:
-      - \${data.data_dir}/test_20M/HToBB_*
-      Hcc:
-      - \${data.data_dir}/test_20M/HToCC_*
-      Hgg:
-      - \${data.data_dir}/test_20M/HToGG_*
-      H4q:
-      - \${data.data_dir}/test_20M/HToWW4Q_*
-      Hqql:
-      - \${data.data_dir}/test_20M/HToWW2Q1L_*
-      Zqq:
-      - \${data.data_dir}/test_20M/ZToQQ_*
-      Wqq:
-      - \${data.data_dir}/test_20M/WToQQ_*
-      Tbqq:
-      - \${data.data_dir}/test_20M/TTBar_*
-      Tbl:
-      - \${data.data_dir}/test_20M/TTBarLep_*
-    n_files_at_once: 10
-    load_only_once: true
-    shuffle_only_once: true
-    n_jets_per_file: 20000
-  batch_size:
-    train: 500
-    val: 2000
-    test: 2000
-  data_dir: /srv/beegfs/scratch/groups/rodem/lumea/datasets/JetClass/Pythia
-  _target_: gabbro.data.iterable_dataset_jetclass.IterableDatamodule
-  dataset_kwargs_common:
-    pad_length: 128
-    labels_to_load:
-    - label_QCD
-    - label_Hbb
-    - label_Hcc
-    - label_Hgg
-    - label_H4q
-    - label_Hqql
-    - label_Zqq
-    - label_Wqq
-    - label_Tbqq
-    - label_Tbl
-    shuffle_particles: true
-    n_files_at_once: 10
-    load_only_once: false
-    feature_dict: \${feature_dict}
-    feature_dict_jet: null
-model:
-  _target_: gabbro.models.vqvae.VQVAELightning
-  model_type: VQVAETransformer
-  model_kwargs:
-    hidden_dim: 128
-    latent_dim: 8
-    num_blocks: 4
-    num_heads: 8
-    alpha: 10
-    vq_kwargs:
-      num_codes: 8192
-      beta: 0.9
-      kmeans_init: false
-      norm: null
-      cb_norm: null
-      affine_lr: 2
-      sync_nu: 1
-      replace_freq: 500
-      dim: -1
-    old_transformer_implementation: false
-    in_out_proj_cfg: null
-    latent_proj_cfg: null
-    input_features_dict: \${feature_dict}
-    causal_decoder: true
-    conditional_dim: 0
-    max_sequence_len: 128
-    transformer_cfg:
-      attn_cfg:
-        num_heads: \${model.model_kwargs.num_heads}
-        dropout_rate: 0.0
-        norm_before: true
-        norm_after: false
-      mlp_cfg:
-        expansion_factor: 4
-        dropout_rate: 0.0
-        norm_before: true
-        activation: GELU
-      residual_cfg:
-        gate_type: local
-        init_value: 1.0
-  optimizer:
-    _target_: gabbro.utils.optimizer.ranger.Ranger
-    _partial_: true
-    lr: 0.001
-    weight_decay: 0.01
-    betas:
-    - 0.95
-    - 0.999
-    eps: 1.0e-05
-  scheduler:
-    _target_: torch.optim.lr_scheduler.ConstantLR
-    _partial_: true
-    total_iters: 1
-    factor: 1
-  model_kwargs_loaded: null
-  scheduler_lightning_kwargs:
-    monitor: val_loss
-    interval: step
-    frequency: 1
-callbacks:
-  model_checkpoint:
-    _target_: gabbro.callbacks.checkpoint_callback.CustomModelCheckpoint
-    state_key: General-checkpoint-callback
-    dirpath: \${paths.output_dir}/checkpoints
-    filename: epoch_{epoch:03d}_loss_{val_loss:.5f}
-    monitor: val_loss
-    verbose: true
-    save_last: true
-    save_top_k: -1
-    mode: min
-    auto_insert_metric_name: false
-    save_weights_only: false
-    every_n_train_steps: null
-    train_time_interval: null
-    every_n_epochs: 1
-    save_on_train_epoch_end: false
-  model_summary:
-    _target_: lightning.pytorch.callbacks.RichModelSummary
-    max_depth: -1
-  lr_monitor:
-    _target_: lightning.pytorch.callbacks.LearningRateMonitor
-    logging_interval: step
-    log_momentum: false
-  tokenization_callback:
-    _target_: gabbro.callbacks.tokenization_callback.TokenizationEvalCallback
-feature_dict:
-  part_pt:
-    multiply_by: 1
-    subtract_by: 1.8
-    func: signed_log
-    inv_func: signed_exp
-  part_etarel:
-    multiply_by: 3
-  part_phirel:
-    multiply_by: 3
-logger:
-  comet:
-    _target_: lightning.pytorch.loggers.comet.CometLogger
-    api_key: \${oc.env:COMET_API_TOKEN}
-    save_dir: \${paths.output_dir}
-    project_name: \${project_name}
-    rest_api_key: null
-    experiment_key: null
-    offline: false
-    prefix: ''
-    experiment_name: null
-  csv:
-    _target_: lightning.pytorch.loggers.csv_logs.CSVLogger
-    save_dir: \${paths.output_dir}
-    name: csv/
-    prefix: ''
-  wandb:
-    project: \${project_name}
-    tags: \${tags}
-    name: \${task_name}
-trainer:
-  _target_: lightning.Trainer
-  default_root_dir: \${paths.output_dir}
-  min_epochs: 1
-  accelerator: gpu
-  devices: 1
-  num_nodes: 1
-  strategy: auto
-  enable_progress_bar: false
-  check_val_every_n_epoch: 1
-  deterministic: false
-  max_steps: 1000000
-  gradient_clip_val: 5
-  log_every_n_steps: 10
-  limit_train_batches: \${eval:'int(\${data.dataset_kwargs_train.n_files_at_once} *
-    \${data.dataset_kwargs_train.n_jets_per_file} / \${data.batch_size.train} / \${trainer.devices}
-    / \${trainer.num_nodes})'}
-  limit_val_batches: \${eval:'int(\${data.dataset_kwargs_val.n_files_at_once} * \${data.dataset_kwargs_val.n_jets_per_file}
-    / \${data.batch_size.val} / \${trainer.devices} / \${trainer.num_nodes})'}
-paths:
-  log_dir: \${oc.env:LOG_DIR}
-  output_dir: \${hydra:run.dir}
-  work_dir: \${hydra:runtime.cwd}
-extras:
-  ignore_warnings: false
-  enforce_tags: true
-  print_config: true
-load_weights_from: false
-load_weights_strict: false
-continue_from_checkpoint: null
-project_name: tokenization
-run_note: ''
diff --git a/trained/tokenization/runs/2026-07-06_17-37-13_gpu024_UnreflectiveSapper/.hydra/hydra.yaml b/trained/tokenization/runs/2026-07-06_17-37-13_gpu024_UnreflectiveSapper/.hydra/hydra.yaml
deleted file mode 100644
index 3ded6c8..0000000
--- a/trained/tokenization/runs/2026-07-06_17-37-13_gpu024_UnreflectiveSapper/.hydra/hydra.yaml
+++ /dev/null
@@ -1,179 +0,0 @@
-hydra:
-  run:
-    dir: \${paths.log_dir}/\${project_name}/runs/\${now:%Y-%m-%d}_\${now:%H-%M-%S}_\${nodename_bigram:}
-  sweep:
-    dir: \${paths.log_dir}/\${project_name}/multiruns/\${now:%Y-%m-%d}_\${now:%H-%M-%S}
-    subdir: \${hydra.job.num}
-  launcher:
-    _target_: hydra._internal.core_plugins.basic_launcher.BasicLauncher
-  sweeper:
-    _target_: hydra._internal.core_plugins.basic_sweeper.BasicSweeper
-    max_batch_size: null
-    params: null
-  help:
-    app_name: \${hydra.job.name}
-    header: '\${hydra.help.app_name} is powered by Hydra.
-
-      '
-    footer: 'Powered by Hydra (https://hydra.cc)
-
-      Use --hydra-help to view Hydra specific help
-
-      '
-    template: '\${hydra.help.header}
-
-      == Configuration groups ==
-
-      Compose your configuration from those groups (group=option)
-
-
-      \$APP_CONFIG_GROUPS
-
-
-      == Config ==
-
-      Override anything in the config (foo.bar=value)
-
-
-      \$CONFIG
-
-
-      \${hydra.help.footer}
-
-      '
-  hydra_help:
-    template: 'Hydra (\${hydra.runtime.version})
-
-      See https://hydra.cc for more info.
-
-
-      == Flags ==
-
-      \$FLAGS_HELP
-
-
-      == Configuration groups ==
-
-      Compose your configuration from those groups (For example, append hydra/job_logging=disabled
-      to command line)
-
-
-      \$HYDRA_CONFIG_GROUPS
-
-
-      Use ''--cfg hydra'' to Show the Hydra config.
-
-      '
-    hydra_help: ???
-  hydra_logging:
-    version: 1
-    formatters:
-      colorlog:
-        (): colorlog.ColoredFormatter
-        format: '[%(cyan)s%(asctime)s%(reset)s][%(purple)sHYDRA%(reset)s] %(message)s'
-    handlers:
-      console:
-        class: logging.StreamHandler
-        formatter: colorlog
-        stream: ext://sys.stdout
-    root:
-      level: INFO
-      handlers:
-      - console
-    disable_existing_loggers: false
-  job_logging:
-    version: 1
-    formatters:
-      simple:
-        format: '[%(asctime)s][%(name)s][%(levelname)s] - %(message)s'
-      colorlog:
-        (): colorlog.ColoredFormatter
-        format: '[%(cyan)s%(asctime)s%(reset)s][%(blue)s%(name)s%(reset)s][%(log_color)s%(levelname)s%(reset)s]
-          - %(message)s'
-        log_colors:
-          DEBUG: purple
-          INFO: green
-          WARNING: yellow
-          ERROR: red
-          CRITICAL: red
-    handlers:
-      console:
-        class: logging.StreamHandler
-        formatter: colorlog
-        stream: ext://sys.stdout
-      file:
-        class: logging.FileHandler
-        formatter: simple
-        filename: \${hydra.job.name}.log
-    root:
-      level: INFO
-      handlers:
-      - console
-      - file
-    disable_existing_loggers: false
-  env: {}
-  mode: RUN
-  searchpath: []
-  callbacks: {}
-  output_subdir: .hydra
-  overrides:
-    hydra:
-    - hydra.mode=RUN
-    task:
-    - experiment=example_experiment_tokenization_transformer
-  job:
-    name: train
-    chdir: null
-    override_dirname: experiment=example_experiment_tokenization_transformer
-    id: ???
-    num: ???
-    config_name: train.yaml
-    env_set: {}
-    env_copy: []
-    config:
-      override_dirname:
-        kv_sep: '='
-        item_sep: ','
-        exclude_keys: []
-  runtime:
-    version: 1.3.2
-    version_base: '1.3'
-    cwd: /home/users/w/wozniak/dev/enhancing-ntp4jets
-    config_sources:
-    - path: hydra.conf
-      schema: pkg
-      provider: hydra
-    - path: /home/users/w/wozniak/dev/enhancing-ntp4jets/configs
-      schema: file
-      provider: main
-    - path: hydra_plugins.hydra_colorlog.conf
-      schema: pkg
-      provider: hydra-colorlog
-    - path: ''
-      schema: structured
-      provider: schema
-    output_dir: /home/users/w/wozniak/dev/enhancing-ntp4jets/trained/tokenization/runs/2026-07-06_17-37-13_gpu024_UnreflectiveSapper
-    choices:
-      debug: null
-      local: default.yaml
-      hparams_search: null
-      experiment: example_experiment_tokenization_transformer
-      hydra: default.yaml
-      extras: default.yaml
-      paths: default.yaml
-      trainer: gpu.yaml
-      logger: many_loggers.yaml
-      feature_dict: feature_dict_kin_massless_without_cuts.yaml
-      callbacks: tokenization_callbacks.yaml
-      model: model_vqvae_transformer.yaml
-      data: iter_dataset_jetclass_all_types.yaml
-      hydra/env: default
-      hydra/callbacks: null
-      hydra/job_logging: colorlog
-      hydra/hydra_logging: colorlog
-      hydra/hydra_help: default
-      hydra/help: default
-      hydra/sweeper: basic
-      hydra/launcher: basic
-      hydra/output: default
-  verbose: false
diff --git a/trained/tokenization/runs/2026-07-06_17-37-13_gpu024_UnreflectiveSapper/.hydra/overrides.yaml b/trained/tokenization/runs/2026-07-06_17-37-13_gpu024_UnreflectiveSapper/.hydra/overrides.yaml
deleted file mode 100644
index 1d84653..0000000
--- a/trained/tokenization/runs/2026-07-06_17-37-13_gpu024_UnreflectiveSapper/.hydra/overrides.yaml
+++ /dev/null
@@ -1 +0,0 @@
-- experiment=example_experiment_tokenization_transformer
diff --git a/trained/tokenization/runs/2026-07-06_17-37-13_gpu024_UnreflectiveSapper/config.yaml b/trained/tokenization/runs/2026-07-06_17-37-13_gpu024_UnreflectiveSapper/config.yaml
deleted file mode 100644
index b4bc3ab..0000000
--- a/trained/tokenization/runs/2026-07-06_17-37-13_gpu024_UnreflectiveSapper/config.yaml
+++ /dev/null
@@ -1,275 +0,0 @@
-task_name: tokenization
-tags:
-- vqvae_tokenization
-train: true
-test: true
-test_only_on_rank_zero: true
-ckpt_path: null
-seed: null
-ckpt_path_for_evaluation: null
-output_dir_resub: null
-dataset_size_id: null
-data:
-  dataset_kwargs_train:
-    logger_name: IterDataset-Train
-    shuffle_files: true
-    shuffle_data: true
-    seed: 42
-    max_n_files_per_type: null
-    n_jets_per_file: 100000
-    files_dict:
-      QCD:
-      - \${data.data_dir}/train_100M/ZJetsToNuNu_*
-      Hbb:
-      - \${data.data_dir}/train_100M/HToBB_*
-      Hcc:
-      - \${data.data_dir}/train_100M/HToCC_*
-      Hgg:
-      - \${data.data_dir}/train_100M/HToGG_*
-      H4q:
-      - \${data.data_dir}/train_100M/HToWW4Q_*
-      Hqql:
-      - \${data.data_dir}/train_100M/HToWW2Q1L_*
-      Zqq:
-      - \${data.data_dir}/train_100M/ZToQQ_*
-      Wqq:
-      - \${data.data_dir}/train_100M/WToQQ_*
-      Tbqq:
-      - \${data.data_dir}/train_100M/TTBar_*
-      Tbl:
-      - \${data.data_dir}/train_100M/TTBarLep_*
-    n_files_at_once: 10
-    load_only_once: false
-  dataset_kwargs_val:
-    logger_name: IterDataset-Validation
-    shuffle_files: false
-    shuffle_data: true
-    seed_shuffle_data: 42
-    max_n_files_per_type: 1
-    files_dict:
-      QCD:
-      - \${data.data_dir}/val_5M/ZJetsToNuNu_*
-      Hbb:
-      - \${data.data_dir}/val_5M/HToBB_*
-      Hcc:
-      - \${data.data_dir}/val_5M/HToCC_*
-      Hgg:
-      - \${data.data_dir}/val_5M/HToGG_*
-      H4q:
-      - \${data.data_dir}/val_5M/HToWW4Q_*
-      Hqql:
-      - \${data.data_dir}/val_5M/HToWW2Q1L_*
-      Zqq:
-      - \${data.data_dir}/val_5M/ZToQQ_*
-      Wqq:
-      - \${data.data_dir}/val_5M/WToQQ_*
-      Tbqq:
-      - \${data.data_dir}/val_5M/TTBar_*
-      Tbl:
-      - \${data.data_dir}/val_5M/TTBarLep_*
-    n_files_at_once: 10
-    load_only_once: true
-    shuffle_only_once: true
-    n_jets_per_file: 10000
-  dataset_kwargs_test:
-    logger_name: IterDataset-Test
-    shuffle_files: false
-    shuffle_data: true
-    seed_shuffle_data: 42
-    max_n_files_per_type: 1
-    files_dict:
-      QCD:
-      - \${data.data_dir}/test_20M/ZJetsToNuNu_*
-      Hbb:
-      - \${data.data_dir}/test_20M/HToBB_*
-      Hcc:
-      - \${data.data_dir}/test_20M/HToCC_*
-      Hgg:
-      - \${data.data_dir}/test_20M/HToGG_*
-      H4q:
-      - \${data.data_dir}/test_20M/HToWW4Q_*
-      Hqql:
-      - \${data.data_dir}/test_20M/HToWW2Q1L_*
-      Zqq:
-      - \${data.data_dir}/test_20M/ZToQQ_*
-      Wqq:
-      - \${data.data_dir}/test_20M/WToQQ_*
-      Tbqq:
-      - \${data.data_dir}/test_20M/TTBar_*
-      Tbl:
-      - \${data.data_dir}/test_20M/TTBarLep_*
-    n_files_at_once: 10
-    load_only_once: true
-    shuffle_only_once: true
-    n_jets_per_file: 20000
-  batch_size:
-    train: 500
-    val: 2000
-    test: 2000
-  data_dir: /srv/beegfs/scratch/groups/rodem/lumea/datasets/JetClass/Pythia
-  _target_: gabbro.data.iterable_dataset_jetclass.IterableDatamodule
-  dataset_kwargs_common:
-    pad_length: 128
-    labels_to_load:
-    - label_QCD
-    - label_Hbb
-    - label_Hcc
-    - label_Hgg
-    - label_H4q
-    - label_Hqql
-    - label_Zqq
-    - label_Wqq
-    - label_Tbqq
-    - label_Tbl
-    shuffle_particles: true
-    n_files_at_once: 10
-    load_only_once: false
-    feature_dict: \${feature_dict}
-    feature_dict_jet: null
-model:
-  _target_: gabbro.models.vqvae.VQVAELightning
-  model_type: VQVAETransformer
-  model_kwargs:
-    hidden_dim: 128
-    latent_dim: 8
-    num_blocks: 4
-    num_heads: 8
-    alpha: 10
-    vq_kwargs:
-      num_codes: 8192
-      beta: 0.9
-      kmeans_init: false
-      norm: null
-      cb_norm: null
-      affine_lr: 2
-      sync_nu: 1
-      replace_freq: 500
-      dim: -1
-    old_transformer_implementation: false
-    in_out_proj_cfg: null
-    latent_proj_cfg: null
-    input_features_dict: \${feature_dict}
-    causal_decoder: true
-    conditional_dim: 0
-    max_sequence_len: 128
-    transformer_cfg:
-      attn_cfg:
-        num_heads: \${model.model_kwargs.num_heads}
-        dropout_rate: 0.0
-        norm_before: true
-        norm_after: false
-      mlp_cfg:
-        expansion_factor: 4
-        dropout_rate: 0.0
-        norm_before: true
-        activation: GELU
-      residual_cfg:
-        gate_type: local
-        init_value: 1.0
-  optimizer:
-    _target_: gabbro.utils.optimizer.ranger.Ranger
-    _partial_: true
-    lr: 0.001
-    weight_decay: 0.01
-    betas:
-    - 0.95
-    - 0.999
-    eps: 1.0e-05
-  scheduler:
-    _target_: torch.optim.lr_scheduler.ConstantLR
-    _partial_: true
-    total_iters: 1
-    factor: 1
-  model_kwargs_loaded: null
-  scheduler_lightning_kwargs:
-    monitor: val_loss
-    interval: step
-    frequency: 1
-callbacks:
-  model_checkpoint:
-    _target_: gabbro.callbacks.checkpoint_callback.CustomModelCheckpoint
-    state_key: General-checkpoint-callback
-    dirpath: \${paths.output_dir}/checkpoints
-    filename: epoch_{epoch:03d}_loss_{val_loss:.5f}
-    monitor: val_loss
-    verbose: true
-    save_last: true
-    save_top_k: -1
-    mode: min
-    auto_insert_metric_name: false
-    save_weights_only: false
-    every_n_train_steps: null
-    train_time_interval: null
-    every_n_epochs: 1
-    save_on_train_epoch_end: false
-  model_summary:
-    _target_: lightning.pytorch.callbacks.RichModelSummary
-    max_depth: -1
-  lr_monitor:
-    _target_: lightning.pytorch.callbacks.LearningRateMonitor
-    logging_interval: step
-    log_momentum: false
-  tokenization_callback:
-    _target_: gabbro.callbacks.tokenization_callback.TokenizationEvalCallback
-feature_dict:
-  part_pt:
-    multiply_by: 1
-    subtract_by: 1.8
-    func: signed_log
-    inv_func: signed_exp
-  part_etarel:
-    multiply_by: 3
-  part_phirel:
-    multiply_by: 3
-logger:
-  comet:
-    _target_: lightning.pytorch.loggers.comet.CometLogger
-    api_key: \${oc.env:COMET_API_TOKEN}
-    save_dir: \${paths.output_dir}
-    project_name: \${project_name}
-    rest_api_key: null
-    experiment_key: 92e6f5ae2c514d2f87b6e4ab9839a42f
-    offline: false
-    prefix: ''
-    experiment_name: gpu024
-  csv:
-    _target_: lightning.pytorch.loggers.csv_logs.CSVLogger
-    save_dir: \${paths.output_dir}
-    name: csv/
-    prefix: ''
-  wandb:
-    project: \${project_name}
-    tags: \${tags}
-    name: gpu024
-trainer:
-  _target_: lightning.Trainer
-  default_root_dir: \${paths.output_dir}
-  min_epochs: 1
-  accelerator: gpu
-  devices: 1
-  num_nodes: 1
-  strategy: auto
-  enable_progress_bar: false
-  check_val_every_n_epoch: 1
-  deterministic: false
-  max_steps: 1000000
-  gradient_clip_val: 5
-  log_every_n_steps: 10
-  limit_train_batches: \${eval:'int(\${data.dataset_kwargs_train.n_files_at_once} *
-    \${data.dataset_kwargs_train.n_jets_per_file} / \${data.batch_size.train} / \${trainer.devices}
-    / \${trainer.num_nodes})'}
-  limit_val_batches: \${eval:'int(\${data.dataset_kwargs_val.n_files_at_once} * \${data.dataset_kwargs_val.n_jets_per_file}
-    / \${data.batch_size.val} / \${trainer.devices} / \${trainer.num_nodes})'}
-paths:
-  log_dir: \${oc.env:LOG_DIR}
-  output_dir: \${hydra:run.dir}
-  work_dir: \${hydra:runtime.cwd}
-extras:
-  ignore_warnings: false
-  enforce_tags: true
-  print_config: true
-load_weights_from: false
-load_weights_strict: false
-continue_from_checkpoint: null
-project_name: tokenization
-run_note: ''
diff --git a/trained/tokenization/runs/2026-07-06_17-37-13_gpu024_UnreflectiveSapper/config_resolved.yaml b/trained/tokenization/runs/2026-07-06_17-37-13_gpu024_UnreflectiveSapper/config_resolved.yaml
deleted file mode 100644
index 76329a0..0000000
--- a/trained/tokenization/runs/2026-07-06_17-37-13_gpu024_UnreflectiveSapper/config_resolved.yaml
+++ /dev/null
@@ -1,291 +0,0 @@
-task_name: tokenization
-tags:
-- vqvae_tokenization
-train: true
-test: true
-test_only_on_rank_zero: true
-ckpt_path: null
-seed: null
-ckpt_path_for_evaluation: null
-output_dir_resub: null
-dataset_size_id: null
-data:
-  dataset_kwargs_train:
-    logger_name: IterDataset-Train
-    shuffle_files: true
-    shuffle_data: true
-    seed: 42
-    max_n_files_per_type: null
-    n_jets_per_file: 100000
-    files_dict:
-      QCD:
-      - /srv/beegfs/scratch/groups/rodem/lumea/datasets/JetClass/Pythia/train_100M/ZJetsToNuNu_*
-      Hbb:
-      - /srv/beegfs/scratch/groups/rodem/lumea/datasets/JetClass/Pythia/train_100M/HToBB_*
-      Hcc:
-      - /srv/beegfs/scratch/groups/rodem/lumea/datasets/JetClass/Pythia/train_100M/HToCC_*
-      Hgg:
-      - /srv/beegfs/scratch/groups/rodem/lumea/datasets/JetClass/Pythia/train_100M/HToGG_*
-      H4q:
-      - /srv/beegfs/scratch/groups/rodem/lumea/datasets/JetClass/Pythia/train_100M/HToWW4Q_*
-      Hqql:
-      - /srv/beegfs/scratch/groups/rodem/lumea/datasets/JetClass/Pythia/train_100M/HToWW2Q1L_*
-      Zqq:
-      - /srv/beegfs/scratch/groups/rodem/lumea/datasets/JetClass/Pythia/train_100M/ZToQQ_*
-      Wqq:
-      - /srv/beegfs/scratch/groups/rodem/lumea/datasets/JetClass/Pythia/train_100M/WToQQ_*
-      Tbqq:
-      - /srv/beegfs/scratch/groups/rodem/lumea/datasets/JetClass/Pythia/train_100M/TTBar_*
-      Tbl:
-      - /srv/beegfs/scratch/groups/rodem/lumea/datasets/JetClass/Pythia/train_100M/TTBarLep_*
-    n_files_at_once: 10
-    load_only_once: false
-  dataset_kwargs_val:
-    logger_name: IterDataset-Validation
-    shuffle_files: false
-    shuffle_data: true
-    seed_shuffle_data: 42
-    max_n_files_per_type: 1
-    files_dict:
-      QCD:
-      - /srv/beegfs/scratch/groups/rodem/lumea/datasets/JetClass/Pythia/val_5M/ZJetsToNuNu_*
-      Hbb:
-      - /srv/beegfs/scratch/groups/rodem/lumea/datasets/JetClass/Pythia/val_5M/HToBB_*
-      Hcc:
-      - /srv/beegfs/scratch/groups/rodem/lumea/datasets/JetClass/Pythia/val_5M/HToCC_*
-      Hgg:
-      - /srv/beegfs/scratch/groups/rodem/lumea/datasets/JetClass/Pythia/val_5M/HToGG_*
-      H4q:
-      - /srv/beegfs/scratch/groups/rodem/lumea/datasets/JetClass/Pythia/val_5M/HToWW4Q_*
-      Hqql:
-      - /srv/beegfs/scratch/groups/rodem/lumea/datasets/JetClass/Pythia/val_5M/HToWW2Q1L_*
-      Zqq:
-      - /srv/beegfs/scratch/groups/rodem/lumea/datasets/JetClass/Pythia/val_5M/ZToQQ_*
-      Wqq:
-      - /srv/beegfs/scratch/groups/rodem/lumea/datasets/JetClass/Pythia/val_5M/WToQQ_*
-      Tbqq:
-      - /srv/beegfs/scratch/groups/rodem/lumea/datasets/JetClass/Pythia/val_5M/TTBar_*
-      Tbl:
-      - /srv/beegfs/scratch/groups/rodem/lumea/datasets/JetClass/Pythia/val_5M/TTBarLep_*
-    n_files_at_once: 10
-    load_only_once: true
-    shuffle_only_once: true
-    n_jets_per_file: 10000
-  dataset_kwargs_test:
-    logger_name: IterDataset-Test
-    shuffle_files: false
-    shuffle_data: true
-    seed_shuffle_data: 42
-    max_n_files_per_type: 1
-    files_dict:
-      QCD:
-      - /srv/beegfs/scratch/groups/rodem/lumea/datasets/JetClass/Pythia/test_20M/ZJetsToNuNu_*
-      Hbb:
-      - /srv/beegfs/scratch/groups/rodem/lumea/datasets/JetClass/Pythia/test_20M/HToBB_*
-      Hcc:
-      - /srv/beegfs/scratch/groups/rodem/lumea/datasets/JetClass/Pythia/test_20M/HToCC_*
-      Hgg:
-      - /srv/beegfs/scratch/groups/rodem/lumea/datasets/JetClass/Pythia/test_20M/HToGG_*
-      H4q:
-      - /srv/beegfs/scratch/groups/rodem/lumea/datasets/JetClass/Pythia/test_20M/HToWW4Q_*
-      Hqql:
-      - /srv/beegfs/scratch/groups/rodem/lumea/datasets/JetClass/Pythia/test_20M/HToWW2Q1L_*
-      Zqq:
-      - /srv/beegfs/scratch/groups/rodem/lumea/datasets/JetClass/Pythia/test_20M/ZToQQ_*
-      Wqq:
-      - /srv/beegfs/scratch/groups/rodem/lumea/datasets/JetClass/Pythia/test_20M/WToQQ_*
-      Tbqq:
-      - /srv/beegfs/scratch/groups/rodem/lumea/datasets/JetClass/Pythia/test_20M/TTBar_*
-      Tbl:
-      - /srv/beegfs/scratch/groups/rodem/lumea/datasets/JetClass/Pythia/test_20M/TTBarLep_*
-    n_files_at_once: 10
-    load_only_once: true
-    shuffle_only_once: true
-    n_jets_per_file: 20000
-  batch_size:
-    train: 500
-    val: 2000
-    test: 2000
-  data_dir: /srv/beegfs/scratch/groups/rodem/lumea/datasets/JetClass/Pythia
-  _target_: gabbro.data.iterable_dataset_jetclass.IterableDatamodule
-  dataset_kwargs_common:
-    pad_length: 128
-    labels_to_load:
-    - label_QCD
-    - label_Hbb
-    - label_Hcc
-    - label_Hgg
-    - label_H4q
-    - label_Hqql
-    - label_Zqq
-    - label_Wqq
-    - label_Tbqq
-    - label_Tbl
-    shuffle_particles: true
-    n_files_at_once: 10
-    load_only_once: false
-    feature_dict:
-      part_pt:
-        multiply_by: 1
-        subtract_by: 1.8
-        func: signed_log
-        inv_func: signed_exp
-      part_etarel:
-        multiply_by: 3
-      part_phirel:
-        multiply_by: 3
-    feature_dict_jet: null
-model:
-  _target_: gabbro.models.vqvae.VQVAELightning
-  model_type: VQVAETransformer
-  model_kwargs:
-    hidden_dim: 128
-    latent_dim: 8
-    num_blocks: 4
-    num_heads: 8
-    alpha: 10
-    vq_kwargs:
-      num_codes: 8192
-      beta: 0.9
-      kmeans_init: false
-      norm: null
-      cb_norm: null
-      affine_lr: 2
-      sync_nu: 1
-      replace_freq: 500
-      dim: -1
-    old_transformer_implementation: false
-    in_out_proj_cfg: null
-    latent_proj_cfg: null
-    input_features_dict:
-      part_pt:
-        multiply_by: 1
-        subtract_by: 1.8
-        func: signed_log
-        inv_func: signed_exp
-      part_etarel:
-        multiply_by: 3
-      part_phirel:
-        multiply_by: 3
-    causal_decoder: true
-    conditional_dim: 0
-    max_sequence_len: 128
-    transformer_cfg:
-      attn_cfg:
-        num_heads: 8
-        dropout_rate: 0.0
-        norm_before: true
-        norm_after: false
-      mlp_cfg:
-        expansion_factor: 4
-        dropout_rate: 0.0
-        norm_before: true
-        activation: GELU
-      residual_cfg:
-        gate_type: local
-        init_value: 1.0
-  optimizer:
-    _target_: gabbro.utils.optimizer.ranger.Ranger
-    _partial_: true
-    lr: 0.001
-    weight_decay: 0.01
-    betas:
-    - 0.95
-    - 0.999
-    eps: 1.0e-05
-  scheduler:
-    _target_: torch.optim.lr_scheduler.ConstantLR
-    _partial_: true
-    total_iters: 1
-    factor: 1
-  model_kwargs_loaded: null
-  scheduler_lightning_kwargs:
-    monitor: val_loss
-    interval: step
-    frequency: 1
-callbacks:
-  model_checkpoint:
-    _target_: gabbro.callbacks.checkpoint_callback.CustomModelCheckpoint
-    state_key: General-checkpoint-callback
-    dirpath: trained/tokenization/runs/2026-07-06_17-37-13_gpu024_UnreflectiveSapper/checkpoints
-    filename: epoch_{epoch:03d}_loss_{val_loss:.5f}
-    monitor: val_loss
-    verbose: true
-    save_last: true
-    save_top_k: -1
-    mode: min
-    auto_insert_metric_name: false
-    save_weights_only: false
-    every_n_train_steps: null
-    train_time_interval: null
-    every_n_epochs: 1
-    save_on_train_epoch_end: false
-  model_summary:
-    _target_: lightning.pytorch.callbacks.RichModelSummary
-    max_depth: -1
-  lr_monitor:
-    _target_: lightning.pytorch.callbacks.LearningRateMonitor
-    logging_interval: step
-    log_momentum: false
-  tokenization_callback:
-    _target_: gabbro.callbacks.tokenization_callback.TokenizationEvalCallback
-feature_dict:
-  part_pt:
-    multiply_by: 1
-    subtract_by: 1.8
-    func: signed_log
-    inv_func: signed_exp
-  part_etarel:
-    multiply_by: 3
-  part_phirel:
-    multiply_by: 3
-logger:
-  comet:
-    _target_: lightning.pytorch.loggers.comet.CometLogger
-    api_key: bSH6vlLeei9OzSDWdWXZmNgqU
-    save_dir: trained/tokenization/runs/2026-07-06_17-37-13_gpu024_UnreflectiveSapper
-    project_name: tokenization
-    rest_api_key: null
-    experiment_key: 92e6f5ae2c514d2f87b6e4ab9839a42f
-    offline: false
-    prefix: ''
-    experiment_name: gpu024
-  csv:
-    _target_: lightning.pytorch.loggers.csv_logs.CSVLogger
-    save_dir: trained/tokenization/runs/2026-07-06_17-37-13_gpu024_UnreflectiveSapper
-    name: csv/
-    prefix: ''
-  wandb:
-    project: tokenization
-    tags:
-    - vqvae_tokenization
-    name: gpu024
-trainer:
-  _target_: lightning.Trainer
-  default_root_dir: trained/tokenization/runs/2026-07-06_17-37-13_gpu024_UnreflectiveSapper
-  min_epochs: 1
-  accelerator: gpu
-  devices: 1
-  num_nodes: 1
-  strategy: auto
-  enable_progress_bar: false
-  check_val_every_n_epoch: 1
-  deterministic: false
-  max_steps: 1000000
-  gradient_clip_val: 5
-  log_every_n_steps: 10
-  limit_train_batches: 2000
-  limit_val_batches: 50
-paths:
-  log_dir: trained
-  output_dir: trained/tokenization/runs/2026-07-06_17-37-13_gpu024_UnreflectiveSapper
-  work_dir: /home/users/w/wozniak/dev/enhancing-ntp4jets
-extras:
-  ignore_warnings: false
-  enforce_tags: true
-  print_config: true
-load_weights_from: false
-load_weights_strict: false
-continue_from_checkpoint: null
-project_name: tokenization
-run_note: ''
diff --git a/trained/tokenization/runs/2026-07-06_17-37-13_gpu024_UnreflectiveSapper/csv/version_0/hparams.yaml b/trained/tokenization/runs/2026-07-06_17-37-13_gpu024_UnreflectiveSapper/csv/version_0/hparams.yaml
deleted file mode 100644
index 574d12d..0000000
--- a/trained/tokenization/runs/2026-07-06_17-37-13_gpu024_UnreflectiveSapper/csv/version_0/hparams.yaml
+++ /dev/null
@@ -1,394 +0,0 @@
-model:
-  _target_: gabbro.models.vqvae.VQVAELightning
-  model_type: VQVAETransformer
-  model_kwargs:
-    hidden_dim: 128
-    latent_dim: 8
-    num_blocks: 4
-    num_heads: 8
-    alpha: 10
-    vq_kwargs:
-      num_codes: 8192
-      beta: 0.9
-      kmeans_init: false
-      norm: null
-      cb_norm: null
-      affine_lr: 2
-      sync_nu: 1
-      replace_freq: 500
-      dim: -1
-    old_transformer_implementation: false
-    in_out_proj_cfg: null
-    latent_proj_cfg: null
-    input_features_dict:
-      part_pt:
-        multiply_by: 1
-        subtract_by: 1.8
-        func: signed_log
-        inv_func: signed_exp
-      part_etarel:
-        multiply_by: 3
-      part_phirel:
-        multiply_by: 3
-    causal_decoder: true
-    conditional_dim: 0
-    max_sequence_len: 128
-    transformer_cfg:
-      attn_cfg:
-        num_heads: 8
-        dropout_rate: 0.0
-        norm_before: true
-        norm_after: false
-      mlp_cfg:
-        expansion_factor: 4
-        dropout_rate: 0.0
-        norm_before: true
-        activation: GELU
-      residual_cfg:
-        gate_type: local
-        init_value: 1.0
-  optimizer:
-    _target_: gabbro.utils.optimizer.ranger.Ranger
-    _partial_: true
-    lr: 0.001
-    weight_decay: 0.01
-    betas:
-    - 0.95
-    - 0.999
-    eps: 1.0e-05
-  scheduler:
-    _target_: torch.optim.lr_scheduler.ConstantLR
-    _partial_: true
-    total_iters: 1
-    factor: 1
-  model_kwargs_loaded: null
-  scheduler_lightning_kwargs:
-    monitor: val_loss
-    interval: step
-    frequency: 1
-model/params/total: 1656859
-model/params/trainable: 1656859
-model/params/non_trainable: 0
-data:
-  dataset_kwargs_train:
-    logger_name: IterDataset-Train
-    shuffle_files: true
-    shuffle_data: true
-    seed: 42
-    max_n_files_per_type: null
-    n_jets_per_file: 100000
-    files_dict:
-      QCD:
-      - /srv/beegfs/scratch/groups/rodem/lumea/datasets/JetClass/Pythia/train_100M/ZJetsToNuNu_*
-      Hbb:
-      - /srv/beegfs/scratch/groups/rodem/lumea/datasets/JetClass/Pythia/train_100M/HToBB_*
-      Hcc:
-      - /srv/beegfs/scratch/groups/rodem/lumea/datasets/JetClass/Pythia/train_100M/HToCC_*
-      Hgg:
-      - /srv/beegfs/scratch/groups/rodem/lumea/datasets/JetClass/Pythia/train_100M/HToGG_*
-      H4q:
-      - /srv/beegfs/scratch/groups/rodem/lumea/datasets/JetClass/Pythia/train_100M/HToWW4Q_*
-      Hqql:
-      - /srv/beegfs/scratch/groups/rodem/lumea/datasets/JetClass/Pythia/train_100M/HToWW2Q1L_*
-      Zqq:
-      - /srv/beegfs/scratch/groups/rodem/lumea/datasets/JetClass/Pythia/train_100M/ZToQQ_*
-      Wqq:
-      - /srv/beegfs/scratch/groups/rodem/lumea/datasets/JetClass/Pythia/train_100M/WToQQ_*
-      Tbqq:
-      - /srv/beegfs/scratch/groups/rodem/lumea/datasets/JetClass/Pythia/train_100M/TTBar_*
-      Tbl:
-      - /srv/beegfs/scratch/groups/rodem/lumea/datasets/JetClass/Pythia/train_100M/TTBarLep_*
-    n_files_at_once: 10
-    load_only_once: false
-  dataset_kwargs_val:
-    logger_name: IterDataset-Validation
-    shuffle_files: false
-    shuffle_data: true
-    seed_shuffle_data: 42
-    max_n_files_per_type: 1
-    files_dict:
-      QCD:
-      - /srv/beegfs/scratch/groups/rodem/lumea/datasets/JetClass/Pythia/val_5M/ZJetsToNuNu_*
-      Hbb:
-      - /srv/beegfs/scratch/groups/rodem/lumea/datasets/JetClass/Pythia/val_5M/HToBB_*
-      Hcc:
-      - /srv/beegfs/scratch/groups/rodem/lumea/datasets/JetClass/Pythia/val_5M/HToCC_*
-      Hgg:
-      - /srv/beegfs/scratch/groups/rodem/lumea/datasets/JetClass/Pythia/val_5M/HToGG_*
-      H4q:
-      - /srv/beegfs/scratch/groups/rodem/lumea/datasets/JetClass/Pythia/val_5M/HToWW4Q_*
-      Hqql:
-      - /srv/beegfs/scratch/groups/rodem/lumea/datasets/JetClass/Pythia/val_5M/HToWW2Q1L_*
-      Zqq:
-      - /srv/beegfs/scratch/groups/rodem/lumea/datasets/JetClass/Pythia/val_5M/ZToQQ_*
-      Wqq:
-      - /srv/beegfs/scratch/groups/rodem/lumea/datasets/JetClass/Pythia/val_5M/WToQQ_*
-      Tbqq:
-      - /srv/beegfs/scratch/groups/rodem/lumea/datasets/JetClass/Pythia/val_5M/TTBar_*
-      Tbl:
-      - /srv/beegfs/scratch/groups/rodem/lumea/datasets/JetClass/Pythia/val_5M/TTBarLep_*
-    n_files_at_once: 10
-    load_only_once: true
-    shuffle_only_once: true
-    n_jets_per_file: 10000
-  dataset_kwargs_test:
-    logger_name: IterDataset-Test
-    shuffle_files: false
-    shuffle_data: true
-    seed_shuffle_data: 42
-    max_n_files_per_type: 1
-    files_dict:
-      QCD:
-      - /srv/beegfs/scratch/groups/rodem/lumea/datasets/JetClass/Pythia/test_20M/ZJetsToNuNu_*
-      Hbb:
-      - /srv/beegfs/scratch/groups/rodem/lumea/datasets/JetClass/Pythia/test_20M/HToBB_*
-      Hcc:
-      - /srv/beegfs/scratch/groups/rodem/lumea/datasets/JetClass/Pythia/test_20M/HToCC_*
-      Hgg:
-      - /srv/beegfs/scratch/groups/rodem/lumea/datasets/JetClass/Pythia/test_20M/HToGG_*
-      H4q:
-      - /srv/beegfs/scratch/groups/rodem/lumea/datasets/JetClass/Pythia/test_20M/HToWW4Q_*
-      Hqql:
-      - /srv/beegfs/scratch/groups/rodem/lumea/datasets/JetClass/Pythia/test_20M/HToWW2Q1L_*
-      Zqq:
-      - /srv/beegfs/scratch/groups/rodem/lumea/datasets/JetClass/Pythia/test_20M/ZToQQ_*
-      Wqq:
-      - /srv/beegfs/scratch/groups/rodem/lumea/datasets/JetClass/Pythia/test_20M/WToQQ_*
-      Tbqq:
-      - /srv/beegfs/scratch/groups/rodem/lumea/datasets/JetClass/Pythia/test_20M/TTBar_*
-      Tbl:
-      - /srv/beegfs/scratch/groups/rodem/lumea/datasets/JetClass/Pythia/test_20M/TTBarLep_*
-    n_files_at_once: 10
-    load_only_once: true
-    shuffle_only_once: true
-    n_jets_per_file: 20000
-  batch_size:
-    train: 500
-    val: 2000
-    test: 2000
-  data_dir: /srv/beegfs/scratch/groups/rodem/lumea/datasets/JetClass/Pythia
-  _target_: gabbro.data.iterable_dataset_jetclass.IterableDatamodule
-  dataset_kwargs_common:
-    pad_length: 128
-    labels_to_load:
-    - label_QCD
-    - label_Hbb
-    - label_Hcc
-    - label_Hgg
-    - label_H4q
-    - label_Hqql
-    - label_Zqq
-    - label_Wqq
-    - label_Tbqq
-    - label_Tbl
-    shuffle_particles: true
-    n_files_at_once: 10
-    load_only_once: false
-    feature_dict:
-      part_pt:
-        multiply_by: 1
-        subtract_by: 1.8
-        func: signed_log
-        inv_func: signed_exp
-      part_etarel:
-        multiply_by: 3
-      part_phirel:
-        multiply_by: 3
-    feature_dict_jet: null
-trainer:
-  _target_: lightning.Trainer
-  default_root_dir: trained/tokenization/runs/2026-07-06_17-37-13_gpu024_UnreflectiveSapper
-  min_epochs: 1
-  accelerator: gpu
-  devices: 1
-  num_nodes: 1
-  strategy: auto
-  enable_progress_bar: false
-  check_val_every_n_epoch: 1
-  deterministic: false
-  max_steps: 1000000
-  gradient_clip_val: 5
-  log_every_n_steps: 10
-  limit_train_batches: 2000
-  limit_val_batches: 50
-callbacks:
-  model_checkpoint:
-    _target_: gabbro.callbacks.checkpoint_callback.CustomModelCheckpoint
-    state_key: General-checkpoint-callback
-    dirpath: trained/tokenization/runs/2026-07-06_17-37-13_gpu024_UnreflectiveSapper/checkpoints
-    filename: epoch_{epoch:03d}_loss_{val_loss:.5f}
-    monitor: val_loss
-    verbose: true
-    save_last: true
-    save_top_k: -1
-    mode: min
-    auto_insert_metric_name: false
-    save_weights_only: false
-    every_n_train_steps: null
-    train_time_interval: null
-    every_n_epochs: 1
-    save_on_train_epoch_end: false
-  model_summary:
-    _target_: lightning.pytorch.callbacks.RichModelSummary
-    max_depth: -1
-  lr_monitor:
-    _target_: lightning.pytorch.callbacks.LearningRateMonitor
-    logging_interval: step
-    log_momentum: false
-  tokenization_callback:
-    _target_: gabbro.callbacks.tokenization_callback.TokenizationEvalCallback
-extras:
-  ignore_warnings: false
-  enforce_tags: true
-  print_config: true
-task_name: tokenization
-tags:
-- vqvae_tokenization
-ckpt_path: null
-seed: null
-run_note: ''
-git:
-  git_hash: 82d9a8a849e978b40494963daef011f44ac9388a
-  git_status: "\n====================================================================================================\n\
-    ========== start git diff ==========\ndiff --git a/configs/experiment/example_experiment_tokenization_transformer.yaml\
-    \ b/configs/experiment/example_experiment_tokenization_transformer.yaml\nindex\
-    \ 5b6aad8..6c95122 100644\n--- a/configs/experiment/example_experiment_tokenization_transformer.yaml\n\
-    +++ b/configs/experiment/example_experiment_tokenization_transformer.yaml\n@@\
-    \ -26,7 +26,7 @@ run_note: \"\"\n seed: null\n \n data:\n-  data_dir: /srv/beegfs/scratch/groups/rodem/lumea/datasets/JetClass\n\
-    +  data_dir: /srv/beegfs/scratch/groups/rodem/lumea/datasets/JetClass/Pythia\n\
-    \   batch_size:\n     train: 500\n     val: 2000\n@@ -73,8 +73,6 @@ model:\n \
-    \    weight_decay: 1e-2\n     betas: [0.95, 0.999]\n     eps: 1e-5\n-    alpha:\
-    \ 0.5\n-    k: 6\n   # --- learning rate scheduler ---\n   scheduler:\n     _target_:\
-    \ torch.optim.lr_scheduler.ConstantLR\n\n========== end git diff ==========\n\
-    ====================================================================================================\n"
-  git_last_commit_message: fixing feature dict yaml name
-slurm:
-  job_id: '10133118'
-  log_file: null
-load_weights_from: false
-gpu_properties:
-  rank0: NVIDIA GeForce RTX 3080
-dataset_kwargs_train:
-  logger_name: IterDataset-Train
-  shuffle_files: true
-  shuffle_data: true
-  seed: 42
-  max_n_files_per_type: null
-  n_jets_per_file: 100000
-  files_dict:
-    QCD:
-    - /srv/beegfs/scratch/groups/rodem/lumea/datasets/JetClass/Pythia/train_100M/ZJetsToNuNu_*
-    Hbb:
-    - /srv/beegfs/scratch/groups/rodem/lumea/datasets/JetClass/Pythia/train_100M/HToBB_*
-    Hcc:
-    - /srv/beegfs/scratch/groups/rodem/lumea/datasets/JetClass/Pythia/train_100M/HToCC_*
-    Hgg:
-    - /srv/beegfs/scratch/groups/rodem/lumea/datasets/JetClass/Pythia/train_100M/HToGG_*
-    H4q:
-    - /srv/beegfs/scratch/groups/rodem/lumea/datasets/JetClass/Pythia/train_100M/HToWW4Q_*
-    Hqql:
-    - /srv/beegfs/scratch/groups/rodem/lumea/datasets/JetClass/Pythia/train_100M/HToWW2Q1L_*
-    Zqq:
-    - /srv/beegfs/scratch/groups/rodem/lumea/datasets/JetClass/Pythia/train_100M/ZToQQ_*
-    Wqq:
-    - /srv/beegfs/scratch/groups/rodem/lumea/datasets/JetClass/Pythia/train_100M/WToQQ_*
-    Tbqq:
-    - /srv/beegfs/scratch/groups/rodem/lumea/datasets/JetClass/Pythia/train_100M/TTBar_*
-    Tbl:
-    - /srv/beegfs/scratch/groups/rodem/lumea/datasets/JetClass/Pythia/train_100M/TTBarLep_*
-  n_files_at_once: 10
-  load_only_once: false
-dataset_kwargs_val:
-  logger_name: IterDataset-Validation
-  shuffle_files: false
-  shuffle_data: true
-  seed_shuffle_data: 42
-  max_n_files_per_type: 1
-  files_dict:
-    QCD:
-    - /srv/beegfs/scratch/groups/rodem/lumea/datasets/JetClass/Pythia/val_5M/ZJetsToNuNu_*
-    Hbb:
-    - /srv/beegfs/scratch/groups/rodem/lumea/datasets/JetClass/Pythia/val_5M/HToBB_*
-    Hcc:
-    - /srv/beegfs/scratch/groups/rodem/lumea/datasets/JetClass/Pythia/val_5M/HToCC_*
-    Hgg:
-    - /srv/beegfs/scratch/groups/rodem/lumea/datasets/JetClass/Pythia/val_5M/HToGG_*
-    H4q:
-    - /srv/beegfs/scratch/groups/rodem/lumea/datasets/JetClass/Pythia/val_5M/HToWW4Q_*
-    Hqql:
-    - /srv/beegfs/scratch/groups/rodem/lumea/datasets/JetClass/Pythia/val_5M/HToWW2Q1L_*
-    Zqq:
-    - /srv/beegfs/scratch/groups/rodem/lumea/datasets/JetClass/Pythia/val_5M/ZToQQ_*
-    Wqq:
-    - /srv/beegfs/scratch/groups/rodem/lumea/datasets/JetClass/Pythia/val_5M/WToQQ_*
-    Tbqq:
-    - /srv/beegfs/scratch/groups/rodem/lumea/datasets/JetClass/Pythia/val_5M/TTBar_*
-    Tbl:
-    - /srv/beegfs/scratch/groups/rodem/lumea/datasets/JetClass/Pythia/val_5M/TTBarLep_*
-  n_files_at_once: 10
-  load_only_once: true
-  shuffle_only_once: true
-  n_jets_per_file: 10000
-dataset_kwargs_test:
-  logger_name: IterDataset-Test
-  shuffle_files: false
-  shuffle_data: true
-  seed_shuffle_data: 42
-  max_n_files_per_type: 1
-  files_dict:
-    QCD:
-    - /srv/beegfs/scratch/groups/rodem/lumea/datasets/JetClass/Pythia/test_20M/ZJetsToNuNu_*
-    Hbb:
-    - /srv/beegfs/scratch/groups/rodem/lumea/datasets/JetClass/Pythia/test_20M/HToBB_*
-    Hcc:
-    - /srv/beegfs/scratch/groups/rodem/lumea/datasets/JetClass/Pythia/test_20M/HToCC_*
-    Hgg:
-    - /srv/beegfs/scratch/groups/rodem/lumea/datasets/JetClass/Pythia/test_20M/HToGG_*
-    H4q:
-    - /srv/beegfs/scratch/groups/rodem/lumea/datasets/JetClass/Pythia/test_20M/HToWW4Q_*
-    Hqql:
-    - /srv/beegfs/scratch/groups/rodem/lumea/datasets/JetClass/Pythia/test_20M/HToWW2Q1L_*
-    Zqq:
-    - /srv/beegfs/scratch/groups/rodem/lumea/datasets/JetClass/Pythia/test_20M/ZToQQ_*
-    Wqq:
-    - /srv/beegfs/scratch/groups/rodem/lumea/datasets/JetClass/Pythia/test_20M/WToQQ_*
-    Tbqq:
-    - /srv/beegfs/scratch/groups/rodem/lumea/datasets/JetClass/Pythia/test_20M/TTBar_*
-    Tbl:
-    - /srv/beegfs/scratch/groups/rodem/lumea/datasets/JetClass/Pythia/test_20M/TTBarLep_*
-  n_files_at_once: 10
-  load_only_once: true
-  shuffle_only_once: true
-  n_jets_per_file: 20000
-dataset_kwargs_common:
-  pad_length: 128
-  labels_to_load:
-  - label_QCD
-  - label_Hbb
-  - label_Hcc
-  - label_Hgg
-  - label_H4q
-  - label_Hqql
-  - label_Zqq
-  - label_Wqq
-  - label_Tbqq
-  - label_Tbl
-  shuffle_particles: true
-  n_files_at_once: 10
-  load_only_once: false
-  feature_dict:
-    part_pt:
-      multiply_by: 1
-      subtract_by: 1.8
-      func: signed_log
-      inv_func: signed_exp
-    part_etarel:
-      multiply_by: 3
-    part_phirel:
-      multiply_by: 3
-  feature_dict_jet: null
-batch_size:
-  train: 500
-  val: 2000
-  test: 2000
-data_dir: /srv/beegfs/scratch/groups/rodem/lumea/datasets/JetClass/Pythia
diff --git a/trained/tokenization/runs/2026-07-06_17-37-13_gpu024_UnreflectiveSapper/untrained_model_state_dict.ckpt b/trained/tokenization/runs/2026-07-06_17-37-13_gpu024_UnreflectiveSapper/untrained_model_state_dict.ckpt
deleted file mode 100644
index b1c1083..0000000
Binary files a/trained/tokenization/runs/2026-07-06_17-37-13_gpu024_UnreflectiveSapper/untrained_model_state_dict.ckpt and /dev/null differ

========== end git diff ==========
====================================================================================================

[2026-07-08 10:24:34,717][gpu050|rank:unknown|__main__][INFO] - Git Hash: 488868eb06988715a61fb094b2472d38ca13cdf8
[2026-07-08 10:24:34,795][gpu050|rank:unknown|__main__][INFO] - Last Commit Message: removing k and alpha params not present in rangerlite
[2026-07-08 10:24:34,796][gpu050|rank:unknown|__main__][INFO] - Instantiating datamodule <gabbro.data.iterable_dataset_jetclass.IterableDatamodule>
[2026-07-08 10:24:34,865][gpu050|rank:unknown|gabbro.data.iterable_dataset_jetclass-IterableDatamodule][INFO] - batch_size_train: 500
[2026-07-08 10:24:34,866][gpu050|rank:unknown|gabbro.data.iterable_dataset_jetclass-IterableDatamodule][INFO] - batch_size_val: 2000
[2026-07-08 10:24:34,867][gpu050|rank:unknown|gabbro.data.iterable_dataset_jetclass-IterableDatamodule][INFO] - batch_size_test: 2000
[2026-07-08 10:24:34,868][gpu050|rank:unknown|gabbro.data.iterable_dataset_jetclass-IterableDatamodule][WARNING] - Parameter n_files_at_once is present in both dataset_kwargs_common (value=10) and dataset_kwargs_train(value=10). Using the value from dataset_kwargs_train.
[2026-07-08 10:24:34,869][gpu050|rank:unknown|gabbro.data.iterable_dataset_jetclass-IterableDatamodule][WARNING] - Parameter n_files_at_once is present in both dataset_kwargs_common (value=10) and dataset_kwargs_val(value=10). Using the value from dataset_kwargs_val.
[2026-07-08 10:24:34,870][gpu050|rank:unknown|gabbro.data.iterable_dataset_jetclass-IterableDatamodule][WARNING] - Parameter n_files_at_once is present in both dataset_kwargs_common (value=10) and dataset_kwargs_test(value=10). Using the value from dataset_kwargs_test.
[2026-07-08 10:24:34,870][gpu050|rank:unknown|gabbro.data.iterable_dataset_jetclass-IterableDatamodule][WARNING] - Parameter load_only_once is present in both dataset_kwargs_common (value=False) and dataset_kwargs_train(value=False). Using the value from dataset_kwargs_train.
[2026-07-08 10:24:34,871][gpu050|rank:unknown|gabbro.data.iterable_dataset_jetclass-IterableDatamodule][WARNING] - Parameter load_only_once is present in both dataset_kwargs_common (value=False) and dataset_kwargs_val(value=True). Using the value from dataset_kwargs_val.
[2026-07-08 10:24:34,871][gpu050|rank:unknown|gabbro.data.iterable_dataset_jetclass-IterableDatamodule][WARNING] - Parameter load_only_once is present in both dataset_kwargs_common (value=False) and dataset_kwargs_test(value=True). Using the value from dataset_kwargs_test.
[2026-07-08 10:24:34,872][gpu050|rank:unknown|__main__][INFO] - Instantiating model <gabbro.models.vqvae.VQVAELightning>
[2026-07-08 10:24:35,592][gpu050|rank:unknown|__main__][INFO] - Instantiating loggers...
[2026-07-08 10:24:35,592][gpu050|rank:unknown|gabbro.utils.utils][INFO] - Instantiating logger <lightning.pytorch.loggers.comet.CometLogger>
CometLogger will be initialized in online mode
[2026-07-08 10:24:35,597][gpu050|rank:unknown|gabbro.utils.utils][INFO] - Instantiating logger <lightning.pytorch.loggers.csv_logs.CSVLogger>
COMET INFO: Experiment is live on comet.com https://www.comet.com/kingusiu/tokenization/bc664de571614a2d9b01431ef12499e3

[2026-07-08 10:24:40,848][gpu050|rank:unknown|__main__][INFO] - Comet experiment_key: bc664de571614a2d9b01431ef12499e3
[2026-07-08 10:24:40,849][gpu050|rank:unknown|__main__][INFO] - Instantiating callbacks...
[2026-07-08 10:24:40,850][gpu050|rank:unknown|gabbro.utils.utils][INFO] - Instantiating callback <gabbro.callbacks.checkpoint_callback.CustomModelCheckpoint>
[2026-07-08 10:24:40,901][gpu050|rank:unknown|gabbro.utils.utils][INFO] - Instantiating callback <lightning.pytorch.callbacks.RichModelSummary>
[2026-07-08 10:24:40,903][gpu050|rank:unknown|gabbro.utils.utils][INFO] - Instantiating callback <lightning.pytorch.callbacks.LearningRateMonitor>
[2026-07-08 10:24:40,904][gpu050|rank:unknown|gabbro.utils.utils][INFO] - Instantiating callback <gabbro.callbacks.tokenization_callback.TokenizationEvalCallback>
[2026-07-08 10:24:42,910][gpu050|rank:unknown|__main__][INFO] - Done instantiating callbacks.
[2026-07-08 10:24:42,911][gpu050|rank:unknown|__main__][INFO] - Callbacks:
[2026-07-08 10:24:42,911][gpu050|rank:unknown|__main__][INFO] - - model_checkpoint: <gabbro.callbacks.checkpoint_callback.CustomModelCheckpoint object at 0x152434844ad0>
[2026-07-08 10:24:42,912][gpu050|rank:unknown|__main__][INFO] - - model_summary: <lightning.pytorch.callbacks.rich_model_summary.RichModelSummary object at 0x152434c4f890>
[2026-07-08 10:24:42,912][gpu050|rank:unknown|__main__][INFO] - - lr_monitor: <lightning.pytorch.callbacks.lr_monitor.LearningRateMonitor object at 0x15243e1660d0>
[2026-07-08 10:24:42,913][gpu050|rank:unknown|__main__][INFO] - - tokenization_callback: <gabbro.callbacks.tokenization_callback.TokenizationEvalCallback object at 0x15243da44810>
[2026-07-08 10:24:42,914][gpu050|rank:unknown|__main__][INFO] - Model: 
VQVAELightning(
  (model): VQVAETransformer(
    (input_projection): Linear(in_features=3, out_features=128, bias=True)
    (encoder): Transformer(
      n_blocks=4,
      dim=128,
      (blocks): ModuleList(
        (0-3): 4 x EncoderBlock(
          (attn): Residual(
            (inner_module): AttentionBlock(
              dim=128
              num_heads=8
              dropout_rate=0.0
              (pre_attn_norm): LayerNorm((128,), eps=1e-05, elementwise_affine=True)
              (post_attn_norm): None
              (attn_module): torch.nn.MultiheadAttention(
                Parameters:
                in_proj_weight=49152
                in_proj_bias=384
                out_proj.weight=16384
                out_proj.bias=128
              )
            ),
            gate_type=local,
            init_value=1.0,
            point_drop=None
          )
          (mlp): Residual(
            (inner_module): MLPBlock(
              (pre_mlp_norm): LayerNorm((128,), eps=1e-05, elementwise_affine=True)
              (layers): Sequential(
                (0): Linear(in_features=128, out_features=512, bias=True)
                (1): GELU(approximate='none')
                (2): Dropout(p=0.0, inplace=False)
                (3): Linear(in_features=512, out_features=128, bias=True)
              )
            ),
            gate_type=local,
            init_value=1.0,
            point_drop=None
          )
        )
      ),
      (post_blocks_point_drop): None,
      (final_norm): None,
    )
    (latent_projection_in): Linear(in_features=128, out_features=8, bias=True)
    (vqlayer): VectorQuant(
      num_codes: 8192
      groups: 1
      enabled: True
      (norm_layer): Identity()
      (codebook): Embedding(8192, 8)
      (affine_transform): AffineTransform()
    )
    (latent_projection_out): Linear(in_features=8, out_features=128, bias=True)
    (decoder): Transformer(
      n_blocks=4,
      dim=128,
      (blocks): ModuleList(
        (0-3): 4 x EncoderBlock(
          (attn): Residual(
            (inner_module): AttentionBlock(
              dim=128
              num_heads=8
              dropout_rate=0.0
              (pre_attn_norm): LayerNorm((128,), eps=1e-05, elementwise_affine=True)
              (post_attn_norm): None
              (attn_module): torch.nn.MultiheadAttention(
                Parameters:
                in_proj_weight=49152
                in_proj_bias=384
                out_proj.weight=16384
                out_proj.bias=128
              )
            ),
            gate_type=local,
            init_value=1.0,
            point_drop=None
          )
          (mlp): Residual(
            (inner_module): MLPBlock(
              (pre_mlp_norm): LayerNorm((128,), eps=1e-05, elementwise_affine=True)
              (layers): Sequential(
                (0): Linear(in_features=128, out_features=512, bias=True)
                (1): GELU(approximate='none')
                (2): Dropout(p=0.0, inplace=False)
                (3): Linear(in_features=512, out_features=128, bias=True)
              )
            ),
            gate_type=local,
            init_value=1.0,
            point_drop=None
          )
        )
      ),
      (post_blocks_point_drop): None,
      (final_norm): None,
    )
    (output_projection): Linear(in_features=128, out_features=3, bias=True)
  )
)
[2026-07-08 10:24:42,915][gpu050|rank:unknown|__main__][INFO] - Instantiating trainer <lightning.Trainer>
Trainer already configured with model summary callbacks: [<class 'lightning.pytorch.callbacks.rich_model_summary.RichModelSummary'>]. Skipping setting a default `ModelSummary` callback.
GPU available: True (cuda), used: True
TPU available: False, using: 0 TPU cores
HPU available: False, using: 0 HPUs
{'rank0': 'NVIDIA RTX 5000 Ada Generation'}
[2026-07-08 10:24:43,350][gpu050|rank:unknown|__main__][INFO] - Slurm job ID: 10160194
[2026-07-08 10:24:43,352][gpu050|rank:unknown|__main__][INFO] - Logging hyperparameters!
COMET WARNING: String value length exceeds 1000 characters and will be truncated. Provided value: '
====================================================================================================
========== start git diff ==========
diff --git a/trained/tokenization/runs/2026-07-06_17-26-13_gpu024_PlainTurkey/.hydra/config.yaml b/trained/tokenization/runs/2026-07-06_17-26-13_gpu024_PlainTurkey/.hydra/config.yaml
deleted file mode 100644
index 3ad3a3f..0000000
--- a/trained/tokenization/runs/2026-07-06_17-26-13_gpu024_PlainTurkey/.hydra/config.yaml
+++ /dev/null
@@ -1,277 +0,0 @@
-task_name: tokenization
-tags:
-- vqvae_tokenization
-train: true
-test: true
-test_only_on_rank_zero: true
-ckpt_path: null
-seed: null
-ckpt_path_for_evaluation: null
-output_dir_resub: null
-dataset_size_id: null
-data:
-  dataset_kwargs_train:
-    logger_name: IterDataset-Train
-    shuffle_files: true
-    shuffle_data: true
-    seed: 42
-    max_n_files_per_type: null
-    n_jets_per_file: 100000
-    files_dict:
-      QCD:
-      - \${data.data_dir}/train_100M/ZJetsToNuNu_*
-      Hbb:
-      - \${data.data_dir}/train_100M/HToBB_*
-      Hcc:
-      - \${data.data_dir}/train_100M/HToCC_*
-      Hgg:
-      - \${data.data_dir}/train_100M/HToGG_*
-      H4q:
-      - \${data.data_dir}/train_100M/HToWW4Q_*
-      Hqql:
-      - \${data.data_dir}/train_100M/HToWW2Q1L_*
-      Zqq:
-      - \${data.data_dir}/train_100M/ZToQQ_*
-      Wqq:
-      - \${data.data_dir}/train_100M/WToQQ_*
-      Tbqq:
-      - \${data.data_dir}/train_100M/TTBar_*
-      Tbl:
-      - \${data.data_dir}/train_100M/TTBarLep_*
-    n_files_at_once: 10
-    load_only_once: false
-  dataset_kwargs_val:
-    logger_name: IterDataset-Validation
-    shuffle_files: false
-    shuffle_data: true
-    seed_shuffle_data: 42
-    max_n_files_per_type: 1
-    files_dict:
-      QCD:
-      - \${data.data_dir}/val_5M/ZJetsToNuNu_*
-      Hbb:
-      - \${data.data_dir}/val_5M/HToBB_*
-      Hcc:
-      - \${data.data_dir}/val_5M/HToCC_*
-      Hgg:
-      - \${data.data_dir}/val_5M/HToGG_*
-      H4q:
-      - \${data.data_dir}/val_5M/HToWW4Q_*
-      Hqql:
-      - \${data.data_dir}/val_5M/HToWW2Q1L_*
-      Zqq:
-      - \${data.data_dir}/val_5M/ZToQQ_*
-      Wqq:
-      - \${data.data_dir}/val_5M/WToQQ_*
-      Tbqq:
-      - \${data.data_dir}/val_5M/TTBar_*
-      Tbl:
-      - \${data.data_dir}/val_5M/TTBarLep_*
-    n_files_at_once: 10
-    load_only_once: true
-    shuffle_only_once: true
-    n_jets_per_file: 10000
-  dataset_kwargs_test:
-    logger_name: IterDataset-Test
-    shuffle_files: false
-    shuffle_data: true
-    seed_shuffle_data: 42
-    max_n_files_per_type: 1
-    files_dict:
-      QCD:
-      - \${data.data_dir}/test_20M/ZJetsToNuNu_*
-      Hbb:
-      - \${data.data_dir}/test_20M/HToBB_*
-      Hcc:
-      - \${data.data_dir}/test_20M/HToCC_*
-      Hgg:
-      - \${data.data_dir}/test_20M/HToGG_*
-      H4q:
-      - \${data.data_dir}/test_20M/HToWW4Q_*
-      Hqql:
-      - \${data.data_dir}/test_20M/HToWW2Q1L_*
-      Zqq:
-      - \${data.data_dir}/test_20M/ZToQQ_*
-      Wqq:
-      - \${data.data_dir}/test_20M/WToQQ_*
-      Tbqq:
-      - \${data.data_dir}/test_20M/TTBar_*
-      Tbl:
-      - \${data.data_dir}/test_20M/TTBarLep_*
-    n_files_at_once: 10
-    load_only_once: true
-    shuffle_only_once: true
-    n_jets_per_file: 20000
-  batch_size:
-    train: 500
-    val: 2000
-    test: 2000
-  data_dir: /srv/beegfs/scratch/groups/rodem/lumea/datasets/JetClass
-  _target_: gabbro.data.iterable_dataset_jetclass.IterableDatamodule
-  dataset_kwargs_common:
-    pad_length: 128
-    labels_to_load:
-    - label_QCD
-    - label_Hbb
-    - label_Hcc
-    - label_Hgg
-    - label_H4q
-    - label_Hqql
-    - label_Zqq
-    - label_Wqq
-    - label_Tbqq
-    - label_Tbl
-    shuffle_particles: true
-    n_files_at_once: 10
-    load_only_once: false
-    feature_dict: \${feature_dict}
-    feature_dict_jet: null
-model:
-  _target_: gabbro.models.vqvae.VQVAELightning
-  model_type: VQVAETransformer
-  model_kwargs:
-    hidden_dim: 128
-    latent_dim: 8
-    num_blocks: 4
-    num_heads: 8
-    alpha: 10
-    vq_kwargs:
-      num_codes: 8192
-      beta: 0.9
-      kmeans_init: false
-      norm: null
-      cb_norm: null
-      affine_lr: 2
-      sync_nu: 1
-      replace_freq: 500
-      dim: -1
-    old_transformer_implementation: false
-    in_out_proj_cfg: null
-    latent_proj_cfg: null
-    input_features_dict: \${feature_dict}
-    causal_decoder: true
-    conditional_dim: 0
-    max_sequence_len: 128
-    transformer_cfg:
-      attn_cfg:
-        num_heads: \${model.model_kwargs.num_heads}
-        dropout_rate: 0.0
-        norm_before: true
-        norm_after: false
-      mlp_cfg:
-        expansion_factor: 4
-        dropout_rate: 0.0
-        norm_before: true
-        activation: GELU
-      residual_cfg:
-        gate_type: local
-        init_value: 1.0
-  optimizer:
-    _target_: gabbro.utils.optimizer.ranger.Ranger
-    _partial_: true
-    lr: 0.001
-    weight_decay: 0.01
-    betas:
-    - 0.95
-    - 0.999
-    eps: 1.0e-05
-    alpha: 0.5
-    k: 6
-  scheduler:
-    _target_: torch.optim.lr_scheduler.ConstantLR
-    _partial_: true
-    total_iters: 1
-    factor: 1
-  model_kwargs_loaded: null
-  scheduler_lightning_kwargs:
-    monitor: val_loss
-    interval: step
-    frequency: 1
-callbacks:
-  model_checkpoint:
-    _target_: gabbro.callbacks.checkpoint_callback.CustomModelCheckpoint
-    state_key: General-checkpoint-callback
-    dirpath: \${paths.output_dir}/checkpoints
-    filename: epoch_{epoch:03d}_loss_{val_loss:.5f}
-    monitor: val_loss
-    verbose: true
-    save_last: true
-    save_top_k: -1
-    mode: min
-    auto_insert_metric_name: false
-    save_weights_only: false
-    every_n_train_steps: null
-    train_time_interval: null
-    every_n_epochs: 1
-    save_on_train_epoch_end: false
-  model_summary:
-    _target_: lightning.pytorch.callbacks.RichModelSummary
-    max_depth: -1
-  lr_monitor:
-    _target_: lightning.pytorch.callbacks.LearningRateMonitor
-    logging_interval: step
-    log_momentum: false
-  tokenization_callback:
-    _target_: gabbro.callbacks.tokenization_callback.TokenizationEvalCallback
-feature_dict:
-  part_pt:
-    multiply_by: 1
-    subtract_by: 1.8
-    func: signed_log
-    inv_func: signed_exp
-  part_etarel:
-    multiply_by: 3
-  part_phirel:
-    multiply_by: 3
-logger:
-  comet:
-    _target_: lightning.pytorch.loggers.comet.CometLogger
-    api_key: \${oc.env:COMET_API_TOKEN}
-    save_dir: \${paths.output_dir}
-    project_name: \${project_name}
-    rest_api_key: null
-    experiment_key: null
-    offline: false
-    prefix: ''
-    experiment_name: null
-  csv:
-    _target_: lightning.pytorch.loggers.csv_logs.CSVLogger
-    save_dir: \${paths.output_dir}
-    name: csv/
-    prefix: ''
-  wandb:
-    project: \${project_name}
-    tags: \${tags}
-    name: \${task_name}
-trainer:
-  _target_: lightning.Trainer
-  default_root_dir: \${paths.output_dir}
-  min_epochs: 1
-  accelerator: gpu
-  devices: 1
-  num_nodes: 1
-  strategy: auto
-  enable_progress_bar: false
-  check_val_every_n_epoch: 1
-  deterministic: false
-  max_steps: 1000000
-  gradient_clip_val: 5
-  log_every_n_steps: 10
-  limit_train_batches: \${eval:'int(\${data.dataset_kwargs_train.n_files_at_once} *
-    \${data.dataset_kwargs_train.n_jets_per_file} / \${data.batch_size.train} / \${trainer.devices}
-    / \${trainer.num_nodes})'}
-  limit_val_batches: \${eval:'int(\${data.dataset_kwargs_val.n_files_at_once} * \${data.dataset_kwargs_val.n_jets_per_file}
-    / \${data.batch_size.val} / \${trainer.devices} / \${trainer.num_nodes})'}
-paths:
-  log_dir: \${oc.env:LOG_DIR}
-  output_dir: \${hydra:run.dir}
-  work_dir: \${hydra:runtime.cwd}
-extras:
-  ignore_warnings: false
-  enforce_tags: true
-  print_config: true
-load_weights_from: false
-load_weights_strict: false
-continue_from_checkpoint: null
-project_name: tokenization
-run_note: ''
diff --git a/trained/tokenization/runs/2026-07-06_17-26-13_gpu024_PlainTurkey/.hydra/hydra.yaml b/trained/tokenization/runs/2026-07-06_17-26-13_gpu024_PlainTurkey/.hydra/hydra.yaml
deleted file mode 100644
index 7874def..0000000
--- a/trained/tokenization/runs/2026-07-06_17-26-13_gpu024_PlainTurkey/.hydra/hydra.yaml
+++ /dev/null
@@ -1,179 +0,0 @@
-hydra:
-  run:
-    dir: \${paths.log_dir}/\${project_name}/runs/\${now:%Y-%m-%d}_\${now:%H-%M-%S}_\${nodename_bigram:}
-  sweep:
-    dir: \${paths.log_dir}/\${project_name}/multiruns/\${now:%Y-%m-%d}_\${now:%H-%M-%S}
-    subdir: \${hydra.job.num}
-  launcher:
-    _target_: hydra._internal.core_plugins.basic_launcher.BasicLauncher
-  sweeper:
-    _target_: hydra._internal.core_plugins.basic_sweeper.BasicSweeper
-    max_batch_size: null
-    params: null
-  help:
-    app_name: \${hydra.job.name}
-    header: '\${hydra.help.app_name} is powered by Hydra.
-
-      '
-    footer: 'Powered by Hydra (https://hydra.cc)
-
-      Use --hydra-help to view Hydra specific help
-
-      '
-    template: '\${hydra.help.header}
-
-      == Configuration groups ==
-
-      Compose your configuration from those groups (group=option)
-
-
-      \$APP_CONFIG_GROUPS
-
-
-      == Config ==
-
-      Override anything in the config (foo.bar=value)
-
-
-      \$CONFIG
-
-
-      \${hydra.help.footer}
-
-      '
-  hydra_help:
-    template: 'Hydra (\${hydra.runtime.version})
-
-      See https://hydra.cc for more info.
-
-
-      == Flags ==
-
-      \$FLAGS_HELP
-
-
-      == Configuration groups ==
-
-      Compose your configuration from those groups (For example, append hydra/job_logging=disabled
-      to command line)
-
-
-      \$HYDRA_CONFIG_GROUPS
-
-
-      Use ''--cfg hydra'' to Show the Hydra config.
-
-      '
-    hydra_help: ???
-  hydra_logging:
-    version: 1
-    formatters:
-      colorlog:
-        (): colorlog.ColoredFormatter
-        format: '[%(cyan)s%(asctime)s%(reset)s][%(purple)sHYDRA%(reset)s] %(message)s'
-    handlers:
-      console:
-        class: logging.StreamHandler
-        formatter: colorlog
-        stream: ext://sys.stdout
-    root:
-      level: INFO
-      handlers:
-      - console
-    disable_existing_loggers: false
-  job_logging:
-    version: 1
-    formatters:
-      simple:
-        format: '[%(asctime)s][%(name)s][%(levelname)s] - %(message)s'
-      colorlog:
-        (): colorlog.ColoredFormatter
-        format: '[%(cyan)s%(asctime)s%(reset)s][%(blue)s%(name)s%(reset)s][%(log_color)s%(levelname)s%(reset)s]
-          - %(message)s'
-        log_colors:
-          DEBUG: purple
-          INFO: green
-          WARNING: yellow
-          ERROR: red
-          CRITICAL: red
-    handlers:
-      console:
-        class: logging.StreamHandler
-        formatter: colorlog
-        stream: ext://sys.stdout
-      file:
-        class: logging.FileHandler
-        formatter: simple
-        filename: \${hydra.job.name}.log
-    root:
-      level: INFO
-      handlers:
-      - console
-      - file
-    disable_existing_loggers: false
-  env: {}
-  mode: RUN
-  searchpath: []
-  callbacks: {}
-  output_subdir: .hydra
-  overrides:
-    hydra:
-    - hydra.mode=RUN
-    task:
-    - experiment=example_experiment_tokenization_transformer
-  job:
-    name: train
-    chdir: null
-    override_dirname: experiment=example_experiment_tokenization_transformer
-    id: ???
-    num: ???
-    config_name: train.yaml
-    env_set: {}
-    env_copy: []
-    config:
-      override_dirname:
-        kv_sep: '='
-        item_sep: ','
-        exclude_keys: []
-  runtime:
-    version: 1.3.2
-    version_base: '1.3'
-    cwd: /home/users/w/wozniak/dev/enhancing-ntp4jets
-    config_sources:
-    - path: hydra.conf
-      schema: pkg
-      provider: hydra
-    - path: /home/users/w/wozniak/dev/enhancing-ntp4jets/configs
-      schema: file
-      provider: main
-    - path: hydra_plugins.hydra_colorlog.conf
-      schema: pkg
-      provider: hydra-colorlog
-    - path: ''
-      schema: structured
-      provider: schema
-    output_dir: /home/users/w/wozniak/dev/enhancing-ntp4jets/trained/tokenization/runs/2026-07-06_17-26-13_gpu024_PlainTurkey
-    choices:
-      debug: null
-      local: default.yaml
-      hparams_search: null
-      experiment: example_experiment_tokenization_transformer
-      hydra: default.yaml
-      extras: default.yaml
-      paths: default.yaml
-      trainer: gpu.yaml
-      logger: many_loggers.yaml
-      feature_dict: feature_dict_kin_massless_without_cuts.yaml
-      callbacks: tokenization_callbacks.yaml
-      model: model_vqvae_transformer.yaml
-      data: iter_dataset_jetclass_all_types.yaml
-      hydra/env: default
-      hydra/callbacks: null
-      hydra/job_logging: colorlog
-      hydra/hydra_logging: colorlog
-      hydra/hydra_help: default
-      hydra/help: default
-      hydra/sweeper: basic
-      hydra/launcher: basic
-      hydra/output: default
-  verbose: false
diff --git a/trained/tokenization/runs/2026-07-06_17-26-13_gpu024_PlainTurkey/.hydra/overrides.yaml b/trained/tokenization/runs/2026-07-06_17-26-13_gpu024_PlainTurkey/.hydra/overrides.yaml
deleted file mode 100644
index 1d84653..0000000
--- a/trained/tokenization/runs/2026-07-06_17-26-13_gpu024_PlainTurkey/.hydra/overrides.yaml
+++ /dev/null
@@ -1 +0,0 @@
-- experiment=example_experiment_tokenization_transformer
diff --git a/trained/tokenization/runs/2026-07-06_17-26-13_gpu024_PlainTurkey/config.yaml b/trained/tokenization/runs/2026-07-06_17-26-13_gpu024_PlainTurkey/config.yaml
deleted file mode 100644
index f14e199..0000000
--- a/trained/tokenization/runs/2026-07-06_17-26-13_gpu024_PlainTurkey/config.yaml
+++ /dev/null
@@ -1,277 +0,0 @@
-task_name: tokenization
-tags:
-- vqvae_tokenization
-train: true
-test: true
-test_only_on_rank_zero: true
-ckpt_path: null
-seed: null
-ckpt_path_for_evaluation: null
-output_dir_resub: null
-dataset_size_id: null
-data:
-  dataset_kwargs_train:
-    logger_name: IterDataset-Train
-    shuffle_files: true
-    shuffle_data: true
-    seed: 42
-    max_n_files_per_type: null
-    n_jets_per_file: 100000
-    files_dict:
-      QCD:
-      - \${data.data_dir}/train_100M/ZJetsToNuNu_*
-      Hbb:
-      - \${data.data_dir}/train_100M/HToBB_*
-      Hcc:
-      - \${data.data_dir}/train_100M/HToCC_*
-      Hgg:
-      - \${data.data_dir}/train_100M/HToGG_*
-      H4q:
-      - \${data.data_dir}/train_100M/HToWW4Q_*
-      Hqql:
-      - \${data.data_dir}/train_100M/HToWW2Q1L_*
-      Zqq:
-      - \${data.data_dir}/train_100M/ZToQQ_*
-      Wqq:
-      - \${data.data_dir}/train_100M/WToQQ_*
-      Tbqq:
-      - \${data.data_dir}/train_100M/TTBar_*
-      Tbl:
-      - \${data.data_dir}/train_100M/TTBarLep_*
-    n_files_at_once: 10
-    load_only_once: false
-  dataset_kwargs_val:
-    logger_name: IterDataset-Validation
-    shuffle_files: false
-    shuffle_data: true
-    seed_shuffle_data: 42
-    max_n_files_per_type: 1
-    files_dict:
-      QCD:
-      - \${data.data_dir}/val_5M/ZJetsToNuNu_*
-      Hbb:
-      - \${data.data_dir}/val_5M/HToBB_*
-      Hcc:
-      - \${data.data_dir}/val_5M/HToCC_*
-      Hgg:
-      - \${data.data_dir}/val_5M/HToGG_*
-      H4q:
-      - \${data.data_dir}/val_5M/HToWW4Q_*
-      Hqql:
-      - \${data.data_dir}/val_5M/HToWW2Q1L_*
-      Zqq:
-      - \${data.data_dir}/val_5M/ZToQQ_*
-      Wqq:
-      - \${data.data_dir}/val_5M/WToQQ_*
-      Tbqq:
-      - \${data.data_dir}/val_5M/TTBar_*
-      Tbl:
-      - \${data.data_dir}/val_5M/TTBarLep_*
-    n_files_at_once: 10
-    load_only_once: true
-    shuffle_only_once: true
-    n_jets_per_file: 10000
-  dataset_kwargs_test:
-    logger_name: IterDataset-Test
-    shuffle_files: false
-    shuffle_data: true
-    seed_shuffle_data: 42
-    max_n_files_per_type: 1
-    files_dict:
-      QCD:
-      - \${data.data_dir}/test_20M/ZJetsToNuNu_*
-      Hbb:
-      - \${data.data_dir}/test_20M/HToBB_*
-      Hcc:
-      - \${data.data_dir}/test_20M/HToCC_*
-      Hgg:
-      - \${data.data_dir}/test_20M/HToGG_*
-      H4q:
-      - \${data.data_dir}/test_20M/HToWW4Q_*
-      Hqql:
-      - \${data.data_dir}/test_20M/HToWW2Q1L_*
-      Zqq:
-      - \${data.data_dir}/test_20M/ZToQQ_*
-      Wqq:
-      - \${data.data_dir}/test_20M/WToQQ_*
-      Tbqq:
-      - \${data.data_dir}/test_20M/TTBar_*
-      Tbl:
-      - \${data.data_dir}/test_20M/TTBarLep_*
-    n_files_at_once: 10
-    load_only_once: true
-    shuffle_only_once: true
-    n_jets_per_file: 20000
-  batch_size:
-    train: 500
-    val: 2000
-    test: 2000
-  data_dir: /srv/beegfs/scratch/groups/rodem/lumea/datasets/JetClass
-  _target_: gabbro.data.iterable_dataset_jetclass.IterableDatamodule
-  dataset_kwargs_common:
-    pad_length: 128
-    labels_to_load:
-    - label_QCD
-    - label_Hbb
-    - label_Hcc
-    - label_Hgg
-    - label_H4q
-    - label_Hqql
-    - label_Zqq
-    - label_Wqq
-    - label_Tbqq
-    - label_Tbl
-    shuffle_particles: true
-    n_files_at_once: 10
-    load_only_once: false
-    feature_dict: \${feature_dict}
-    feature_dict_jet: null
-model:
-  _target_: gabbro.models.vqvae.VQVAELightning
-  model_type: VQVAETransformer
-  model_kwargs:
-    hidden_dim: 128
-    latent_dim: 8
-    num_blocks: 4
-    num_heads: 8
-    alpha: 10
-    vq_kwargs:
-      num_codes: 8192
-      beta: 0.9
-      kmeans_init: false
-      norm: null
-      cb_norm: null
-      affine_lr: 2
-      sync_nu: 1
-      replace_freq: 500
-      dim: -1
-    old_transformer_implementation: false
-    in_out_proj_cfg: null
-    latent_proj_cfg: null
-    input_features_dict: \${feature_dict}
-    causal_decoder: true
-    conditional_dim: 0
-    max_sequence_len: 128
-    transformer_cfg:
-      attn_cfg:
-        num_heads: \${model.model_kwargs.num_heads}
-        dropout_rate: 0.0
-        norm_before: true
-        norm_after: false
-      mlp_cfg:
-        expansion_factor: 4
-        dropout_rate: 0.0
-        norm_before: true
-        activation: GELU
-      residual_cfg:
-        gate_type: local
-        init_value: 1.0
-  optimizer:
-    _target_: gabbro.utils.optimizer.ranger.Ranger
-    _partial_: true
-    lr: 0.001
-    weight_decay: 0.01
-    betas:
-    - 0.95
-    - 0.999
-    eps: 1.0e-05
-    alpha: 0.5
-    k: 6
-  scheduler:
-    _target_: torch.optim.lr_scheduler.ConstantLR
-    _partial_: true
-    total_iters: 1
-    factor: 1
-  model_kwargs_loaded: null
-  scheduler_lightning_kwargs:
-    monitor: val_loss
-    interval: step
-    frequency: 1
-callbacks:
-  model_checkpoint:
-    _target_: gabbro.callbacks.checkpoint_callback.CustomModelCheckpoint
-    state_key: General-checkpoint-callback
-    dirpath: \${paths.output_dir}/checkpoints
-    filename: epoch_{epoch:03d}_loss_{val_loss:.5f}
-    monitor: val_loss
-    verbose: true
-    save_last: true
-    save_top_k: -1
-    mode: min
-    auto_insert_metric_name: false
-    save_weights_only: false
-    every_n_train_steps: null
-    train_time_interval: null
-    every_n_epochs: 1
-    save_on_train_epoch_end: false
-  model_summary:
-    _target_: lightning.pytorch.callbacks.RichModelSummary
-    max_depth: -1
-  lr_monitor:
-    _target_: lightning.pytorch.callbacks.LearningRateMonitor
-    logging_interval: step
-    log_momentum: false
-  tokenization_callback:
-    _target_: gabbro.callbacks.tokenization_callback.TokenizationEvalCallback
-feature_dict:
-  part_pt:
-    multiply_by: 1
-    subtract_by: 1.8
-    func: signed_log
-    inv_func: signed_exp
-  part_etarel:
-    multiply_by: 3
-  part_phirel:
-    multiply_by: 3
-logger:
-  comet:
-    _target_: lightning.pytorch.loggers.comet.CometLogger
-    api_key: \${oc.env:COMET_API_TOKEN}
-    save_dir: \${paths.output_dir}
-    project_name: \${project_name}
-    rest_api_key: null
-    experiment_key: a18dd3886c464bb59e07f05a136fb358
-    offline: false
-    prefix: ''
-    experiment_name: gpu024
-  csv:
-    _target_: lightning.pytorch.loggers.csv_logs.CSVLogger
-    save_dir: \${paths.output_dir}
-    name: csv/
-    prefix: ''
-  wandb:
-    project: \${project_name}
-    tags: \${tags}
-    name: gpu024
-trainer:
-  _target_: lightning.Trainer
-  default_root_dir: \${paths.output_dir}
-  min_epochs: 1
-  accelerator: gpu
-  devices: 1
-  num_nodes: 1
-  strategy: auto
-  enable_progress_bar: false
-  check_val_every_n_epoch: 1
-  deterministic: false
-  max_steps: 1000000
-  gradient_clip_val: 5
-  log_every_n_steps: 10
-  limit_train_batches: \${eval:'int(\${data.dataset_kwargs_train.n_files_at_once} *
-    \${data.dataset_kwargs_train.n_jets_per_file} / \${data.batch_size.train} / \${trainer.devices}
-    / \${trainer.num_nodes})'}
-  limit_val_batches: \${eval:'int(\${data.dataset_kwargs_val.n_files_at_once} * \${data.dataset_kwargs_val.n_jets_per_file}
-    / \${data.batch_size.val} / \${trainer.devices} / \${trainer.num_nodes})'}
-paths:
-  log_dir: \${oc.env:LOG_DIR}
-  output_dir: \${hydra:run.dir}
-  work_dir: \${hydra:runtime.cwd}
-extras:
-  ignore_warnings: false
-  enforce_tags: true
-  print_config: true
-load_weights_from: false
-load_weights_strict: false
-continue_from_checkpoint: null
-project_name: tokenization
-run_note: ''
diff --git a/trained/tokenization/runs/2026-07-06_17-26-13_gpu024_PlainTurkey/config_resolved.yaml b/trained/tokenization/runs/2026-07-06_17-26-13_gpu024_PlainTurkey/config_resolved.yaml
deleted file mode 100644
index 94da991..0000000
--- a/trained/tokenization/runs/2026-07-06_17-26-13_gpu024_PlainTurkey/config_resolved.yaml
+++ /dev/null
@@ -1,293 +0,0 @@
-task_name: tokenization
-tags:
-- vqvae_tokenization
-train: true
-test: true
-test_only_on_rank_zero: true
-ckpt_path: null
-seed: null
-ckpt_path_for_evaluation: null
-output_dir_resub: null
-dataset_size_id: null
-data:
-  dataset_kwargs_train:
-    logger_name: IterDataset-Train
-    shuffle_files: true
-    shuffle_data: true
-    seed: 42
-    max_n_files_per_type: null
-    n_jets_per_file: 100000
-    files_dict:
-      QCD:
-      - /srv/beegfs/scratch/groups/rodem/lumea/datasets/JetClass/train_100M/ZJetsToNuNu_*
-      Hbb:
-      - /srv/beegfs/scratch/groups/rodem/lumea/datasets/JetClass/train_100M/HToBB_*
-      Hcc:
-      - /srv/beegfs/scratch/groups/rodem/lumea/datasets/JetClass/train_100M/HToCC_*
-      Hgg:
-      - /srv/beegfs/scratch/groups/rodem/lumea/datasets/JetClass/train_100M/HToGG_*
-      H4q:
-      - /srv/beegfs/scratch/groups/rodem/lumea/datasets/JetClass/train_100M/HToWW4Q_*
-      Hqql:
-      - /srv/beegfs/scratch/groups/rodem/lumea/datasets/JetClass/train_100M/HToWW2Q1L_*
-      Zqq:
-      - /srv/beegfs/scratch/groups/rodem/lumea/datasets/JetClass/train_100M/ZToQQ_*
-      Wqq:
-      - /srv/beegfs/scratch/groups/rodem/lumea/datasets/JetClass/train_100M/WToQQ_*
-      Tbqq:
-      - /srv/beegfs/scratch/groups/rodem/lumea/datasets/JetClass/train_100M/TTBar_*
-      Tbl:
-      - /srv/beegfs/scratch/groups/rodem/lumea/datasets/JetClass/train_100M/TTBarLep_*
-    n_files_at_once: 10
-    load_only_once: false
-  dataset_kwargs_val:
-    logger_name: IterDataset-Validation
-    shuffle_files: false
-    shuffle_data: true
-    seed_shuffle_data: 42
-    max_n_files_per_type: 1
-    files_dict:
-      QCD:
-      - /srv/beegfs/scratch/groups/rodem/lumea/datasets/JetClass/val_5M/ZJetsToNuNu_*
-      Hbb:
-      - /srv/beegfs/scratch/groups/rodem/lumea/datasets/JetClass/val_5M/HToBB_*
-      Hcc:
-      - /srv/beegfs/scratch/groups/rodem/lumea/datasets/JetClass/val_5M/HToCC_*
-      Hgg:
-      - /srv/beegfs/scratch/groups/rodem/lumea/datasets/JetClass/val_5M/HToGG_*
-      H4q:
-      - /srv/beegfs/scratch/groups/rodem/lumea/datasets/JetClass/val_5M/HToWW4Q_*
-      Hqql:
-      - /srv/beegfs/scratch/groups/rodem/lumea/datasets/JetClass/val_5M/HToWW2Q1L_*
-      Zqq:
-      - /srv/beegfs/scratch/groups/rodem/lumea/datasets/JetClass/val_5M/ZToQQ_*
-      Wqq:
-      - /srv/beegfs/scratch/groups/rodem/lumea/datasets/JetClass/val_5M/WToQQ_*
-      Tbqq:
-      - /srv/beegfs/scratch/groups/rodem/lumea/datasets/JetClass/val_5M/TTBar_*
-      Tbl:
-      - /srv/beegfs/scratch/groups/rodem/lumea/datasets/JetClass/val_5M/TTBarLep_*
-    n_files_at_once: 10
-    load_only_once: true
-    shuffle_only_once: true
-    n_jets_per_file: 10000
-  dataset_kwargs_test:
-    logger_name: IterDataset-Test
-    shuffle_files: false
-    shuffle_data: true
-    seed_shuffle_data: 42
-    max_n_files_per_type: 1
-    files_dict:
-      QCD:
-      - /srv/beegfs/scratch/groups/rodem/lumea/datasets/JetClass/test_20M/ZJetsToNuNu_*
-      Hbb:
-      - /srv/beegfs/scratch/groups/rodem/lumea/datasets/JetClass/test_20M/HToBB_*
-      Hcc:
-      - /srv/beegfs/scratch/groups/rodem/lumea/datasets/JetClass/test_20M/HToCC_*
-      Hgg:
-      - /srv/beegfs/scratch/groups/rodem/lumea/datasets/JetClass/test_20M/HToGG_*
-      H4q:
-      - /srv/beegfs/scratch/groups/rodem/lumea/datasets/JetClass/test_20M/HToWW4Q_*
-      Hqql:
-      - /srv/beegfs/scratch/groups/rodem/lumea/datasets/JetClass/test_20M/HToWW2Q1L_*
-      Zqq:
-      - /srv/beegfs/scratch/groups/rodem/lumea/datasets/JetClass/test_20M/ZToQQ_*
-      Wqq:
-      - /srv/beegfs/scratch/groups/rodem/lumea/datasets/JetClass/test_20M/WToQQ_*
-      Tbqq:
-      - /srv/beegfs/scratch/groups/rodem/lumea/datasets/JetClass/test_20M/TTBar_*
-      Tbl:
-      - /srv/beegfs/scratch/groups/rodem/lumea/datasets/JetClass/test_20M/TTBarLep_*
-    n_files_at_once: 10
-    load_only_once: true
-    shuffle_only_once: true
-    n_jets_per_file: 20000
-  batch_size:
-    train: 500
-    val: 2000
-    test: 2000
-  data_dir: /srv/beegfs/scratch/groups/rodem/lumea/datasets/JetClass
-  _target_: gabbro.data.iterable_dataset_jetclass.IterableDatamodule
-  dataset_kwargs_common:
-    pad_length: 128
-    labels_to_load:
-    - label_QCD
-    - label_Hbb
-    - label_Hcc
-    - label_Hgg
-    - label_H4q
-    - label_Hqql
-    - label_Zqq
-    - label_Wqq
-    - label_Tbqq
-    - label_Tbl
-    shuffle_particles: true
-    n_files_at_once: 10
-    load_only_once: false
-    feature_dict:
-      part_pt:
-        multiply_by: 1
-        subtract_by: 1.8
-        func: signed_log
-        inv_func: signed_exp
-      part_etarel:
-        multiply_by: 3
-      part_phirel:
-        multiply_by: 3
-    feature_dict_jet: null
-model:
-  _target_: gabbro.models.vqvae.VQVAELightning
-  model_type: VQVAETransformer
-  model_kwargs:
-    hidden_dim: 128
-    latent_dim: 8
-    num_blocks: 4
-    num_heads: 8
-    alpha: 10
-    vq_kwargs:
-      num_codes: 8192
-      beta: 0.9
-      kmeans_init: false
-      norm: null
-      cb_norm: null
-      affine_lr: 2
-      sync_nu: 1
-      replace_freq: 500
-      dim: -1
-    old_transformer_implementation: false
-    in_out_proj_cfg: null
-    latent_proj_cfg: null
-    input_features_dict:
-      part_pt:
-        multiply_by: 1
-        subtract_by: 1.8
-        func: signed_log
-        inv_func: signed_exp
-      part_etarel:
-        multiply_by: 3
-      part_phirel:
-        multiply_by: 3
-    causal_decoder: true
-    conditional_dim: 0
-    max_sequence_len: 128
-    transformer_cfg:
-      attn_cfg:
-        num_heads: 8
-        dropout_rate: 0.0
-        norm_before: true
-        norm_after: false
-      mlp_cfg:
-        expansion_factor: 4
-        dropout_rate: 0.0
-        norm_before: true
-        activation: GELU
-      residual_cfg:
-        gate_type: local
-        init_value: 1.0
-  optimizer:
-    _target_: gabbro.utils.optimizer.ranger.Ranger
-    _partial_: true
-    lr: 0.001
-    weight_decay: 0.01
-    betas:
-    - 0.95
-    - 0.999
-    eps: 1.0e-05
-    alpha: 0.5
-    k: 6
-  scheduler:
-    _target_: torch.optim.lr_scheduler.ConstantLR
-    _partial_: true
-    total_iters: 1
-    factor: 1
-  model_kwargs_loaded: null
-  scheduler_lightning_kwargs:
-    monitor: val_loss
-    interval: step
-    frequency: 1
-callbacks:
-  model_checkpoint:
-    _target_: gabbro.callbacks.checkpoint_callback.CustomModelCheckpoint
-    state_key: General-checkpoint-callback
-    dirpath: trained/tokenization/runs/2026-07-06_17-26-13_gpu024_PlainTurkey/checkpoints
-    filename: epoch_{epoch:03d}_loss_{val_loss:.5f}
-    monitor: val_loss
-    verbose: true
-    save_last: true
-    save_top_k: -1
-    mode: min
-    auto_insert_metric_name: false
-    save_weights_only: false
-    every_n_train_steps: null
-    train_time_interval: null
-    every_n_epochs: 1
-    save_on_train_epoch_end: false
-  model_summary:
-    _target_: lightning.pytorch.callbacks.RichModelSummary
-    max_depth: -1
-  lr_monitor:
-    _target_: lightning.pytorch.callbacks.LearningRateMonitor
-    logging_interval: step
-    log_momentum: false
-  tokenization_callback:
-    _target_: gabbro.callbacks.tokenization_callback.TokenizationEvalCallback
-feature_dict:
-  part_pt:
-    multiply_by: 1
-    subtract_by: 1.8
-    func: signed_log
-    inv_func: signed_exp
-  part_etarel:
-    multiply_by: 3
-  part_phirel:
-    multiply_by: 3
-logger:
-  comet:
-    _target_: lightning.pytorch.loggers.comet.CometLogger
-    api_key: *********REDACTED*********
-    save_dir: trained/tokenization/runs/2026-07-06_17-26-13_gpu024_PlainTurkey
-    project_name: tokenization
-    rest_api_key: null
-    experiment_key: a18dd3886c464bb59e07f05a136fb358
-    offline: false
-    prefix: ''
-    experiment_name: gpu024
-  csv:
-    _target_: lightning.pytorch.loggers.csv_logs.CSVLogger
-    save_dir: trained/tokenization/runs/2026-07-06_17-26-13_gpu024_PlainTurkey
-    name: csv/
-    prefix: ''
-  wandb:
-    project: tokenization
-    tags:
-    - vqvae_tokenization
-    name: gpu024
-trainer:
-  _target_: lightning.Trainer
-  default_root_dir: trained/tokenization/runs/2026-07-06_17-26-13_gpu024_PlainTurkey
-  min_epochs: 1
-  accelerator: gpu
-  devices: 1
-  num_nodes: 1
-  strategy: auto
-  enable_progress_bar: false
-  check_val_every_n_epoch: 1
-  deterministic: false
-  max_steps: 1000000
-  gradient_clip_val: 5
-  log_every_n_steps: 10
-  limit_train_batches: 2000
-  limit_val_batches: 50
-paths:
-  log_dir: trained
-  output_dir: trained/tokenization/runs/2026-07-06_17-26-13_gpu024_PlainTurkey
-  work_dir: /home/users/w/wozniak/dev/enhancing-ntp4jets
-extras:
-  ignore_warnings: false
-  enforce_tags: true
-  print_config: true
-load_weights_from: false
-load_weights_strict: false
-continue_from_checkpoint: null
-project_name: tokenization
-run_note: ''
diff --git a/trained/tokenization/runs/2026-07-06_17-26-13_gpu024_PlainTurkey/csv/version_0/hparams.yaml b/trained/tokenization/runs/2026-07-06_17-26-13_gpu024_PlainTurkey/csv/version_0/hparams.yaml
deleted file mode 100644
index ba614ce..0000000
--- a/trained/tokenization/runs/2026-07-06_17-26-13_gpu024_PlainTurkey/csv/version_0/hparams.yaml
+++ /dev/null
@@ -1,272 +0,0 @@
-model:
-  _target_: gabbro.models.vqvae.VQVAELightning
-  model_type: VQVAETransformer
-  model_kwargs:
-    hidden_dim: 128
-    latent_dim: 8
-    num_blocks: 4
-    num_heads: 8
-    alpha: 10
-    vq_kwargs:
-      num_codes: 8192
-      beta: 0.9
-      kmeans_init: false
-      norm: null
-      cb_norm: null
-      affine_lr: 2
-      sync_nu: 1
-      replace_freq: 500
-      dim: -1
-    old_transformer_implementation: false
-    in_out_proj_cfg: null
-    latent_proj_cfg: null
-    input_features_dict:
-      part_pt:
-        multiply_by: 1
-        subtract_by: 1.8
-        func: signed_log
-        inv_func: signed_exp
-      part_etarel:
-        multiply_by: 3
-      part_phirel:
-        multiply_by: 3
-    causal_decoder: true
-    conditional_dim: 0
-    max_sequence_len: 128
-    transformer_cfg:
-      attn_cfg:
-        num_heads: 8
-        dropout_rate: 0.0
-        norm_before: true
-        norm_after: false
-      mlp_cfg:
-        expansion_factor: 4
-        dropout_rate: 0.0
-        norm_before: true
-        activation: GELU
-      residual_cfg:
-        gate_type: local
-        init_value: 1.0
-  optimizer:
-    _target_: gabbro.utils.optimizer.ranger.Ranger
-    _partial_: true
-    lr: 0.001
-    weight_decay: 0.01
-    betas:
-    - 0.95
-    - 0.999
-    eps: 1.0e-05
-    alpha: 0.5
-    k: 6
-  scheduler:
-    _target_: torch.optim.lr_scheduler.ConstantLR
-    _partial_: true
-    total_iters: 1
-    factor: 1
-  model_kwargs_loaded: null
-  scheduler_lightning_kwargs:
-    monitor: val_loss
-    interval: step
-    frequency: 1
-model/params/total: 1656859
-model/params/trainable: 1656859
-model/params/non_trainable: 0
-data:
-  dataset_kwargs_train:
-    logger_name: IterDataset-Train
-    shuffle_files: true
-    shuffle_data: true
-    seed: 42
-    max_n_files_per_type: null
-    n_jets_per_file: 100000
-    files_dict:
-      QCD:
-      - /srv/beegfs/scratch/groups/rodem/lumea/datasets/JetClass/train_100M/ZJetsToNuNu_*
-      Hbb:
-      - /srv/beegfs/scratch/groups/rodem/lumea/datasets/JetClass/train_100M/HToBB_*
-      Hcc:
-      - /srv/beegfs/scratch/groups/rodem/lumea/datasets/JetClass/train_100M/HToCC_*
-      Hgg:
-      - /srv/beegfs/scratch/groups/rodem/lumea/datasets/JetClass/train_100M/HToGG_*
-      H4q:
-      - /srv/beegfs/scratch/groups/rodem/lumea/datasets/JetClass/train_100M/HToWW4Q_*
-      Hqql:
-      - /srv/beegfs/scratch/groups/rodem/lumea/datasets/JetClass/train_100M/HToWW2Q1L_*
-      Zqq:
-      - /srv/beegfs/scratch/groups/rodem/lumea/datasets/JetClass/train_100M/ZToQQ_*
-      Wqq:
-      - /srv/beegfs/scratch/groups/rodem/lumea/datasets/JetClass/train_100M/WToQQ_*
-      Tbqq:
-      - /srv/beegfs/scratch/groups/rodem/lumea/datasets/JetClass/train_100M/TTBar_*
-      Tbl:
-      - /srv/beegfs/scratch/groups/rodem/lumea/datasets/JetClass/train_100M/TTBarLep_*
-    n_files_at_once: 10
-    load_only_once: false
-  dataset_kwargs_val:
-    logger_name: IterDataset-Validation
-    shuffle_files: false
-    shuffle_data: true
-    seed_shuffle_data: 42
-    max_n_files_per_type: 1
-    files_dict:
-      QCD:
-      - /srv/beegfs/scratch/groups/rodem/lumea/datasets/JetClass/val_5M/ZJetsToNuNu_*
-      Hbb:
-      - /srv/beegfs/scratch/groups/rodem/lumea/datasets/JetClass/val_5M/HToBB_*
-      Hcc:
-      - /srv/beegfs/scratch/groups/rodem/lumea/datasets/JetClass/val_5M/HToCC_*
-      Hgg:
-      - /srv/beegfs/scratch/groups/rodem/lumea/datasets/JetClass/val_5M/HToGG_*
-      H4q:
-      - /srv/beegfs/scratch/groups/rodem/lumea/datasets/JetClass/val_5M/HToWW4Q_*
-      Hqql:
-      - /srv/beegfs/scratch/groups/rodem/lumea/datasets/JetClass/val_5M/HToWW2Q1L_*
-      Zqq:
-      - /srv/beegfs/scratch/groups/rodem/lumea/datasets/JetClass/val_5M/ZToQQ_*
-      Wqq:
-      - /srv/beegfs/scratch/groups/rodem/lumea/datasets/JetClass/val_5M/WToQQ_*
-      Tbqq:
-      - /srv/beegfs/scratch/groups/rodem/lumea/datasets/JetClass/val_5M/TTBar_*
-      Tbl:
-      - /srv/beegfs/scratch/groups/rodem/lumea/datasets/JetClass/val_5M/TTBarLep_*
-    n_files_at_once: 10
-    load_only_once: true
-    shuffle_only_once: true
-    n_jets_per_file: 10000
-  dataset_kwargs_test:
-    logger_name: IterDataset-Test
-    shuffle_files: false
-    shuffle_data: true
-    seed_shuffle_data: 42
-    max_n_files_per_type: 1
-    files_dict:
-      QCD:
-      - /srv/beegfs/scratch/groups/rodem/lumea/datasets/JetClass/test_20M/ZJetsToNuNu_*
-      Hbb:
-      - /srv/beegfs/scratch/groups/rodem/lumea/datasets/JetClass/test_20M/HToBB_*
-      Hcc:
-      - /srv/beegfs/scratch/groups/rodem/lumea/datasets/JetClass/test_20M/HToCC_*
-      Hgg:
-      - /srv/beegfs/scratch/groups/rodem/lumea/datasets/JetClass/test_20M/HToGG_*
-      H4q:
-      - /srv/beegfs/scratch/groups/rodem/lumea/datasets/JetClass/test_20M/HToWW4Q_*
-      Hqql:
-      - /srv/beegfs/scratch/groups/rodem/lumea/datasets/JetClass/test_20M/HToWW2Q1L_*
-      Zqq:
-      - /srv/beegfs/scratch/groups/rodem/lumea/datasets/JetClass/test_20M/ZToQQ_*
-      Wqq:
-      - /srv/beegfs/scratch/groups/rodem/lumea/datasets/JetClass/test_20M/WToQQ_*
-      Tbqq:
-      - /srv/beegfs/scratch/groups/rodem/lumea/datasets/JetClass/test_20M/TTBar_*
-      Tbl:
-      - /srv/beegfs/scratch/groups/rodem/lumea/datasets/JetClass/test_20M/TTBarLep_*
-    n_files_at_once: 10
-    load_only_once: true
-    shuffle_only_once: true
-    n_jets_per_file: 20000
-  batch_size:
-    train: 500
-    val: 2000
-    test: 2000
-  data_dir: /srv/beegfs/scratch/groups/rodem/lumea/datasets/JetClass
-  _target_: gabbro.data.iterable_dataset_jetclass.IterableDatamodule
-  dataset_kwargs_common:
-    pad_length: 128
-    labels_to_load:
-    - label_QCD
-    - label_Hbb
-    - label_Hcc
-    - label_Hgg
-    - label_H4q
-    - label_Hqql
-    - label_Zqq
-    - label_Wqq
-    - label_Tbqq
-    - label_Tbl
-    shuffle_particles: true
-    n_files_at_once: 10
-    load_only_once: false
-    feature_dict:
-      part_pt:
-        multiply_by: 1
-        subtract_by: 1.8
-        func: signed_log
-        inv_func: signed_exp
-      part_etarel:
-        multiply_by: 3
-      part_phirel:
-        multiply_by: 3
-    feature_dict_jet: null
-trainer:
-  _target_: lightning.Trainer
-  default_root_dir: trained/tokenization/runs/2026-07-06_17-26-13_gpu024_PlainTurkey
-  min_epochs: 1
-  accelerator: gpu
-  devices: 1
-  num_nodes: 1
-  strategy: auto
-  enable_progress_bar: false
-  check_val_every_n_epoch: 1
-  deterministic: false
-  max_steps: 1000000
-  gradient_clip_val: 5
-  log_every_n_steps: 10
-  limit_train_batches: 2000
-  limit_val_batches: 50
-callbacks:
-  model_checkpoint:
-    _target_: gabbro.callbacks.checkpoint_callback.CustomModelCheckpoint
-    state_key: General-checkpoint-callback
-    dirpath: trained/tokenization/runs/2026-07-06_17-26-13_gpu024_PlainTurkey/checkpoints
-    filename: epoch_{epoch:03d}_loss_{val_loss:.5f}
-    monitor: val_loss
-    verbose: true
-    save_last: true
-    save_top_k: -1
-    mode: min
-    auto_insert_metric_name: false
-    save_weights_only: false
-    every_n_train_steps: null
-    train_time_interval: null
-    every_n_epochs: 1
-    save_on_train_epoch_end: false
-  model_summary:
-    _target_: lightning.pytorch.callbacks.RichModelSummary
-    max_depth: -1
-  lr_monitor:
-    _target_: lightning.pytorch.callbacks.LearningRateMonitor
-    logging_interval: step
-    log_momentum: false
-  tokenization_callback:
-    _target_: gabbro.callbacks.tokenization_callback.TokenizationEvalCallback
-extras:
-  ignore_warnings: false
-  enforce_tags: true
-  print_config: true
-task_name: tokenization
-tags:
-- vqvae_tokenization
-ckpt_path: null
-seed: null
-run_note: ''
-git:
-  git_hash: 6d83f40c7fc33ff6bbcda3bf62e93d5f10629d47
-  git_status: "\n====================================================================================================\n\
-    ========== start git diff ==========\ndiff --git a/configs/experiment/example_experiment_tokenization_transformer.yaml\
-    \ b/configs/experiment/example_experiment_tokenization_transformer.yaml\nindex\
-    \ 29546cd..5b6aad8 100644\n--- a/configs/experiment/example_experiment_tokenization_transformer.yaml\n\
-    +++ b/configs/experiment/example_experiment_tokenization_transformer.yaml\n@@\
-    \ -4,7 +4,7 @@\n # python gabbro/train.py experiment=example_experiment_tokenization_transformer\n\
-    \ \n defaults:\n-  - override /feature_dict: feature_dict_kin_massles_without_cuts.yaml\n\
-    +  - override /feature_dict: feature_dict_kin_massless_without_cuts.yaml\n   -\
-    \ override /data: iter_dataset_jetclass_all_types.yaml\n   - override /model:\
-    \ model_vqvae_transformer.yaml\n   - override /callbacks: tokenization_callbacks.yaml\n\
-    \n========== end git diff ==========\n====================================================================================================\n"
-  git_last_commit_message: moving pyroot up in training script to have access to project
-    root
-slurm:
-  job_id: '10133118'
-  log_file: null
-load_weights_from: false
-gpu_properties:
-  rank0: NVIDIA GeForce RTX 3080
diff --git a/trained/tokenization/runs/2026-07-06_17-26-13_gpu024_PlainTurkey/untrained_model_state_dict.ckpt b/trained/tokenization/runs/2026-07-06_17-26-13_gpu024_PlainTurkey/untrained_model_state_dict.ckpt
deleted file mode 100644
index 359ca2b..0000000
Binary files a/trained/tokenization/runs/2026-07-06_17-26-13_gpu024_PlainTurkey/untrained_model_state_dict.ckpt and /dev/null differ
diff --git a/trained/tokenization/runs/2026-07-06_17-29-22_gpu024_FirmamentalCamcorder/.hydra/config.yaml b/trained/tokenization/runs/2026-07-06_17-29-22_gpu024_FirmamentalCamcorder/.hydra/config.yaml
deleted file mode 100644
index 39bf013..0000000
--- a/trained/tokenization/runs/2026-07-06_17-29-22_gpu024_FirmamentalCamcorder/.hydra/config.yaml
+++ /dev/null
@@ -1,277 +0,0 @@
-task_name: tokenization
-tags:
-- vqvae_tokenization
-train: true
-test: true
-test_only_on_rank_zero: true
-ckpt_path: null
-seed: null
-ckpt_path_for_evaluation: null
-output_dir_resub: null
-dataset_size_id: null
-data:
-  dataset_kwargs_train:
-    logger_name: IterDataset-Train
-    shuffle_files: true
-    shuffle_data: true
-    seed: 42
-    max_n_files_per_type: null
-    n_jets_per_file: 100000
-    files_dict:
-      QCD:
-      - \${data.data_dir}/train_100M/ZJetsToNuNu_*
-      Hbb:
-      - \${data.data_dir}/train_100M/HToBB_*
-      Hcc:
-      - \${data.data_dir}/train_100M/HToCC_*
-      Hgg:
-      - \${data.data_dir}/train_100M/HToGG_*
-      H4q:
-      - \${data.data_dir}/train_100M/HToWW4Q_*
-      Hqql:
-      - \${data.data_dir}/train_100M/HToWW2Q1L_*
-      Zqq:
-      - \${data.data_dir}/train_100M/ZToQQ_*
-      Wqq:
-      - \${data.data_dir}/train_100M/WToQQ_*
-      Tbqq:
-      - \${data.data_dir}/train_100M/TTBar_*
-      Tbl:
-      - \${data.data_dir}/train_100M/TTBarLep_*
-    n_files_at_once: 10
-    load_only_once: false
-  dataset_kwargs_val:
-    logger_name: IterDataset-Validation
-    shuffle_files: false
-    shuffle_data: true
-    seed_shuffle_data: 42
-    max_n_files_per_type: 1
-    files_dict:
-      QCD:
-      - \${data.data_dir}/val_5M/ZJetsToNuNu_*
-      Hbb:
-      - \${data.data_dir}/val_5M/HToBB_*
-      Hcc:
-      - \${data.data_dir}/val_5M/HToCC_*
-      Hgg:
-      - \${data.data_dir}/val_5M/HToGG_*
-      H4q:
-      - \${data.data_dir}/val_5M/HToWW4Q_*
-      Hqql:
-      - \${data.data_dir}/val_5M/HToWW2Q1L_*
-      Zqq:
-      - \${data.data_dir}/val_5M/ZToQQ_*
-      Wqq:
-      - \${data.data_dir}/val_5M/WToQQ_*
-      Tbqq:
-      - \${data.data_dir}/val_5M/TTBar_*
-      Tbl:
-      - \${data.data_dir}/val_5M/TTBarLep_*
-    n_files_at_once: 10
-    load_only_once: true
-    shuffle_only_once: true
-    n_jets_per_file: 10000
-  dataset_kwargs_test:
-    logger_name: IterDataset-Test
-    shuffle_files: false
-    shuffle_data: true
-    seed_shuffle_data: 42
-    max_n_files_per_type: 1
-    files_dict:
-      QCD:
-      - \${data.data_dir}/test_20M/ZJetsToNuNu_*
-      Hbb:
-      - \${data.data_dir}/test_20M/HToBB_*
-      Hcc:
-      - \${data.data_dir}/test_20M/HToCC_*
-      Hgg:
-      - \${data.data_dir}/test_20M/HToGG_*
-      H4q:
-      - \${data.data_dir}/test_20M/HToWW4Q_*
-      Hqql:
-      - \${data.data_dir}/test_20M/HToWW2Q1L_*
-      Zqq:
-      - \${data.data_dir}/test_20M/ZToQQ_*
-      Wqq:
-      - \${data.data_dir}/test_20M/WToQQ_*
-      Tbqq:
-      - \${data.data_dir}/test_20M/TTBar_*
-      Tbl:
-      - \${data.data_dir}/test_20M/TTBarLep_*
-    n_files_at_once: 10
-    load_only_once: true
-    shuffle_only_once: true
-    n_jets_per_file: 20000
-  batch_size:
-    train: 500
-    val: 2000
-    test: 2000
-  data_dir: /srv/beegfs/scratch/groups/rodem/lumea/datasets/JetClass/Pythia
-  _target_: gabbro.data.iterable_dataset_jetclass.IterableDatamodule
-  dataset_kwargs_common:
-    pad_length: 128
-    labels_to_load:
-    - label_QCD
-    - label_Hbb
-    - label_Hcc
-    - label_Hgg
-    - label_H4q
-    - label_Hqql
-    - label_Zqq
-    - label_Wqq
-    - label_Tbqq
-    - label_Tbl
-    shuffle_particles: true
-    n_files_at_once: 10
-    load_only_once: false
-    feature_dict: \${feature_dict}
-    feature_dict_jet: null
-model:
-  _target_: gabbro.models.vqvae.VQVAELightning
-  model_type: VQVAETransformer
-  model_kwargs:
-    hidden_dim: 128
-    latent_dim: 8
-    num_blocks: 4
-    num_heads: 8
-    alpha: 10
-    vq_kwargs:
-      num_codes: 8192
-      beta: 0.9
-      kmeans_init: false
-      norm: null
-      cb_norm: null
-      affine_lr: 2
-      sync_nu: 1
-      replace_freq: 500
-      dim: -1
-    old_transformer_implementation: false
-    in_out_proj_cfg: null
-    latent_proj_cfg: null
-    input_features_dict: \${feature_dict}
-    causal_decoder: true
-    conditional_dim: 0
-    max_sequence_len: 128
-    transformer_cfg:
-      attn_cfg:
-        num_heads: \${model.model_kwargs.num_heads}
-        dropout_rate: 0.0
-        norm_before: true
-        norm_after: false
-      mlp_cfg:
-        expansion_factor: 4
-        dropout_rate: 0.0
-        norm_before: true
-        activation: GELU
-      residual_cfg:
-        gate_type: local
-        init_value: 1.0
-  optimizer:
-    _target_: gabbro.utils.optimizer.ranger.Ranger
-    _partial_: true
-    lr: 0.001
-    weight_decay: 0.01
-    betas:
-    - 0.95
-    - 0.999
-    eps: 1.0e-05
-    alpha: 0.5
-    k: 6
-  scheduler:
-    _target_: torch.optim.lr_scheduler.ConstantLR
-    _partial_: true
-    total_iters: 1
-    factor: 1
-  model_kwargs_loaded: null
-  scheduler_lightning_kwargs:
-    monitor: val_loss
-    interval: step
-    frequency: 1
-callbacks:
-  model_checkpoint:
-    _target_: gabbro.callbacks.checkpoint_callback.CustomModelCheckpoint
-    state_key: General-checkpoint-callback
-    dirpath: \${paths.output_dir}/checkpoints
-    filename: epoch_{epoch:03d}_loss_{val_loss:.5f}
-    monitor: val_loss
-    verbose: true
-    save_last: true
-    save_top_k: -1
-    mode: min
-    auto_insert_metric_name: false
-    save_weights_only: false
-    every_n_train_steps: null
-    train_time_interval: null
-    every_n_epochs: 1
-    save_on_train_epoch_end: false
-  model_summary:
-    _target_: lightning.pytorch.callbacks.RichModelSummary
-    max_depth: -1
-  lr_monitor:
-    _target_: lightning.pytorch.callbacks.LearningRateMonitor
-    logging_interval: step
-    log_momentum: false
-  tokenization_callback:
-    _target_: gabbro.callbacks.tokenization_callback.TokenizationEvalCallback
-feature_dict:
-  part_pt:
-    multiply_by: 1
-    subtract_by: 1.8
-    func: signed_log
-    inv_func: signed_exp
-  part_etarel:
-    multiply_by: 3
-  part_phirel:
-    multiply_by: 3
-logger:
-  comet:
-    _target_: lightning.pytorch.loggers.comet.CometLogger
-    api_key: \${oc.env:COMET_API_TOKEN}
-    save_dir: \${paths.output_dir}
-    project_name: \${project_name}
-    rest_api_key: null
-    experiment_key: null
-    offline: false
-    prefix: ''
-    experiment_name: null
-  csv:
-    _target_: lightning.pytorch.loggers.csv_logs.CSVLogger
-    save_dir: \${paths.output_dir}
-    name: csv/
-    prefix: ''
-  wandb:
-    project: \${project_name}
-    tags: \${tags}
-    name: \${task_name}
-trainer:
-  _target_: lightning.Trainer
-  default_root_dir: \${paths.output_dir}
-  min_epochs: 1
-  accelerator: gpu
-  devices: 1
-  num_nodes: 1
-  strategy: auto
-  enable_progress_bar: false
-  check_val_every_n_epoch: 1
-  deterministic: false
-  max_steps: 1000000
-  gradient_clip_val: 5
-  log_every_n_steps: 10
-  limit_train_batches: \${eval:'int(\${data.dataset_kwargs_train.n_files_at_once} *
-    \${data.dataset_kwargs_train.n_jets_per_file} / \${data.batch_size.train} / \${trainer.devices}
-    / \${trainer.num_nodes})'}
-  limit_val_batches: \${eval:'int(\${data.dataset_kwargs_val.n_files_at_once} * \${data.dataset_kwargs_val.n_jets_per_file}
-    / \${data.batch_size.val} / \${trainer.devices} / \${trainer.num_nodes})'}
-paths:
-  log_dir: \${oc.env:LOG_DIR}
-  output_dir: \${hydra:run.dir}
-  work_dir: \${hydra:runtime.cwd}
-extras:
-  ignore_warnings: false
-  enforce_tags: true
-  print_config: true
-load_weights_from: false
-load_weights_strict: false
-continue_from_checkpoint: null
-project_name: tokenization
-run_note: ''
diff --git a/trained/tokenization/runs/2026-07-06_17-29-22_gpu024_FirmamentalCamcorder/.hydra/hydra.yaml b/trained/tokenization/runs/2026-07-06_17-29-22_gpu024_FirmamentalCamcorder/.hydra/hydra.yaml
deleted file mode 100644
index 72fc82c..0000000
--- a/trained/tokenization/runs/2026-07-06_17-29-22_gpu024_FirmamentalCamcorder/.hydra/hydra.yaml
+++ /dev/null
@@ -1,179 +0,0 @@
-hydra:
-  run:
-    dir: \${paths.log_dir}/\${project_name}/runs/\${now:%Y-%m-%d}_\${now:%H-%M-%S}_\${nodename_bigram:}
-  sweep:
-    dir: \${paths.log_dir}/\${project_name}/multiruns/\${now:%Y-%m-%d}_\${now:%H-%M-%S}
-    subdir: \${hydra.job.num}
-  launcher:
-    _target_: hydra._internal.core_plugins.basic_launcher.BasicLauncher
-  sweeper:
-    _target_: hydra._internal.core_plugins.basic_sweeper.BasicSweeper
-    max_batch_size: null
-    params: null
-  help:
-    app_name: \${hydra.job.name}
-    header: '\${hydra.help.app_name} is powered by Hydra.
-
-      '
-    footer: 'Powered by Hydra (https://hydra.cc)
-
-      Use --hydra-help to view Hydra specific help
-
-      '
-    template: '\${hydra.help.header}
-
-      == Configuration groups ==
-
-      Compose your configuration from those groups (group=option)
-
-
-      \$APP_CONFIG_GROUPS
-
-
-      == Config ==
-
-      Override anything in the config (foo.bar=value)
-
-
-      \$CONFIG
-
-
-      \${hydra.help.footer}
-
-      '
-  hydra_help:
-    template: 'Hydra (\${hydra.runtime.version})
-
-      See https://hydra.cc for more info.
-
-
-      == Flags ==
-
-      \$FLAGS_HELP
-
-
-      == Configuration groups ==
-
-      Compose your configuration from those groups (For example, append hydra/job_logging=disabled
-      to command line)
-
-
-      \$HYDRA_CONFIG_GROUPS
-
-
-      Use ''--cfg hydra'' to Show the Hydra config.
-
-      '
-    hydra_help: ???
-  hydra_logging:
-    version: 1
-    formatters:
-      colorlog:
-        (): colorlog.ColoredFormatter
-        format: '[%(cyan)s%(asctime)s%(reset)s][%(purple)sHYDRA%(reset)s] %(message)s'
-    handlers:
-      console:
-        class: logging.StreamHandler
-        formatter: colorlog
-        stream: ext://sys.stdout
-    root:
-      level: INFO
-      handlers:
-      - console
-    disable_existing_loggers: false
-  job_logging:
-    version: 1
-    formatters:
-      simple:
-        format: '[%(asctime)s][%(name)s][%(levelname)s] - %(message)s'
-      colorlog:
-        (): colorlog.ColoredFormatter
-        format: '[%(cyan)s%(asctime)s%(reset)s][%(blue)s%(name)s%(reset)s][%(log_color)s%(levelname)s%(reset)s]
-          - %(message)s'
-        log_colors:
-          DEBUG: purple
-          INFO: green
-          WARNING: yellow
-          ERROR: red
-          CRITICAL: red
-    handlers:
-      console:
-        class: logging.StreamHandler
-        formatter: colorlog
-        stream: ext://sys.stdout
-      file:
-        class: logging.FileHandler
-        formatter: simple
-        filename: \${hydra.job.name}.log
-    root:
-      level: INFO
-      handlers:
-      - console
-      - file
-    disable_existing_loggers: false
-  env: {}
-  mode: RUN
-  searchpath: []
-  callbacks: {}
-  output_subdir: .hydra
-  overrides:
-    hydra:
-    - hydra.mode=RUN
-    task:
-    - experiment=example_experiment_tokenization_transformer
-  job:
-    name: train
-    chdir: null
-    override_dirname: experiment=example_experiment_tokenization_transformer
-    id: ???
-    num: ???
-    config_name: train.yaml
-    env_set: {}
-    env_copy: []
-    config:
-      override_dirname:
-        kv_sep: '='
-        item_sep: ','
-        exclude_keys: []
-  runtime:
-    version: 1.3.2
-    version_base: '1.3'
-    cwd: /home/users/w/wozniak/dev/enhancing-ntp4jets
-    config_sources:
-    - path: hydra.conf
-      schema: pkg
-      provider: hydra
-    - path: /home/users/w/wozniak/dev/enhancing-ntp4jets/configs
-      schema: file
-      provider: main
-    - path: hydra_plugins.hydra_colorlog.conf
-      schema: pkg
-      provider: hydra-colorlog
-    - path: ''
-      schema: structured
-      provider: schema
-    output_dir: /home/users/w/wozniak/dev/enhancing-ntp4jets/trained/tokenization/runs/2026-07-06_17-29-22_gpu024_FirmamentalCamcorder
-    choices:
-      debug: null
-      local: default.yaml
-      hparams_search: null
-      experiment: example_experiment_tokenization_transformer
-      hydra: default.yaml
-      extras: default.yaml
-      paths: default.yaml
-      trainer: gpu.yaml
-      logger: many_loggers.yaml
-      feature_dict: feature_dict_kin_massless_without_cuts.yaml
-      callbacks: tokenization_callbacks.yaml
-      model: model_vqvae_transformer.yaml
-      data: iter_dataset_jetclass_all_types.yaml
-      hydra/env: default
-      hydra/callbacks: null
-      hydra/job_logging: colorlog
-      hydra/hydra_logging: colorlog
-      hydra/hydra_help: default
-      hydra/help: default
-      hydra/sweeper: basic
-      hydra/launcher: basic
-      hydra/output: default
-  verbose: false
diff --git a/trained/tokenization/runs/2026-07-06_17-29-22_gpu024_FirmamentalCamcorder/.hydra/overrides.yaml b/trained/tokenization/runs/2026-07-06_17-29-22_gpu024_FirmamentalCamcorder/.hydra/overrides.yaml
deleted file mode 100644
index 1d84653..0000000
--- a/trained/tokenization/runs/2026-07-06_17-29-22_gpu024_FirmamentalCamcorder/.hydra/overrides.yaml
+++ /dev/null
@@ -1 +0,0 @@
-- experiment=example_experiment_tokenization_transformer
diff --git a/trained/tokenization/runs/2026-07-06_17-29-22_gpu024_FirmamentalCamcorder/config.yaml b/trained/tokenization/runs/2026-07-06_17-29-22_gpu024_FirmamentalCamcorder/config.yaml
deleted file mode 100644
index 528a5a8..0000000
--- a/trained/tokenization/runs/2026-07-06_17-29-22_gpu024_FirmamentalCamcorder/config.yaml
+++ /dev/null
@@ -1,277 +0,0 @@
-task_name: tokenization
-tags:
-- vqvae_tokenization
-train: true
-test: true
-test_only_on_rank_zero: true
-ckpt_path: null
-seed: null
-ckpt_path_for_evaluation: null
-output_dir_resub: null
-dataset_size_id: null
-data:
-  dataset_kwargs_train:
-    logger_name: IterDataset-Train
-    shuffle_files: true
-    shuffle_data: true
-    seed: 42
-    max_n_files_per_type: null
-    n_jets_per_file: 100000
-    files_dict:
-      QCD:
-      - \${data.data_dir}/train_100M/ZJetsToNuNu_*
-      Hbb:
-      - \${data.data_dir}/train_100M/HToBB_*
-      Hcc:
-      - \${data.data_dir}/train_100M/HToCC_*
-      Hgg:
-      - \${data.data_dir}/train_100M/HToGG_*
-      H4q:
-      - \${data.data_dir}/train_100M/HToWW4Q_*
-      Hqql:
-      - \${data.data_dir}/train_100M/HToWW2Q1L_*
-      Zqq:
-      - \${data.data_dir}/train_100M/ZToQQ_*
-      Wqq:
-      - \${data.data_dir}/train_100M/WToQQ_*
-      Tbqq:
-      - \${data.data_dir}/train_100M/TTBar_*
-      Tbl:
-      - \${data.data_dir}/train_100M/TTBarLep_*
-    n_files_at_once: 10
-    load_only_once: false
-  dataset_kwargs_val:
-    logger_name: IterDataset-Validation
-    shuffle_files: false
-    shuffle_data: true
-    seed_shuffle_data: 42
-    max_n_files_per_type: 1
-    files_dict:
-      QCD:
-      - \${data.data_dir}/val_5M/ZJetsToNuNu_*
-      Hbb:
-      - \${data.data_dir}/val_5M/HToBB_*
-      Hcc:
-      - \${data.data_dir}/val_5M/HToCC_*
-      Hgg:
-      - \${data.data_dir}/val_5M/HToGG_*
-      H4q:
-      - \${data.data_dir}/val_5M/HToWW4Q_*
-      Hqql:
-      - \${data.data_dir}/val_5M/HToWW2Q1L_*
-      Zqq:
-      - \${data.data_dir}/val_5M/ZToQQ_*
-      Wqq:
-      - \${data.data_dir}/val_5M/WToQQ_*
-      Tbqq:
-      - \${data.data_dir}/val_5M/TTBar_*
-      Tbl:
-      - \${data.data_dir}/val_5M/TTBarLep_*
-    n_files_at_once: 10
-    load_only_once: true
-    shuffle_only_once: true
-    n_jets_per_file: 10000
-  dataset_kwargs_test:
-    logger_name: IterDataset-Test
-    shuffle_files: false
-    shuffle_data: true
-    seed_shuffle_data: 42
-    max_n_files_per_type: 1
-    files_dict:
-      QCD:
-      - \${data.data_dir}/test_20M/ZJetsToNuNu_*
-      Hbb:
-      - \${data.data_dir}/test_20M/HToBB_*
-      Hcc:
-      - \${data.data_dir}/test_20M/HToCC_*
-      Hgg:
-      - \${data.data_dir}/test_20M/HToGG_*
-      H4q:
-      - \${data.data_dir}/test_20M/HToWW4Q_*
-      Hqql:
-      - \${data.data_dir}/test_20M/HToWW2Q1L_*
-      Zqq:
-      - \${data.data_dir}/test_20M/ZToQQ_*
-      Wqq:
-      - \${data.data_dir}/test_20M/WToQQ_*
-      Tbqq:
-      - \${data.data_dir}/test_20M/TTBar_*
-      Tbl:
-      - \${data.data_dir}/test_20M/TTBarLep_*
-    n_files_at_once: 10
-    load_only_once: true
-    shuffle_only_once: true
-    n_jets_per_file: 20000
-  batch_size:
-    train: 500
-    val: 2000
-    test: 2000
-  data_dir: /srv/beegfs/scratch/groups/rodem/lumea/datasets/JetClass/Pythia
-  _target_: gabbro.data.iterable_dataset_jetclass.IterableDatamodule
-  dataset_kwargs_common:
-    pad_length: 128
-    labels_to_load:
-    - label_QCD
-    - label_Hbb
-    - label_Hcc
-    - label_Hgg
-    - label_H4q
-    - label_Hqql
-    - label_Zqq
-    - label_Wqq
-    - label_Tbqq
-    - label_Tbl
-    shuffle_particles: true
-    n_files_at_once: 10
-    load_only_once: false
-    feature_dict: \${feature_dict}
-    feature_dict_jet: null
-model:
-  _target_: gabbro.models.vqvae.VQVAELightning
-  model_type: VQVAETransformer
-  model_kwargs:
-    hidden_dim: 128
-    latent_dim: 8
-    num_blocks: 4
-    num_heads: 8
-    alpha: 10
-    vq_kwargs:
-      num_codes: 8192
-      beta: 0.9
-      kmeans_init: false
-      norm: null
-      cb_norm: null
-      affine_lr: 2
-      sync_nu: 1
-      replace_freq: 500
-      dim: -1
-    old_transformer_implementation: false
-    in_out_proj_cfg: null
-    latent_proj_cfg: null
-    input_features_dict: \${feature_dict}
-    causal_decoder: true
-    conditional_dim: 0
-    max_sequence_len: 128
-    transformer_cfg:
-      attn_cfg:
-        num_heads: \${model.model_kwargs.num_heads}
-        dropout_rate: 0.0
-        norm_before: true
-        norm_after: false
-      mlp_cfg:
-        expansion_factor: 4
-        dropout_rate: 0.0
-        norm_before: true
-        activation: GELU
-      residual_cfg:
-        gate_type: local
-        init_value: 1.0
-  optimizer:
-    _target_: gabbro.utils.optimizer.ranger.Ranger
-    _partial_: true
-    lr: 0.001
-    weight_decay: 0.01
-    betas:
-    - 0.95
-    - 0.999
-    eps: 1.0e-05
-    alpha: 0.5
-    k: 6
-  scheduler:
-    _target_: torch.optim.lr_scheduler.ConstantLR
-    _partial_: true
-    total_iters: 1
-    factor: 1
-  model_kwargs_loaded: null
-  scheduler_lightning_kwargs:
-    monitor: val_loss
-    interval: step
-    frequency: 1
-callbacks:
-  model_checkpoint:
-    _target_: gabbro.callbacks.checkpoint_callback.CustomModelCheckpoint
-    state_key: General-checkpoint-callback
-    dirpath: \${paths.output_dir}/checkpoints
-    filename: epoch_{epoch:03d}_loss_{val_loss:.5f}
-    monitor: val_loss
-    verbose: true
-    save_last: true
-    save_top_k: -1
-    mode: min
-    auto_insert_metric_name: false
-    save_weights_only: false
-    every_n_train_steps: null
-    train_time_interval: null
-    every_n_epochs: 1
-    save_on_train_epoch_end: false
-  model_summary:
-    _target_: lightning.pytorch.callbacks.RichModelSummary
-    max_depth: -1
-  lr_monitor:
-    _target_: lightning.pytorch.callbacks.LearningRateMonitor
-    logging_interval: step
-    log_momentum: false
-  tokenization_callback:
-    _target_: gabbro.callbacks.tokenization_callback.TokenizationEvalCallback
-feature_dict:
-  part_pt:
-    multiply_by: 1
-    subtract_by: 1.8
-    func: signed_log
-    inv_func: signed_exp
-  part_etarel:
-    multiply_by: 3
-  part_phirel:
-    multiply_by: 3
-logger:
-  comet:
-    _target_: lightning.pytorch.loggers.comet.CometLogger
-    api_key: \${oc.env:COMET_API_TOKEN}
-    save_dir: \${paths.output_dir}
-    project_name: \${project_name}
-    rest_api_key: null
-    experiment_key: 299eb11778014afd9d712739f0ab6d0c
-    offline: false
-    prefix: ''
-    experiment_name: gpu024
-  csv:
-    _target_: lightning.pytorch.loggers.csv_logs.CSVLogger
-    save_dir: \${paths.output_dir}
-    name: csv/
-    prefix: ''
-  wandb:
-    project: \${project_name}
-    tags: \${tags}
-    name: gpu024
-trainer:
-  _target_: lightning.Trainer
-  default_root_dir: \${paths.output_dir}
-  min_epochs: 1
-  accelerator: gpu
-  devices: 1
-  num_nodes: 1
-  strategy: auto
-  enable_progress_bar: false
-  check_val_every_n_epoch: 1
-  deterministic: false
-  max_steps: 1000000
-  gradient_clip_val: 5
-  log_every_n_steps: 10
-  limit_train_batches: \${eval:'int(\${data.dataset_kwargs_train.n_files_at_once} *
-    \${data.dataset_kwargs_train.n_jets_per_file} / \${data.batch_size.train} / \${trainer.devices}
-    / \${trainer.num_nodes})'}
-  limit_val_batches: \${eval:'int(\${data.dataset_kwargs_val.n_files_at_once} * \${data.dataset_kwargs_val.n_jets_per_file}
-    / \${data.batch_size.val} / \${trainer.devices} / \${trainer.num_nodes})'}
-paths:
-  log_dir: \${oc.env:LOG_DIR}
-  output_dir: \${hydra:run.dir}
-  work_dir: \${hydra:runtime.cwd}
-extras:
-  ignore_warnings: false
-  enforce_tags: true
-  print_config: true
-load_weights_from: false
-load_weights_strict: false
-continue_from_checkpoint: null
-project_name: tokenization
-run_note: ''
diff --git a/trained/tokenization/runs/2026-07-06_17-29-22_gpu024_FirmamentalCamcorder/config_resolved.yaml b/trained/tokenization/runs/2026-07-06_17-29-22_gpu024_FirmamentalCamcorder/config_resolved.yaml
deleted file mode 100644
index b23ef59..0000000
--- a/trained/tokenization/runs/2026-07-06_17-29-22_gpu024_FirmamentalCamcorder/config_resolved.yaml
+++ /dev/null
@@ -1,293 +0,0 @@
-task_name: tokenization
-tags:
-- vqvae_tokenization
-train: true
-test: true
-test_only_on_rank_zero: true
-ckpt_path: null
-seed: null
-ckpt_path_for_evaluation: null
-output_dir_resub: null
-dataset_size_id: null
-data:
-  dataset_kwargs_train:
-    logger_name: IterDataset-Train
-    shuffle_files: true
-    shuffle_data: true
-    seed: 42
-    max_n_files_per_type: null
-    n_jets_per_file: 100000
-    files_dict:
-      QCD:
-      - /srv/beegfs/scratch/groups/rodem/lumea/datasets/JetClass/Pythia/train_100M/ZJetsToNuNu_*
-      Hbb:
-      - /srv/beegfs/scratch/groups/rodem/lumea/datasets/JetClass/Pythia/train_100M/HToBB_*
-      Hcc:
-      - /srv/beegfs/scratch/groups/rodem/lumea/datasets/JetClass/Pythia/train_100M/HToCC_*
-      Hgg:
-      - /srv/beegfs/scratch/groups/rodem/lumea/datasets/JetClass/Pythia/train_100M/HToGG_*
-      H4q:
-      - /srv/beegfs/scratch/groups/rodem/lumea/datasets/JetClass/Pythia/train_100M/HToWW4Q_*
-      Hqql:
-      - /srv/beegfs/scratch/groups/rodem/lumea/datasets/JetClass/Pythia/train_100M/HToWW2Q1L_*
-      Zqq:
-      - /srv/beegfs/scratch/groups/rodem/lumea/datasets/JetClass/Pythia/train_100M/ZToQQ_*
-      Wqq:
-      - /srv/beegfs/scratch/groups/rodem/lumea/datasets/JetClass/Pythia/train_100M/WToQQ_*
-      Tbqq:
-      - /srv/beegfs/scratch/groups/rodem/lumea/datasets/JetClass/Pythia/train_100M/TTBar_*
-      Tbl:
-      - /srv/beegfs/scratch/groups/rodem/lumea/datasets/JetClass/Pythia/train_100M/TTBarLep_*
-    n_files_at_once: 10
-    load_only_once: false
-  dataset_kwargs_val:
-    logger_name: IterDataset-Validation
-    shuffle_files: false
-    shuffle_data: true
-    seed_shuffle_data: 42
-    max_n_files_per_type: 1
-    files_dict:
-      QCD:
-      - /srv/beegfs/scratch/groups/rodem/lumea/datasets/JetClass/Pythia/val_5M/ZJetsToNuNu_*
-      Hbb:
-      - /srv/beegfs/scratch/groups/rodem/lumea/datasets/JetClass/Pythia/val_5M/HToBB_*
-      Hcc:
-      - /srv/beegfs/scratch/groups/rodem/lumea/datasets/JetClass/Pythia/val_5M/HToCC_*
-      Hgg:
-      - /srv/beegfs/scratch/groups/rodem/lumea/datasets/JetClass/Pythia/val_5M/HToGG_*
-      H4q:
-      - /srv/beegfs/scratch/groups/rodem/lumea/datasets/JetClass/Pythia/val_5M/HToWW4Q_*
-      Hqql:
-      - /srv/beegfs/scratch/groups/rodem/lumea/datasets/JetClass/Pythia/val_5M/HToWW2Q1L_*
-      Zqq:
-      - /srv/beegfs/scratch/groups/rodem/lumea/datasets/JetClass/Pythia/val_5M/ZToQQ_*
-      Wqq:
-      - /srv/beegfs/scratch/groups/rodem/lumea/datasets/JetClass/Pythia/val_5M/WToQQ_*
-      Tbqq:
-      - /srv/beegfs/scratch/groups/rodem/lumea/datasets/JetClass/Pythia/val_5M/TTBar_*
-      Tbl:
-      - /srv/beegfs/scratch/groups/rodem/lumea/datasets/JetClass/Pythia/val_5M/TTBarLep_*
-    n_files_at_once: 10
-    load_only_once: true
-    shuffle_only_once: true
-    n_jets_per_file: 10000
-  dataset_kwargs_test:
-    logger_name: IterDataset-Test
-    shuffle_files: false
-    shuffle_data: true
-    seed_shuffle_data: 42
-    max_n_files_per_type: 1
-    files_dict:
-      QCD:
-      - /srv/beegfs/scratch/groups/rodem/lumea/datasets/JetClass/Pythia/test_20M/ZJetsToNuNu_*
-      Hbb:
-      - /srv/beegfs/scratch/groups/rodem/lumea/datasets/JetClass/Pythia/test_20M/HToBB_*
-      Hcc:
-      - /srv/beegfs/scratch/groups/rodem/lumea/datasets/JetClass/Pythia/test_20M/HToCC_*
-      Hgg:
-      - /srv/beegfs/scratch/groups/rodem/lumea/datasets/JetClass/Pythia/test_20M/HToGG_*
-      H4q:
-      - /srv/beegfs/scratch/groups/rodem/lumea/datasets/JetClass/Pythia/test_20M/HToWW4Q_*
-      Hqql:
-      - /srv/beegfs/scratch/groups/rodem/lumea/datasets/JetClass/Pythia/test_20M/HToWW2Q1L_*
-      Zqq:
-      - /srv/beegfs/scratch/groups/rodem/lumea/datasets/JetClass/Pythia/test_20M/ZToQQ_*
-      Wqq:
-      - /srv/beegfs/scratch/groups/rodem/lumea/datasets/JetClass/Pythia/test_20M/WToQQ_*
-      Tbqq:
-      - /srv/beegfs/scratch/groups/rodem/lumea/datasets/JetClass/Pythia/test_20M/TTBar_*
-      Tbl:
-      - /srv/beegfs/scratch/groups/rodem/lumea/datasets/JetClass/Pythia/test_20M/TTBarLep_*
-    n_files_at_once: 10
-    load_only_once: true
-    shuffle_only_once: true
-    n_jets_per_file: 20000
-  batch_size:
-    train: 500
-    val: 2000
-    test: 2000
-  data_dir: /srv/beegfs/scratch/groups/rodem/lumea/datasets/JetClass/Pythia
-  _target_: gabbro.data.iterable_dataset_jetclass.IterableDatamodule
-  dataset_kwargs_common:
-    pad_length: 128
-    labels_to_load:
-    - label_QCD
-    - label_Hbb
-    - label_Hcc
-    - label_Hgg
-    - label_H4q
-    - label_Hqql
-    - label_Zqq
-    - label_Wqq
-    - label_Tbqq
-    - label_Tbl
-    shuffle_particles: true
-    n_files_at_once: 10
-    load_only_once: false
-    feature_dict:
-      part_pt:
-        multiply_by: 1
-        subtract_by: 1.8
-        func: signed_log
-        inv_func: signed_exp
-      part_etarel:
-        multiply_by: 3
-      part_phirel:
-        multiply_by: 3
-    feature_dict_jet: null
-model:
-  _target_: gabbro.models.vqvae.VQVAELightning
-  model_type: VQVAETransformer
-  model_kwargs:
-    hidden_dim: 128
-    latent_dim: 8
-    num_blocks: 4
-    num_heads: 8
-    alpha: 10
-    vq_kwargs:
-      num_codes: 8192
-      beta: 0.9
-      kmeans_init: false
-      norm: null
-      cb_norm: null
-      affine_lr: 2
-      sync_nu: 1
-      replace_freq: 500
-      dim: -1
-    old_transformer_implementation: false
-    in_out_proj_cfg: null
-    latent_proj_cfg: null
-    input_features_dict:
-      part_pt:
-        multiply_by: 1
-        subtract_by: 1.8
-        func: signed_log
-        inv_func: signed_exp
-      part_etarel:
-        multiply_by: 3
-      part_phirel:
-        multiply_by: 3
-    causal_decoder: true
-    conditional_dim: 0
-    max_sequence_len: 128
-    transformer_cfg:
-      attn_cfg:
-        num_heads: 8
-        dropout_rate: 0.0
-        norm_before: true
-        norm_after: false
-      mlp_cfg:
-        expansion_factor: 4
-        dropout_rate: 0.0
-        norm_before: true
-        activation: GELU
-      residual_cfg:
-        gate_type: local
-        init_value: 1.0
-  optimizer:
-    _target_: gabbro.utils.optimizer.ranger.Ranger
-    _partial_: true
-    lr: 0.001
-    weight_decay: 0.01
-    betas:
-    - 0.95
-    - 0.999
-    eps: 1.0e-05
-    alpha: 0.5
-    k: 6
-  scheduler:
-    _target_: torch.optim.lr_scheduler.ConstantLR
-    _partial_: true
-    total_iters: 1
-    factor: 1
-  model_kwargs_loaded: null
-  scheduler_lightning_kwargs:
-    monitor: val_loss
-    interval: step
-    frequency: 1
-callbacks:
-  model_checkpoint:
-    _target_: gabbro.callbacks.checkpoint_callback.CustomModelCheckpoint
-    state_key: General-checkpoint-callback
-    dirpath: trained/tokenization/runs/2026-07-06_17-29-22_gpu024_FirmamentalCamcorder/checkpoints
-    filename: epoch_{epoch:03d}_loss_{val_loss:.5f}
-    monitor: val_loss
-    verbose: true
-    save_last: true
-    save_top_k: -1
-    mode: min
-    auto_insert_metric_name: false
-    save_weights_only: false
-    every_n_train_steps: null
-    train_time_interval: null
-    every_n_epochs: 1
-    save_on_train_epoch_end: false
-  model_summary:
-    _target_: lightning.pytorch.callbacks.RichModelSummary
-    max_depth: -1
-  lr_monitor:
-    _target_: lightning.pytorch.callbacks.LearningRateMonitor
-    logging_interval: step
-    log_momentum: false
-  tokenization_callback:
-    _target_: gabbro.callbacks.tokenization_callback.TokenizationEvalCallback
-feature_dict:
-  part_pt:
-    multiply_by: 1
-    subtract_by: 1.8
-    func: signed_log
-    inv_func: signed_exp
-  part_etarel:
-    multiply_by: 3
-  part_phirel:
-    multiply_by: 3
-logger:
-  comet:
-    _target_: lightning.pytorch.loggers.comet.CometLogger
-    api_key: *********REDACTED*********
-    save_dir: trained/tokenization/runs/2026-07-06_17-29-22_gpu024_FirmamentalCamcorder
-    project_name: tokenization
-    rest_api_key: null
-    experiment_key: 299eb11778014afd9d712739f0ab6d0c
-    offline: false
-    prefix: ''
-    experiment_name: gpu024
-  csv:
-    _target_: lightning.pytorch.loggers.csv_logs.CSVLogger
-    save_dir: trained/tokenization/runs/2026-07-06_17-29-22_gpu024_FirmamentalCamcorder
-    name: csv/
-    prefix: ''
-  wandb:
-    project: tokenization
-    tags:
-    - vqvae_tokenization
-    name: gpu024
-trainer:
-  _target_: lightning.Trainer
-  default_root_dir: trained/tokenization/runs/2026-07-06_17-29-22_gpu024_FirmamentalCamcorder
-  min_epochs: 1
-  accelerator: gpu
-  devices: 1
-  num_nodes: 1
-  strategy: auto
-  enable_progress_bar: false
-  check_val_every_n_epoch: 1
-  deterministic: false
-  max_steps: 1000000
-  gradient_clip_val: 5
-  log_every_n_steps: 10
-  limit_train_batches: 2000
-  limit_val_batches: 50
-paths:
-  log_dir: trained
-  output_dir: trained/tokenization/runs/2026-07-06_17-29-22_gpu024_FirmamentalCamcorder
-  work_dir: /home/users/w/wozniak/dev/enhancing-ntp4jets
-extras:
-  ignore_warnings: false
-  enforce_tags: true
-  print_config: true
-load_weights_from: false
-load_weights_strict: false
-continue_from_checkpoint: null
-project_name: tokenization
-run_note: ''
diff --git a/trained/tokenization/runs/2026-07-06_17-29-22_gpu024_FirmamentalCamcorder/csv/version_0/hparams.yaml b/trained/tokenization/runs/2026-07-06_17-29-22_gpu024_FirmamentalCamcorder/csv/version_0/hparams.yaml
deleted file mode 100644
index a79cfcc..0000000
--- a/trained/tokenization/runs/2026-07-06_17-29-22_gpu024_FirmamentalCamcorder/csv/version_0/hparams.yaml
+++ /dev/null
@@ -1,269 +0,0 @@
-model:
-  _target_: gabbro.models.vqvae.VQVAELightning
-  model_type: VQVAETransformer
-  model_kwargs:
-    hidden_dim: 128
-    latent_dim: 8
-    num_blocks: 4
-    num_heads: 8
-    alpha: 10
-    vq_kwargs:
-      num_codes: 8192
-      beta: 0.9
-      kmeans_init: false
-      norm: null
-      cb_norm: null
-      affine_lr: 2
-      sync_nu: 1
-      replace_freq: 500
-      dim: -1
-    old_transformer_implementation: false
-    in_out_proj_cfg: null
-    latent_proj_cfg: null
-    input_features_dict:
-      part_pt:
-        multiply_by: 1
-        subtract_by: 1.8
-        func: signed_log
-        inv_func: signed_exp
-      part_etarel:
-        multiply_by: 3
-      part_phirel:
-        multiply_by: 3
-    causal_decoder: true
-    conditional_dim: 0
-    max_sequence_len: 128
-    transformer_cfg:
-      attn_cfg:
-        num_heads: 8
-        dropout_rate: 0.0
-        norm_before: true
-        norm_after: false
-      mlp_cfg:
-        expansion_factor: 4
-        dropout_rate: 0.0
-        norm_before: true
-        activation: GELU
-      residual_cfg:
-        gate_type: local
-        init_value: 1.0
-  optimizer:
-    _target_: gabbro.utils.optimizer.ranger.Ranger
-    _partial_: true
-    lr: 0.001
-    weight_decay: 0.01
-    betas:
-    - 0.95
-    - 0.999
-    eps: 1.0e-05
-    alpha: 0.5
-    k: 6
-  scheduler:
-    _target_: torch.optim.lr_scheduler.ConstantLR
-    _partial_: true
-    total_iters: 1
-    factor: 1
-  model_kwargs_loaded: null
-  scheduler_lightning_kwargs:
-    monitor: val_loss
-    interval: step
-    frequency: 1
-model/params/total: 1656859
-model/params/trainable: 1656859
-model/params/non_trainable: 0
-data:
-  dataset_kwargs_train:
-    logger_name: IterDataset-Train
-    shuffle_files: true
-    shuffle_data: true
-    seed: 42
-    max_n_files_per_type: null
-    n_jets_per_file: 100000
-    files_dict:
-      QCD:
-      - /srv/beegfs/scratch/groups/rodem/lumea/datasets/JetClass/Pythia/train_100M/ZJetsToNuNu_*
-      Hbb:
-      - /srv/beegfs/scratch/groups/rodem/lumea/datasets/JetClass/Pythia/train_100M/HToBB_*
-      Hcc:
-      - /srv/beegfs/scratch/groups/rodem/lumea/datasets/JetClass/Pythia/train_100M/HToCC_*
-      Hgg:
-      - /srv/beegfs/scratch/groups/rodem/lumea/datasets/JetClass/Pythia/train_100M/HToGG_*
-      H4q:
-      - /srv/beegfs/scratch/groups/rodem/lumea/datasets/JetClass/Pythia/train_100M/HToWW4Q_*
-      Hqql:
-      - /srv/beegfs/scratch/groups/rodem/lumea/datasets/JetClass/Pythia/train_100M/HToWW2Q1L_*
-      Zqq:
-      - /srv/beegfs/scratch/groups/rodem/lumea/datasets/JetClass/Pythia/train_100M/ZToQQ_*
-      Wqq:
-      - /srv/beegfs/scratch/groups/rodem/lumea/datasets/JetClass/Pythia/train_100M/WToQQ_*
-      Tbqq:
-      - /srv/beegfs/scratch/groups/rodem/lumea/datasets/JetClass/Pythia/train_100M/TTBar_*
-      Tbl:
-      - /srv/beegfs/scratch/groups/rodem/lumea/datasets/JetClass/Pythia/train_100M/TTBarLep_*
-    n_files_at_once: 10
-    load_only_once: false
-  dataset_kwargs_val:
-    logger_name: IterDataset-Validation
-    shuffle_files: false
-    shuffle_data: true
-    seed_shuffle_data: 42
-    max_n_files_per_type: 1
-    files_dict:
-      QCD:
-      - /srv/beegfs/scratch/groups/rodem/lumea/datasets/JetClass/Pythia/val_5M/ZJetsToNuNu_*
-      Hbb:
-      - /srv/beegfs/scratch/groups/rodem/lumea/datasets/JetClass/Pythia/val_5M/HToBB_*
-      Hcc:
-      - /srv/beegfs/scratch/groups/rodem/lumea/datasets/JetClass/Pythia/val_5M/HToCC_*
-      Hgg:
-      - /srv/beegfs/scratch/groups/rodem/lumea/datasets/JetClass/Pythia/val_5M/HToGG_*
-      H4q:
-      - /srv/beegfs/scratch/groups/rodem/lumea/datasets/JetClass/Pythia/val_5M/HToWW4Q_*
-      Hqql:
-      - /srv/beegfs/scratch/groups/rodem/lumea/datasets/JetClass/Pythia/val_5M/HToWW2Q1L_*
-      Zqq:
-      - /srv/beegfs/scratch/groups/rodem/lumea/datasets/JetClass/Pythia/val_5M/ZToQQ_*
-      Wqq:
-      - /srv/beegfs/scratch/groups/rodem/lumea/datasets/JetClass/Pythia/val_5M/WToQQ_*
-      Tbqq:
-      - /srv/beegfs/scratch/groups/rodem/lumea/datasets/JetClass/Pythia/val_5M/TTBar_*
-      Tbl:
-      - /srv/beegfs/scratch/groups/rodem/lumea/datasets/JetClass/Pythia/val_5M/TTBarLep_*
-    n_files_at_once: 10
-    load_only_once: true
-    shuffle_only_once: true
-    n_jets_per_file: 10000
-  dataset_kwargs_test:
-    logger_name: IterDataset-Test
-    shuffle_files: false
-    shuffle_data: true
-    seed_shuffle_data: 42
-    max_n_files_per_type: 1
-    files_dict:
-      QCD:
-      - /srv/beegfs/scratch/groups/rodem/lumea/datasets/JetClass/Pythia/test_20M/ZJetsToNuNu_*
-      Hbb:
-      - /srv/beegfs/scratch/groups/rodem/lumea/datasets/JetClass/Pythia/test_20M/HToBB_*
-      Hcc:
-      - /srv/beegfs/scratch/groups/rodem/lumea/datasets/JetClass/Pythia/test_20M/HToCC_*
-      Hgg:
-      - /srv/beegfs/scratch/groups/rodem/lumea/datasets/JetClass/Pythia/test_20M/HToGG_*
-      H4q:
-      - /srv/beegfs/scratch/groups/rodem/lumea/datasets/JetClass/Pythia/test_20M/HToWW4Q_*
-      Hqql:
-      - /srv/beegfs/scratch/groups/rodem/lumea/datasets/JetClass/Pythia/test_20M/HToWW2Q1L_*
-      Zqq:
-      - /srv/beegfs/scratch/groups/rodem/lumea/datasets/JetClass/Pythia/test_20M/ZToQQ_*
-      Wqq:
-      - /srv/beegfs/scratch/groups/rodem/lumea/datasets/JetClass/Pythia/test_20M/WToQQ_*
-      Tbqq:
-      - /srv/beegfs/scratch/groups/rodem/lumea/datasets/JetClass/Pythia/test_20M/TTBar_*
-      Tbl:
-      - /srv/beegfs/scratch/groups/rodem/lumea/datasets/JetClass/Pythia/test_20M/TTBarLep_*
-    n_files_at_once: 10
-    load_only_once: true
-    shuffle_only_once: true
-    n_jets_per_file: 20000
-  batch_size:
-    train: 500
-    val: 2000
-    test: 2000
-  data_dir: /srv/beegfs/scratch/groups/rodem/lumea/datasets/JetClass/Pythia
-  _target_: gabbro.data.iterable_dataset_jetclass.IterableDatamodule
-  dataset_kwargs_common:
-    pad_length: 128
-    labels_to_load:
-    - label_QCD
-    - label_Hbb
-    - label_Hcc
-    - label_Hgg
-    - label_H4q
-    - label_Hqql
-    - label_Zqq
-    - label_Wqq
-    - label_Tbqq
-    - label_Tbl
-    shuffle_particles: true
-    n_files_at_once: 10
-    load_only_once: false
-    feature_dict:
-      part_pt:
-        multiply_by: 1
-        subtract_by: 1.8
-        func: signed_log
-        inv_func: signed_exp
-      part_etarel:
-        multiply_by: 3
-      part_phirel:
-        multiply_by: 3
-    feature_dict_jet: null
-trainer:
-  _target_: lightning.Trainer
-  default_root_dir: trained/tokenization/runs/2026-07-06_17-29-22_gpu024_FirmamentalCamcorder
-  min_epochs: 1
-  accelerator: gpu
-  devices: 1
-  num_nodes: 1
-  strategy: auto
-  enable_progress_bar: false
-  check_val_every_n_epoch: 1
-  deterministic: false
-  max_steps: 1000000
-  gradient_clip_val: 5
-  log_every_n_steps: 10
-  limit_train_batches: 2000
-  limit_val_batches: 50
-callbacks:
-  model_checkpoint:
-    _target_: gabbro.callbacks.checkpoint_callback.CustomModelCheckpoint
-    state_key: General-checkpoint-callback
-    dirpath: trained/tokenization/runs/2026-07-06_17-29-22_gpu024_FirmamentalCamcorder/checkpoints
-    filename: epoch_{epoch:03d}_loss_{val_loss:.5f}
-    monitor: val_loss
-    verbose: true
-    save_last: true
-    save_top_k: -1
-    mode: min
-    auto_insert_metric_name: false
-    save_weights_only: false
-    every_n_train_steps: null
-    train_time_interval: null
-    every_n_epochs: 1
-    save_on_train_epoch_end: false
-  model_summary:
-    _target_: lightning.pytorch.callbacks.RichModelSummary
-    max_depth: -1
-  lr_monitor:
-    _target_: lightning.pytorch.callbacks.LearningRateMonitor
-    logging_interval: step
-    log_momentum: false
-  tokenization_callback:
-    _target_: gabbro.callbacks.tokenization_callback.TokenizationEvalCallback
-extras:
-  ignore_warnings: false
-  enforce_tags: true
-  print_config: true
-task_name: tokenization
-tags:
-- vqvae_tokenization
-ckpt_path: null
-seed: null
-run_note: ''
-git:
-  git_hash: 82d9a8a849e978b40494963daef011f44ac9388a
-  git_status: "\n====================================================================================================\n\
-    ========== start git diff ==========\ndiff --git a/configs/experiment/example_experiment_tokenization_transformer.yaml\
-    \ b/configs/experiment/example_experiment_tokenization_transformer.yaml\nindex\
-    \ 5b6aad8..7b665c0 100644\n--- a/configs/experiment/example_experiment_tokenization_transformer.yaml\n\
-    +++ b/configs/experiment/example_experiment_tokenization_transformer.yaml\n@@\
-    \ -26,7 +26,7 @@ run_note: \"\"\n seed: null\n \n data:\n-  data_dir: /srv/beegfs/scratch/groups/rodem/lumea/datasets/JetClass\n\
-    +  data_dir: /srv/beegfs/scratch/groups/rodem/lumea/datasets/JetClass/Pythia\n\
-    \   batch_size:\n     train: 500\n     val: 2000\n\n========== end git diff ==========\n\
-    ====================================================================================================\n"
-  git_last_commit_message: fixing feature dict yaml name
-slurm:
-  job_id: '10133118'
-  log_file: null
-load_weights_from: false
-gpu_properties:
-  rank0: NVIDIA GeForce RTX 3080
diff --git a/trained/tokenization/runs/2026-07-06_17-29-22_gpu024_FirmamentalCamcorder/untrained_model_state_dict.ckpt b/trained/tokenization/runs/2026-07-06_17-29-22_gpu024_FirmamentalCamcorder/untrained_model_state_dict.ckpt
deleted file mode 100644
index 92d8487..0000000
Binary files a/trained/tokenization/runs/2026-07-06_17-29-22_gpu024_FirmamentalCamcorder/untrained_model_state_dict.ckpt and /dev/null differ
diff --git a/trained/tokenization/runs/2026-07-06_17-37-13_gpu024_UnreflectiveSapper/.hydra/config.yaml b/trained/tokenization/runs/2026-07-06_17-37-13_gpu024_UnreflectiveSapper/.hydra/config.yaml
deleted file mode 100644
index ebe17b5..0000000
--- a/trained/tokenization/runs/2026-07-06_17-37-13_gpu024_UnreflectiveSapper/.hydra/config.yaml
+++ /dev/null
@@ -1,275 +0,0 @@
-task_name: tokenization
-tags:
-- vqvae_tokenization
-train: true
-test: true
-test_only_on_rank_zero: true
-ckpt_path: null
-seed: null
-ckpt_path_for_evaluation: null
-output_dir_resub: null
-dataset_size_id: null
-data:
-  dataset_kwargs_train:
-    logger_name: IterDataset-Train
-    shuffle_files: true
-    shuffle_data: true
-    seed: 42
-    max_n_files_per_type: null
-    n_jets_per_file: 100000
-    files_dict:
-      QCD:
-      - \${data.data_dir}/train_100M/ZJetsToNuNu_*
-      Hbb:
-      - \${data.data_dir}/train_100M/HToBB_*
-      Hcc:
-      - \${data.data_dir}/train_100M/HToCC_*
-      Hgg:
-      - \${data.data_dir}/train_100M/HToGG_*
-      H4q:
-      - \${data.data_dir}/train_100M/HToWW4Q_*
-      Hqql:
-      - \${data.data_dir}/train_100M/HToWW2Q1L_*
-      Zqq:
-      - \${data.data_dir}/train_100M/ZToQQ_*
-      Wqq:
-      - \${data.data_dir}/train_100M/WToQQ_*
-      Tbqq:
-      - \${data.data_dir}/train_100M/TTBar_*
-      Tbl:
-      - \${data.data_dir}/train_100M/TTBarLep_*
-    n_files_at_once: 10
-    load_only_once: false
-  dataset_kwargs_val:
-    logger_name: IterDataset-Validation
-    shuffle_files: false
-    shuffle_data: true
-    seed_shuffle_data: 42
-    max_n_files_per_type: 1
-    files_dict:
-      QCD:
-      - \${data.data_dir}/val_5M/ZJetsToNuNu_*
-      Hbb:
-      - \${data.data_dir}/val_5M/HToBB_*
-      Hcc:
-      - \${data.data_dir}/val_5M/HToCC_*
-      Hgg:
-      - \${data.data_dir}/val_5M/HToGG_*
-      H4q:
-      - \${data.data_dir}/val_5M/HToWW4Q_*
-      Hqql:
-      - \${data.data_dir}/val_5M/HToWW2Q1L_*
-      Zqq:
-      - \${data.data_dir}/val_5M/ZToQQ_*
-      Wqq:
-      - \${data.data_dir}/val_5M/WToQQ_*
-      Tbqq:
-      - \${data.data_dir}/val_5M/TTBar_*
-      Tbl:
-      - \${data.data_dir}/val_5M/TTBarLep_*
-    n_files_at_once: 10
-    load_only_once: true
-    shuffle_only_once: true
-    n_jets_per_file: 10000
-  dataset_kwargs_test:
-    logger_name: IterDataset-Test
-    shuffle_files: false
-    shuffle_data: true
-    seed_shuffle_data: 42
-    max_n_files_per_type: 1
-    files_dict:
-      QCD:
-      - \${data.data_dir}/test_20M/ZJetsToNuNu_*
-      Hbb:
-      - \${data.data_dir}/test_20M/HToBB_*
-      Hcc:
-      - \${data.data_dir}/test_20M/HToCC_*
-      Hgg:
-      - \${data.data_dir}/test_20M/HToGG_*
-      H4q:
-      - \${data.data_dir}/test_20M/HToWW4Q_*
-      Hqql:
-      - \${data.data_dir}/test_20M/HToWW2Q1L_*
-      Zqq:
-      - \${data.data_dir}/test_20M/ZToQQ_*
-      Wqq:
-      - \${data.data_dir}/test_20M/WToQQ_*
-      Tbqq:
-      - \${data.data_dir}/test_20M/TTBar_*
-      Tbl:
-      - \${data.data_dir}/test_20M/TTBarLep_*
-    n_files_at_once: 10
-    load_only_once: true
-    shuffle_only_once: true
-    n_jets_per_file: 20000
-  batch_size:
-    train: 500
-    val: 2000
-    test: 2000
-  data_dir: /srv/beegfs/scratch/groups/rodem/lumea/datasets/JetClass/Pythia
-  _target_: gabbro.data.iterable_dataset_jetclass.IterableDatamodule
-  dataset_kwargs_common:
-    pad_length: 128
-    labels_to_load:
-    - label_QCD
-    - label_Hbb
-    - label_Hcc
-    - label_Hgg
-    - label_H4q
-    - label_Hqql
-    - label_Zqq
-    - label_Wqq
-    - label_Tbqq
-    - label_Tbl
-    shuffle_particles: true
-    n_files_at_once: 10
-    load_only_once: false
-    feature_dict: \${feature_dict}
-    feature_dict_jet: null
-model:
-  _target_: gabbro.models.vqvae.VQVAELightning
-  model_type: VQVAETransformer
-  model_kwargs:
-    hidden_dim: 128
-    latent_dim: 8
-    num_blocks: 4
-    num_heads: 8
-    alpha: 10
-    vq_kwargs:
-      num_codes: 8192
-      beta: 0.9
-      kmeans_init: false
-      norm: null
-      cb_norm: null
-      affine_lr: 2
-      sync_nu: 1
-      replace_freq: 500
-      dim: -1
-    old_transformer_implementation: false
-    in_out_proj_cfg: null
-    latent_proj_cfg: null
-    input_features_dict: \${feature_dict}
-    causal_decoder: true
-    conditional_dim: 0
-    max_sequence_len: 128
-    transformer_cfg:
-      attn_cfg:
-        num_heads: \${model.model_kwargs.num_heads}
-        dropout_rate: 0.0
-        norm_before: true
-        norm_after: false
-      mlp_cfg:
-        expansion_factor: 4
-        dropout_rate: 0.0
-        norm_before: true
-        activation: GELU
-      residual_cfg:
-        gate_type: local
-        init_value: 1.0
-  optimizer:
-    _target_: gabbro.utils.optimizer.ranger.Ranger
-    _partial_: true
-    lr: 0.001
-    weight_decay: 0.01
-    betas:
-    - 0.95
-    - 0.999
-    eps: 1.0e-05
-  scheduler:
-    _target_: torch.optim.lr_scheduler.ConstantLR
-    _partial_: true
-    total_iters: 1
-    factor: 1
-  model_kwargs_loaded: null
-  scheduler_lightning_kwargs:
-    monitor: val_loss
-    interval: step
-    frequency: 1
-callbacks:
-  model_checkpoint:
-    _target_: gabbro.callbacks.checkpoint_callback.CustomModelCheckpoint
-    state_key: General-checkpoint-callback
-    dirpath: \${paths.output_dir}/checkpoints
-    filename: epoch_{epoch:03d}_loss_{val_loss:.5f}
-    monitor: val_loss
-    verbose: true
-    save_last: true
-    save_top_k: -1
-    mode: min
-    auto_insert_metric_name: false
-    save_weights_only: false
-    every_n_train_steps: null
-    train_time_interval: null
-    every_n_epochs: 1
-    save_on_train_epoch_end: false
-  model_summary:
-    _target_: lightning.pytorch.callbacks.RichModelSummary
-    max_depth: -1
-  lr_monitor:
-    _target_: lightning.pytorch.callbacks.LearningRateMonitor
-    logging_interval: step
-    log_momentum: false
-  tokenization_callback:
-    _target_: gabbro.callbacks.tokenization_callback.TokenizationEvalCallback
-feature_dict:
-  part_pt:
-    multiply_by: 1
-    subtract_by: 1.8
-    func: signed_log
-    inv_func: signed_exp
-  part_etarel:
-    multiply_by: 3
-  part_phirel:
-    multiply_by: 3
-logger:
-  comet:
-    _target_: lightning.pytorch.loggers.comet.CometLogger
-    api_key: \${oc.env:COMET_API_TOKEN}
-    save_dir: \${paths.output_dir}
-    project_name: \${project_name}
-    rest_api_key: null
-    experiment_key: null
-    offline: false
-    prefix: ''
-    experiment_name: null
-  csv:
-    _target_: lightning.pytorch.loggers.csv_logs.CSVLogger
-    save_dir: \${paths.output_dir}
-    name: csv/
-    prefix: ''
-  wandb:
-    project: \${project_name}
-    tags: \${tags}
-    name: \${task_name}
-trainer:
-  _target_: lightning.Trainer
-  default_root_dir: \${paths.output_dir}
-  min_epochs: 1
-  accelerator: gpu
-  devices: 1
-  num_nodes: 1
-  strategy: auto
-  enable_progress_bar: false
-  check_val_every_n_epoch: 1
-  deterministic: false
-  max_steps: 1000000
-  gradient_clip_val: 5
-  log_every_n_steps: 10
-  limit_train_batches: \${eval:'int(\${data.dataset_kwargs_train.n_files_at_once} *
-    \${data.dataset_kwargs_train.n_jets_per_file} / \${data.batch_size.train} / \${trainer.devices}
-    / \${trainer.num_nodes})'}
-  limit_val_batches: \${eval:'int(\${data.dataset_kwargs_val.n_files_at_once} * \${data.dataset_kwargs_val.n_jets_per_file}
-    / \${data.batch_size.val} / \${trainer.devices} / \${trainer.num_nodes})'}
-paths:
-  log_dir: \${oc.env:LOG_DIR}
-  output_dir: \${hydra:run.dir}
-  work_dir: \${hydra:runtime.cwd}
-extras:
-  ignore_warnings: false
-  enforce_tags: true
-  print_config: true
-load_weights_from: false
-load_weights_strict: false
-continue_from_checkpoint: null
-project_name: tokenization
-run_note: ''
diff --git a/trained/tokenization/runs/2026-07-06_17-37-13_gpu024_UnreflectiveSapper/.hydra/hydra.yaml b/trained/tokenization/runs/2026-07-06_17-37-13_gpu024_UnreflectiveSapper/.hydra/hydra.yaml
deleted file mode 100644
index 3ded6c8..0000000
--- a/trained/tokenization/runs/2026-07-06_17-37-13_gpu024_UnreflectiveSapper/.hydra/hydra.yaml
+++ /dev/null
@@ -1,179 +0,0 @@
-hydra:
-  run:
-    dir: \${paths.log_dir}/\${project_name}/runs/\${now:%Y-%m-%d}_\${now:%H-%M-%S}_\${nodename_bigram:}
-  sweep:
-    dir: \${paths.log_dir}/\${project_name}/multiruns/\${now:%Y-%m-%d}_\${now:%H-%M-%S}
-    subdir: \${hydra.job.num}
-  launcher:
-    _target_: hydra._internal.core_plugins.basic_launcher.BasicLauncher
-  sweeper:
-    _target_: hydra._internal.core_plugins.basic_sweeper.BasicSweeper
-    max_batch_size: null
-    params: null
-  help:
-    app_name: \${hydra.job.name}
-    header: '\${hydra.help.app_name} is powered by Hydra.
-
-      '
-    footer: 'Powered by Hydra (https://hydra.cc)
-
-      Use --hydra-help to view Hydra specific help
-
-      '
-    template: '\${hydra.help.header}
-
-      == Configuration groups ==
-
-      Compose your configuration from those groups (group=option)
-
-
-      \$APP_CONFIG_GROUPS
-
-
-      == Config ==
-
-      Override anything in the config (foo.bar=value)
-
-
-      \$CONFIG
-
-
-      \${hydra.help.footer}
-
-      '
-  hydra_help:
-    template: 'Hydra (\${hydra.runtime.version})
-
-      See https://hydra.cc for more info.
-
-
-      == Flags ==
-
-      \$FLAGS_HELP
-
-
-      == Configuration groups ==
-
-      Compose your configuration from those groups (For example, append hydra/job_logging=disabled
-      to command line)
-
-
-      \$HYDRA_CONFIG_GROUPS
-
-
-      Use ''--cfg hydra'' to Show the Hydra config.
-
-      '
-    hydra_help: ???
-  hydra_logging:
-    version: 1
-    formatters:
-      colorlog:
-        (): colorlog.ColoredFormatter
-        format: '[%(cyan)s%(asctime)s%(reset)s][%(purple)sHYDRA%(reset)s] %(message)s'
-    handlers:
-      console:
-        class: logging.StreamHandler
-        formatter: colorlog
-        stream: ext://sys.stdout
-    root:
-      level: INFO
-      handlers:
-      - console
-    disable_existing_loggers: false
-  job_logging:
-    version: 1
-    formatters:
-      simple:
-        format: '[%(asctime)s][%(name)s][%(levelname)s] - %(message)s'
-      colorlog:
-        (): colorlog.ColoredFormatter
-        format: '[%(cyan)s%(asctime)s%(reset)s][%(blue)s%(name)s%(reset)s][%(log_color)s%(levelname)s%(reset)s]
-          - %(message)s'
-        log_colors:
-          DEBUG: purple
-          INFO: green
-          WARNING: yellow
-          ERROR: red
-          CRITICAL: red
-    handlers:
-      console:
-        class: logging.StreamHandler
-        formatter: colorlog
-        stream: ext://sys.stdout
-      file:
-        class: logging.FileHandler
-        formatter: simple
-        filename: \${hydra.job.name}.log
-    root:
-      level: INFO
-      handlers:
-      - console
-      - file
-    disable_existing_loggers: false
-  env: {}
-  mode: RUN
-  searchpath: []
-  callbacks: {}
-  output_subdir: .hydra
-  overrides:
-    hydra:
-    - hydra.mode=RUN
-    task:
-    - experiment=example_experiment_tokenization_transformer
-  job:
-    name: train
-    chdir: null
-    override_dirname: experiment=example_experiment_tokenization_transformer
-    id: ???
-    num: ???
-    config_name: train.yaml
-    env_set: {}
-    env_copy: []
-    config:
-      override_dirname:
-        kv_sep: '='
-        item_sep: ','
-        exclude_keys: []
-  runtime:
-    version: 1.3.2
-    version_base: '1.3'
-    cwd: /home/users/w/wozniak/dev/enhancing-ntp4jets
-    config_sources:
-    - path: hydra.conf
-      schema: pkg
-      provider: hydra
-    - path: /home/users/w/wozniak/dev/enhancing-ntp4jets/configs
-      schema: file
-      provider: main
-    - path: hydra_plugins.hydra_colorlog.conf
-      schema: pkg
-      provider: hydra-colorlog
-    - path: ''
-      schema: structured
-      provider: schema
-    output_dir: /home/users/w/wozniak/dev/enhancing-ntp4jets/trained/tokenization/runs/2026-07-06_17-37-13_gpu024_UnreflectiveSapper
-    choices:
-      debug: null
-      local: default.yaml
-      hparams_search: null
-      experiment: example_experiment_tokenization_transformer
-      hydra: default.yaml
-      extras: default.yaml
-      paths: default.yaml
-      trainer: gpu.yaml
-      logger: many_loggers.yaml
-      feature_dict: feature_dict_kin_massless_without_cuts.yaml
-      callbacks: tokenization_callbacks.yaml
-      model: model_vqvae_transformer.yaml
-      data: iter_dataset_jetclass_all_types.yaml
-      hydra/env: default
-      hydra/callbacks: null
-      hydra/job_logging: colorlog
-      hydra/hydra_logging: colorlog
-      hydra/hydra_help: default
-      hydra/help: default
-      hydra/sweeper: basic
-      hydra/launcher: basic
-      hydra/output: default
-  verbose: false
diff --git a/trained/tokenization/runs/2026-07-06_17-37-13_gpu024_UnreflectiveSapper/.hydra/overrides.yaml b/trained/tokenization/runs/2026-07-06_17-37-13_gpu024_UnreflectiveSapper/.hydra/overrides.yaml
deleted file mode 100644
index 1d84653..0000000
--- a/trained/tokenization/runs/2026-07-06_17-37-13_gpu024_UnreflectiveSapper/.hydra/overrides.yaml
+++ /dev/null
@@ -1 +0,0 @@
-- experiment=example_experiment_tokenization_transformer
diff --git a/trained/tokenization/runs/2026-07-06_17-37-13_gpu024_UnreflectiveSapper/config.yaml b/trained/tokenization/runs/2026-07-06_17-37-13_gpu024_UnreflectiveSapper/config.yaml
deleted file mode 100644
index b4bc3ab..0000000
--- a/trained/tokenization/runs/2026-07-06_17-37-13_gpu024_UnreflectiveSapper/config.yaml
+++ /dev/null
@@ -1,275 +0,0 @@
-task_name: tokenization
-tags:
-- vqvae_tokenization
-train: true
-test: true
-test_only_on_rank_zero: true
-ckpt_path: null
-seed: null
-ckpt_path_for_evaluation: null
-output_dir_resub: null
-dataset_size_id: null
-data:
-  dataset_kwargs_train:
-    logger_name: IterDataset-Train
-    shuffle_files: true
-    shuffle_data: true
-    seed: 42
-    max_n_files_per_type: null
-    n_jets_per_file: 100000
-    files_dict:
-      QCD:
-      - \${data.data_dir}/train_100M/ZJetsToNuNu_*
-      Hbb:
-      - \${data.data_dir}/train_100M/HToBB_*
-      Hcc:
-      - \${data.data_dir}/train_100M/HToCC_*
-      Hgg:
-      - \${data.data_dir}/train_100M/HToGG_*
-      H4q:
-      - \${data.data_dir}/train_100M/HToWW4Q_*
-      Hqql:
-      - \${data.data_dir}/train_100M/HToWW2Q1L_*
-      Zqq:
-      - \${data.data_dir}/train_100M/ZToQQ_*
-      Wqq:
-      - \${data.data_dir}/train_100M/WToQQ_*
-      Tbqq:
-      - \${data.data_dir}/train_100M/TTBar_*
-      Tbl:
-      - \${data.data_dir}/train_100M/TTBarLep_*
-    n_files_at_once: 10
-    load_only_once: false
-  dataset_kwargs_val:
-    logger_name: IterDataset-Validation
-    shuffle_files: false
-    shuffle_data: true
-    seed_shuffle_data: 42
-    max_n_files_per_type: 1
-    files_dict:
-      QCD:
-      - \${data.data_dir}/val_5M/ZJetsToNuNu_*
-      Hbb:
-      - \${data.data_dir}/val_5M/HToBB_*
-      Hcc:
-      - \${data.data_dir}/val_5M/HToCC_*
-      Hgg:
-      - \${data.data_dir}/val_5M/HToGG_*
-      H4q:
-      - \${data.data_dir}/val_5M/HToWW4Q_*
-      Hqql:
-      - \${data.data_dir}/val_5M/HToWW2Q1L_*
-      Zqq:
-      - \${data.data_dir}/val_5M/ZToQQ_*
-      Wqq:
-      - \${data.data_dir}/val_5M/WToQQ_*
-      Tbqq:
-      - \${data.data_dir}/val_5M/TTBar_*
-      Tbl:
-      - \${data.data_dir}/val_5M/TTBarLep_*
-    n_files_at_once: 10
-    load_only_once: true
-    shuffle_only_once: true
-    n_jets_per_file: 10000
-  dataset_kwargs_test:
-    logger_name: IterDataset-Test
-    shuffle_files: false
-    shuffle_data: true
-    seed_shuffle_data: 42
-    max_n_files_per_type: 1
-    files_dict:
-      QCD:
-      - \${data.data_dir}/test_20M/ZJetsToNuNu_*
-      Hbb:
-      - \${data.data_dir}/test_20M/HToBB_*
-      Hcc:
-      - \${data.data_dir}/test_20M/HToCC_*
-      Hgg:
-      - \${data.data_dir}/test_20M/HToGG_*
-      H4q:
-      - \${data.data_dir}/test_20M/HToWW4Q_*
-      Hqql:
-      - \${data.data_dir}/test_20M/HToWW2Q1L_*
-      Zqq:
-      - \${data.data_dir}/test_20M/ZToQQ_*
-      Wqq:
-      - \${data.data_dir}/test_20M/WToQQ_*
-      Tbqq:
-      - \${data.data_dir}/test_20M/TTBar_*
-      Tbl:
-      - \${data.data_dir}/test_20M/TTBarLep_*
-    n_files_at_once: 10
-    load_only_once: true
-    shuffle_only_once: true
-    n_jets_per_file: 20000
-  batch_size:
-    train: 500
-    val: 2000
-    test: 2000
-  data_dir: /srv/beegfs/scratch/groups/rodem/lumea/datasets/JetClass/Pythia
-  _target_: gabbro.data.iterable_dataset_jetclass.IterableDatamodule
-  dataset_kwargs_common:
-    pad_length: 128
-    labels_to_load:
-    - label_QCD
-    - label_Hbb
-    - label_Hcc
-    - label_Hgg
-    - label_H4q
-    - label_Hqql
-    - label_Zqq
-    - label_Wqq
-    - label_Tbqq
-    - label_Tbl
-    shuffle_particles: true
-    n_files_at_once: 10
-    load_only_once: false
-    feature_dict: \${feature_dict}
-    feature_dict_jet: null
-model:
-  _target_: gabbro.models.vqvae.VQVAELightning
-  model_type: VQVAETransformer
-  model_kwargs:
-    hidden_dim: 128
-    latent_dim: 8
-    num_blocks: 4
-    num_heads: 8
-    alpha: 10
-    vq_kwargs:
-      num_codes: 8192
-      beta: 0.9
-      kmeans_init: false
-      norm: null
-      cb_norm: null
-      affine_lr: 2
-      sync_nu: 1
-      replace_freq: 500
-      dim: -1
-    old_transformer_implementation: false
-    in_out_proj_cfg: null
-    latent_proj_cfg: null
-    input_features_dict: \${feature_dict}
-    causal_decoder: true
-    conditional_dim: 0
-    max_sequence_len: 128
-    transformer_cfg:
-      attn_cfg:
-        num_heads: \${model.model_kwargs.num_heads}
-        dropout_rate: 0.0
-        norm_before: true
-        norm_after: false
-      mlp_cfg:
-        expansion_factor: 4
-        dropout_rate: 0.0
-        norm_before: true
-        activation: GELU
-      residual_cfg:
-        gate_type: local
-        init_value: 1.0
-  optimizer:
-    _target_: gabbro.utils.optimizer.ranger.Ranger
-    _partial_: true
-    lr: 0.001
-    weight_decay: 0.01
-    betas:
-    - 0.95
-    - 0.999
-    eps: 1.0e-05
-  scheduler:
-    _target_: torch.optim.lr_scheduler.ConstantLR
-    _partial_: true
-    total_iters: 1
-    factor: 1
-  model_kwargs_loaded: null
-  scheduler_lightning_kwargs:
-    monitor: val_loss
-    interval: step
-    frequency: 1
-callbacks:
-  model_checkpoint:
-    _target_: gabbro.callbacks.checkpoint_callback.CustomModelCheckpoint
-    state_key: General-checkpoint-callback
-    dirpath: \${paths.output_dir}/checkpoints
-    filename: epoch_{epoch:03d}_loss_{val_loss:.5f}
-    monitor: val_loss
-    verbose: true
-    save_last: true
-    save_top_k: -1
-    mode: min
-    auto_insert_metric_name: false
-    save_weights_only: false
-    every_n_train_steps: null
-    train_time_interval: null
-    every_n_epochs: 1
-    save_on_train_epoch_end: false
-  model_summary:
-    _target_: lightning.pytorch.callbacks.RichModelSummary
-    max_depth: -1
-  lr_monitor:
-    _target_: lightning.pytorch.callbacks.LearningRateMonitor
-    logging_interval: step
-    log_momentum: false
-  tokenization_callback:
-    _target_: gabbro.callbacks.tokenization_callback.TokenizationEvalCallback
-feature_dict:
-  part_pt:
-    multiply_by: 1
-    subtract_by: 1.8
-    func: signed_log
-    inv_func: signed_exp
-  part_etarel:
-    multiply_by: 3
-  part_phirel:
-    multiply_by: 3
-logger:
-  comet:
-    _target_: lightning.pytorch.loggers.comet.CometLogger
-    api_key: \${oc.env:COMET_API_TOKEN}
-    save_dir: \${paths.output_dir}
-    project_name: \${project_name}
-    rest_api_key: null
-    experiment_key: 92e6f5ae2c514d2f87b6e4ab9839a42f
-    offline: false
-    prefix: ''
-    experiment_name: gpu024
-  csv:
-    _target_: lightning.pytorch.loggers.csv_logs.CSVLogger
-    save_dir: \${paths.output_dir}
-    name: csv/
-    prefix: ''
-  wandb:
-    project: \${project_name}
-    tags: \${tags}
-    name: gpu024
-trainer:
-  _target_: lightning.Trainer
-  default_root_dir: \${paths.output_dir}
-  min_epochs: 1
-  accelerator: gpu
-  devices: 1
-  num_nodes: 1
-  strategy: auto
-  enable_progress_bar: false
-  check_val_every_n_epoch: 1
-  deterministic: false
-  max_steps: 1000000
-  gradient_clip_val: 5
-  log_every_n_steps: 10
-  limit_train_batches: \${eval:'int(\${data.dataset_kwargs_train.n_files_at_once} *
-    \${data.dataset_kwargs_train.n_jets_per_file} / \${data.batch_size.train} / \${trainer.devices}
-    / \${trainer.num_nodes})'}
-  limit_val_batches: \${eval:'int(\${data.dataset_kwargs_val.n_files_at_once} * \${data.dataset_kwargs_val.n_jets_per_file}
-    / \${data.batch_size.val} / \${trainer.devices} / \${trainer.num_nodes})'}
-paths:
-  log_dir: \${oc.env:LOG_DIR}
-  output_dir: \${hydra:run.dir}
-  work_dir: \${hydra:runtime.cwd}
-extras:
-  ignore_warnings: false
-  enforce_tags: true
-  print_config: true
-load_weights_from: false
-load_weights_strict: false
-continue_from_checkpoint: null
-project_name: tokenization
-run_note: ''
diff --git a/trained/tokenization/runs/2026-07-06_17-37-13_gpu024_UnreflectiveSapper/config_resolved.yaml b/trained/tokenization/runs/2026-07-06_17-37-13_gpu024_UnreflectiveSapper/config_resolved.yaml
deleted file mode 100644
index 76329a0..0000000
--- a/trained/tokenization/runs/2026-07-06_17-37-13_gpu024_UnreflectiveSapper/config_resolved.yaml
+++ /dev/null
@@ -1,291 +0,0 @@
-task_name: tokenization
-tags:
-- vqvae_tokenization
-train: true
-test: true
-test_only_on_rank_zero: true
-ckpt_path: null
-seed: null
-ckpt_path_for_evaluation: null
-output_dir_resub: null
-dataset_size_id: null
-data:
-  dataset_kwargs_train:
-    logger_name: IterDataset-Train
-    shuffle_files: true
-    shuffle_data: true
-    seed: 42
-    max_n_files_per_type: null
-    n_jets_per_file: 100000
-    files_dict:
-      QCD:
-      - /srv/beegfs/scratch/groups/rodem/lumea/datasets/JetClass/Pythia/train_100M/ZJetsToNuNu_*
-      Hbb:
-      - /srv/beegfs/scratch/groups/rodem/lumea/datasets/JetClass/Pythia/train_100M/HToBB_*
-      Hcc:
-      - /srv/beegfs/scratch/groups/rodem/lumea/datasets/JetClass/Pythia/train_100M/HToCC_*
-      Hgg:
-      - /srv/beegfs/scratch/groups/rodem/lumea/datasets/JetClass/Pythia/train_100M/HToGG_*
-      H4q:
-      - /srv/beegfs/scratch/groups/rodem/lumea/datasets/JetClass/Pythia/train_100M/HToWW4Q_*
-      Hqql:
-      - /srv/beegfs/scratch/groups/rodem/lumea/datasets/JetClass/Pythia/train_100M/HToWW2Q1L_*
-      Zqq:
-      - /srv/beegfs/scratch/groups/rodem/lumea/datasets/JetClass/Pythia/train_100M/ZToQQ_*
-      Wqq:
-      - /srv/beegfs/scratch/groups/rodem/lumea/datasets/JetClass/Pythia/train_100M/WToQQ_*
-      Tbqq:
-      - /srv/beegfs/scratch/groups/rodem/lumea/datasets/JetClass/Pythia/train_100M/TTBar_*
-      Tbl:
-      - /srv/beegfs/scratch/groups/rodem/lumea/datasets/JetClass/Pythia/train_100M/TTBarLep_*
-    n_files_at_once: 10
-    load_only_once: false
-  dataset_kwargs_val:
-    logger_name: IterDataset-Validation
-    shuffle_files: false
-    shuffle_data: true
-    seed_shuffle_data: 42
-    max_n_files_per_type: 1
-    files_dict:
-      QCD:
-      - /srv/beegfs/scratch/groups/rodem/lumea/datasets/JetClass/Pythia/val_5M/ZJetsToNuNu_*
-      Hbb:
-      - /srv/beegfs/scratch/groups/rodem/lumea/datasets/JetClass/Pythia/val_5M/HToBB_*
-      Hcc:
-      - /srv/beegfs/scratch/groups/rodem/lumea/datasets/JetClass/Pythia/val_5M/HToCC_*
-      Hgg:
-      - /srv/beegfs/scratch/groups/rodem/lumea/datasets/JetClass/Pythia/val_5M/HToGG_*
-      H4q:
-      - /srv/beegfs/scratch/groups/rodem/lumea/datasets/JetClass/Pythia/val_5M/HToWW4Q_*
-      Hqql:
-      - /srv/beegfs/scratch/groups/rodem/lumea/datasets/JetClass/Pythia/val_5M/HToWW2Q1L_*
-      Zqq:
-      - /srv/beegfs/scratch/groups/rodem/lumea/datasets/JetClass/Pythia/val_5M/ZToQQ_*
-      Wqq:
-      - /srv/beegfs/scratch/groups/rodem/lumea/datasets/JetClass/Pythia/val_5M/WToQQ_*
-      Tbqq:
-      - /srv/beegfs/scratch/groups/rodem/lumea/datasets/JetClass/Pythia/val_5M/TTBar_*
-      Tbl:
-      - /srv/beegfs/scratch/groups/rodem/lumea/datasets/JetClass/Pythia/val_5M/TTBarLep_*
-    n_files_at_once: 10
-    load_only_once: true
-    shuffle_only_once: true
-    n_jets_per_file: 10000
-  dataset_kwargs_test:
-    logger_name: IterDataset-Test
-    shuffle_files: false
-    shuffle_data: true
-    seed_shuffle_data: 42
-    max_n_files_per_type: 1
-    files_dict:
-      QCD:
-      - /srv/beegfs/scratch/groups/rodem/lumea/datasets/JetClass/Pythia/test_20M/ZJetsToNuNu_*
-      Hbb:
-      - /srv/beegfs/scratch/groups/rodem/lumea/datasets/JetClass/Pythia/test_20M/HToBB_*
-      Hcc:
-      - /srv/beegfs/scratch/groups/rodem/lumea/datasets/JetClass/Pythia/test_20M/HToCC_*
-      Hgg:
-      - /srv/beegfs/scratch/groups/rodem/lumea/datasets/JetClass/Pythia/test_20M/HToGG_*
-      H4q:
-      - /srv/beegfs/scratch/groups/rodem/lumea/datasets/JetClass/Pythia/test_20M/HToWW4Q_*
-      Hqql:
-      - /srv/beegfs/scratch/groups/rodem/lumea/datasets/JetClass/Pythia/test_20M/HToWW2Q1L_*
-      Zqq:
-      - /srv/beegfs/scratch/groups/rodem/lumea/datasets/JetClass/Pythia/test_20M/ZToQQ_*
-      Wqq:
-      - /srv/beegfs/scratch/groups/rodem/lumea/datasets/JetClass/Pythia/test_20M/WToQQ_*
-      Tbqq:
-      - /srv/beegfs/scratch/groups/rodem/lumea/datasets/JetClass/Pythia/test_20M/TTBar_*
-      Tbl:
-      - /srv/beegfs/scratch/groups/rodem/lumea/datasets/JetClass/Pythia/test_20M/TTBarLep_*
-    n_files_at_once: 10
-    load_only_once: true
-    shuffle_only_once: true
-    n_jets_per_file: 20000
-  batch_size:
-    train: 500
-    val: 2000
-    test: 2000
-  data_dir: /srv/beegfs/scratch/groups/rodem/lumea/datasets/JetClass/Pythia
-  _target_: gabbro.data.iterable_dataset_jetclass.IterableDatamodule
-  dataset_kwargs_common:
-    pad_length: 128
-    labels_to_load:
-    - label_QCD
-    - label_Hbb
-    - label_Hcc
-    - label_Hgg
-    - label_H4q
-    - label_Hqql
-    - label_Zqq
-    - label_Wqq
-    - label_Tbqq
-    - label_Tbl
-    shuffle_particles: true
-    n_files_at_once: 10
-    load_only_once: false
-    feature_dict:
-      part_pt:
-        multiply_by: 1
-        subtract_by: 1.8
-        func: signed_log
-        inv_func: signed_exp
-      part_etarel:
-        multiply_by: 3
-      part_phirel:
-        multiply_by: 3
-    feature_dict_jet: null
-model:
-  _target_: gabbro.models.vqvae.VQVAELightning
-  model_type: VQVAETransformer
-  model_kwargs:
-    hidden_dim: 128
-    latent_dim: 8
-    num_blocks: 4
-    num_heads: 8
-    alpha: 10
-    vq_kwargs:
-      num_codes: 8192
-      beta: 0.9
-      kmeans_init: false
-      norm: null
-      cb_norm: null
-      affine_lr: 2
-      sync_nu: 1
-      replace_freq: 500
-      dim: -1
-    old_transformer_implementation: false
-    in_out_proj_cfg: null
-    latent_proj_cfg: null
-    input_features_dict:
-      part_pt:
-        multiply_by: 1
-        subtract_by: 1.8
-        func: signed_log
-        inv_func: signed_exp
-      part_etarel:
-        multiply_by: 3
-      part_phirel:
-        multiply_by: 3
-    causal_decoder: true
-    conditional_dim: 0
-    max_sequence_len: 128
-    transformer_cfg:
-      attn_cfg:
-        num_heads: 8
-        dropout_rate: 0.0
-        norm_before: true
-        norm_after: false
-      mlp_cfg:
-        expansion_factor: 4
-        dropout_rate: 0.0
-        norm_before: true
-        activation: GELU
-      residual_cfg:
-        gate_type: local
-        init_value: 1.0
-  optimizer:
-    _target_: gabbro.utils.optimizer.ranger.Ranger
-    _partial_: true
-    lr: 0.001
-    weight_decay: 0.01
-    betas:
-    - 0.95
-    - 0.999
-    eps: 1.0e-05
-  scheduler:
-    _target_: torch.optim.lr_scheduler.ConstantLR
-    _partial_: true
-    total_iters: 1
-    factor: 1
-  model_kwargs_loaded: null
-  scheduler_lightning_kwargs:
-    monitor: val_loss
-    interval: step
-    frequency: 1
-callbacks:
-  model_checkpoint:
-    _target_: gabbro.callbacks.checkpoint_callback.CustomModelCheckpoint
-    state_key: General-checkpoint-callback
-    dirpath: trained/tokenization/runs/2026-07-06_17-37-13_gpu024_UnreflectiveSapper/checkpoints
-    filename: epoch_{epoch:03d}_loss_{val_loss:.5f}
-    monitor: val_loss
-    verbose: true
-    save_last: true
-    save_top_k: -1
-    mode: min
-    auto_insert_metric_name: false
-    save_weights_only: false
-    every_n_train_steps: null
-    train_time_interval: null
-    every_n_epochs: 1
-    save_on_train_epoch_end: false
-  model_summary:
-    _target_: lightning.pytorch.callbacks.RichModelSummary
-    max_depth: -1
-  lr_monitor:
-    _target_: lightning.pytorch.callbacks.LearningRateMonitor
-    logging_interval: step
-    log_momentum: false
-  tokenization_callback:
-    _target_: gabbro.callbacks.tokenization_callback.TokenizationEvalCallback
-feature_dict:
-  part_pt:
-    multiply_by: 1
-    subtract_by: 1.8
-    func: signed_log
-    inv_func: signed_exp
-  part_etarel:
-    multiply_by: 3
-  part_phirel:
-    multiply_by: 3
-logger:
-  comet:
-    _target_: lightning.pytorch.loggers.comet.CometLogger
-    api_key: *********REDACTED*********
-    save_dir: trained/tokenization/runs/2026-07-06_17-37-13_gpu024_UnreflectiveSapper
-    project_name: tokenization
-    rest_api_key: null
-    experiment_key: 92e6f5ae2c514d2f87b6e4ab9839a42f
-    offline: false
-    prefix: ''
-    experiment_name: gpu024
-  csv:
-    _target_: lightning.pytorch.loggers.csv_logs.CSVLogger
-    save_dir: trained/tokenization/runs/2026-07-06_17-37-13_gpu024_UnreflectiveSapper
-    name: csv/
-    prefix: ''
-  wandb:
-    project: tokenization
-    tags:
-    - vqvae_tokenization
-    name: gpu024
-trainer:
-  _target_: lightning.Trainer
-  default_root_dir: trained/tokenization/runs/2026-07-06_17-37-13_gpu024_UnreflectiveSapper
-  min_epochs: 1
-  accelerator: gpu
-  devices: 1
-  num_nodes: 1
-  strategy: auto
-  enable_progress_bar: false
-  check_val_every_n_epoch: 1
-  deterministic: false
-  max_steps: 1000000
-  gradient_clip_val: 5
-  log_every_n_steps: 10
-  limit_train_batches: 2000
-  limit_val_batches: 50
-paths:
-  log_dir: trained
-  output_dir: trained/tokenization/runs/2026-07-06_17-37-13_gpu024_UnreflectiveSapper
-  work_dir: /home/users/w/wozniak/dev/enhancing-ntp4jets
-extras:
-  ignore_warnings: false
-  enforce_tags: true
-  print_config: true
-load_weights_from: false
-load_weights_strict: false
-continue_from_checkpoint: null
-project_name: tokenization
-run_note: ''
diff --git a/trained/tokenization/runs/2026-07-06_17-37-13_gpu024_UnreflectiveSapper/csv/version_0/hparams.yaml b/trained/tokenization/runs/2026-07-06_17-37-13_gpu024_UnreflectiveSapper/csv/version_0/hparams.yaml
deleted file mode 100644
index 574d12d..0000000
--- a/trained/tokenization/runs/2026-07-06_17-37-13_gpu024_UnreflectiveSapper/csv/version_0/hparams.yaml
+++ /dev/null
@@ -1,394 +0,0 @@
-model:
-  _target_: gabbro.models.vqvae.VQVAELightning
-  model_type: VQVAETransformer
-  model_kwargs:
-    hidden_dim: 128
-    latent_dim: 8
-    num_blocks: 4
-    num_heads: 8
-    alpha: 10
-    vq_kwargs:
-      num_codes: 8192
-      beta: 0.9
-      kmeans_init: false
-      norm: null
-      cb_norm: null
-      affine_lr: 2
-      sync_nu: 1
-      replace_freq: 500
-      dim: -1
-    old_transformer_implementation: false
-    in_out_proj_cfg: null
-    latent_proj_cfg: null
-    input_features_dict:
-      part_pt:
-        multiply_by: 1
-        subtract_by: 1.8
-        func: signed_log
-        inv_func: signed_exp
-      part_etarel:
-        multiply_by: 3
-      part_phirel:
-        multiply_by: 3
-    causal_decoder: true
-    conditional_dim: 0
-    max_sequence_len: 128
-    transformer_cfg:
-      attn_cfg:
-        num_heads: 8
-        dropout_rate: 0.0
-        norm_before: true
-        norm_after: false
-      mlp_cfg:
-        expansion_factor: 4
-        dropout_rate: 0.0
-        norm_before: true
-        activation: GELU
-      residual_cfg:
-        gate_type: local
-        init_value: 1.0
-  optimizer:
-    _target_: gabbro.utils.optimizer.ranger.Ranger
-    _partial_: true
-    lr: 0.001
-    weight_decay: 0.01
-    betas:
-    - 0.95
-    - 0.999
-    eps: 1.0e-05
-  scheduler:
-    _target_: torch.optim.lr_scheduler.ConstantLR
-    _partial_: true
-    total_iters: 1
-    factor: 1
-  model_kwargs_loaded: null
-  scheduler_lightning_kwargs:
-    monitor: val_loss
-    interval: step
-    frequency: 1
-model/params/total: 1656859
-model/params/trainable: 1656859
-model/params/non_trainable: 0
-data:
-  dataset_kwargs_train:
-    logger_name: IterDataset-Train
-    shuffle_files: true
-    shuffle_data: true
-    seed: 42
-    max_n_files_per_type: null
-    n_jets_per_file: 100000
-    files_dict:
-      QCD:
-      - /srv/beegfs/scratch/groups/rodem/lumea/datasets/JetClass/Pythia/train_100M/ZJetsToNuNu_*
-      Hbb:
-      - /srv/beegfs/scratch/groups/rodem/lumea/datasets/JetClass/Pythia/train_100M/HToBB_*
-      Hcc:
-      - /srv/beegfs/scratch/groups/rodem/lumea/datasets/JetClass/Pythia/train_100M/HToCC_*
-      Hgg:
-      - /srv/beegfs/scratch/groups/rodem/lumea/datasets/JetClass/Pythia/train_100M/HToGG_*
-      H4q:
-      - /srv/beegfs/scratch/groups/rodem/lumea/datasets/JetClass/Pythia/train_100M/HToWW4Q_*
-      Hqql:
-      - /srv/beegfs/scratch/groups/rodem/lumea/datasets/JetClass/Pythia/train_100M/HToWW2Q1L_*
-      Zqq:
-      - /srv/beegfs/scratch/groups/rodem/lumea/datasets/JetClass/Pythia/train_100M/ZToQQ_*
-      Wqq:
-      - /srv/beegfs/scratch/groups/rodem/lumea/datasets/JetClass/Pythia/train_100M/WToQQ_*
-      Tbqq:
-      - /srv/beegfs/scratch/groups/rodem/lumea/datasets/JetClass/Pythia/train_100M/TTBar_*
-      Tbl:
-      - /srv/beegfs/scratch/groups/rodem/lumea/datasets/JetClass/Pythia/train_100M/TTBarLep_*
-    n_files_at_once: 10
-    load_only_once: false
-  dataset_kwargs_val:
-    logger_name: IterDataset-Validation
-    shuffle_files: false
-    shuffle_data: true
-    seed_shuffle_data: 42
-    max_n_files_per_type: 1
-    files_dict:
-      QCD:
-      - /srv/beegfs/scratch/groups/rodem/lumea/datasets/JetClass/Pythia/val_5M/ZJetsToNuNu_*
-      Hbb:
-      - /srv/beegfs/scratch/groups/rodem/lumea/datasets/JetClass/Pythia/val_5M/HToBB_*
-      Hcc:
-      - /srv/beegfs/scratch/groups/rodem/lumea/datasets/JetClass/Pythia/val_5M/HToCC_*
-      Hgg:
-      - /srv/beegfs/scratch/groups/rodem/lumea/datasets/JetClass/Pythia/val_5M/HToGG_*
-      H4q:
-      - /srv/beegfs/scratch/groups/rodem/lumea/datasets/JetClass/Pythia/val_5M/HToWW4Q_*
-      Hqql:
-      - /srv/beegfs/scratch/groups/rodem/lumea/datasets/JetClass/Pythia/val_5M/HToWW2Q1L_*
-      Zqq:
-      - /srv/beegfs/scratch/groups/rodem/lumea/datasets/JetClass/Pythia/val_5M/ZToQQ_*
-      Wqq:
-      - /srv/beegfs/scratch/groups/rodem/lumea/datasets/JetClass/Pythia/val_5M/WToQQ_*
-      Tbqq:
-      - /srv/beegfs/scratch/groups/rodem/lumea/datasets/JetClass/Pythia/val_5M/TTBar_*
-      Tbl:
-      - /srv/beegfs/scratch/groups/rodem/lumea/datasets/JetClass/Pythia/val_5M/TTBarLep_*
-    n_files_at_once: 10
-    load_only_once: true
-    shuffle_only_once: true
-    n_jets_per_file: 10000
-  dataset_kwargs_test:
-    logger_name: IterDataset-Test
-    shuffle_files: false
-    shuffle_data: true
-    seed_shuffle_data: 42
-    max_n_files_per_type: 1
-    files_dict:
-      QCD:
-      - /srv/beegfs/scratch/groups/rodem/lumea/datasets/JetClass/Pythia/test_20M/ZJetsToNuNu_*
-      Hbb:
-      - /srv/beegfs/scratch/groups/rodem/lumea/datasets/JetClass/Pythia/test_20M/HToBB_*
-      Hcc:
-      - /srv/beegfs/scratch/groups/rodem/lumea/datasets/JetClass/Pythia/test_20M/HToCC_*
-      Hgg:
-      - /srv/beegfs/scratch/groups/rodem/lumea/datasets/JetClass/Pythia/test_20M/HToGG_*
-      H4q:
-      - /srv/beegfs/scratch/groups/rodem/lumea/datasets/JetClass/Pythia/test_20M/HToWW4Q_*
-      Hqql:
-      - /srv/beegfs/scratch/groups/rodem/lumea/datasets/JetClass/Pythia/test_20M/HToWW2Q1L_*
-      Zqq:
-      - /srv/beegfs/scratch/groups/rodem/lumea/datasets/JetClass/Pythia/test_20M/ZToQQ_*
-      Wqq:
-      - /srv/beegfs/scratch/groups/rodem/lumea/datasets/JetClass/Pythia/test_20M/WToQQ_*
-      Tbqq:
-      - /srv/beegfs/scratch/groups/rodem/lumea/datasets/JetClass/Pythia/test_20M/TTBar_*
-      Tbl:
-      - /srv/beegfs/scratch/groups/rodem/lumea/datasets/JetClass/Pythia/test_20M/TTBarLep_*
-    n_files_at_once: 10
-    load_only_once: true
-    shuffle_only_once: true
-    n_jets_per_file: 20000
-  batch_size:
-    train: 500
-    val: 2000
-    test: 2000
-  data_dir: /srv/beegfs/scratch/groups/rodem/lumea/datasets/JetClass/Pythia
-  _target_: gabbro.data.iterable_dataset_jetclass.IterableDatamodule
-  dataset_kwargs_common:
-    pad_length: 128
-    labels_to_load:
-    - label_QCD
-    - label_Hbb
-    - label_Hcc
-    - label_Hgg
-    - label_H4q
-    - label_Hqql
-    - label_Zqq
-    - label_Wqq
-    - label_Tbqq
-    - label_Tbl
-    shuffle_particles: true
-    n_files_at_once: 10
-    load_only_once: false
-    feature_dict:
-      part_pt:
-        multiply_by: 1
-        subtract_by: 1.8
-        func: signed_log
-        inv_func: signed_exp
-      part_etarel:
-        multiply_by: 3
-      part_phirel:
-        multiply_by: 3
-    feature_dict_jet: null
-trainer:
-  _target_: lightning.Trainer
-  default_root_dir: trained/tokenization/runs/2026-07-06_17-37-13_gpu024_UnreflectiveSapper
-  min_epochs: 1
-  accelerator: gpu
-  devices: 1
-  num_nodes: 1
-  strategy: auto
-  enable_progress_bar: false
-  check_val_every_n_epoch: 1
-  deterministic: false
-  max_steps: 1000000
-  gradient_clip_val: 5
-  log_every_n_steps: 10
-  limit_train_batches: 2000
-  limit_val_batches: 50
-callbacks:
-  model_checkpoint:
-    _target_: gabbro.callbacks.checkpoint_callback.CustomModelCheckpoint
-    state_key: General-checkpoint-callback
-    dirpath: trained/tokenization/runs/2026-07-06_17-37-13_gpu024_UnreflectiveSapper/checkpoints
-    filename: epoch_{epoch:03d}_loss_{val_loss:.5f}
-    monitor: val_loss
-    verbose: true
-    save_last: true
-    save_top_k: -1
-    mode: min
-    auto_insert_metric_name: false
-    save_weights_only: false
-    every_n_train_steps: null
-    train_time_interval: null
-    every_n_epochs: 1
-    save_on_train_epoch_end: false
-  model_summary:
-    _target_: lightning.pytorch.callbacks.RichModelSummary
-    max_depth: -1
-  lr_monitor:
-    _target_: lightning.pytorch.callbacks.LearningRateMonitor
-    logging_interval: step
-    log_momentum: false
-  tokenization_callback:
-    _target_: gabbro.callbacks.tokenization_callback.TokenizationEvalCallback
-extras:
-  ignore_warnings: false
-  enforce_tags: true
-  print_config: true
-task_name: tokenization
-tags:
-- vqvae_tokenization
-ckpt_path: null
-seed: null
-run_note: ''
-git:
-  git_hash: 82d9a8a849e978b40494963daef011f44ac9388a
-  git_status: "\n====================================================================================================\n\
-    ========== start git diff ==========\ndiff --git a/configs/experiment/example_experiment_tokenization_transformer.yaml\
-    \ b/configs/experiment/example_experiment_tokenization_transformer.yaml\nindex\
-    \ 5b6aad8..6c95122 100644\n--- a/configs/experiment/example_experiment_tokenization_transformer.yaml\n\
-    +++ b/configs/experiment/example_experiment_tokenization_transformer.yaml\n@@\
-    \ -26,7 +26,7 @@ run_note: \"\"\n seed: null\n \n data:\n-  data_dir: /srv/beegfs/scratch/groups/rodem/lumea/datasets/JetClass\n\
-    +  data_dir: /srv/beegfs/scratch/groups/rodem/lumea/datasets/JetClass/Pythia\n\
-    \   batch_size:\n     train: 500\n     val: 2000\n@@ -73,8 +73,6 @@ model:\n \
-    \    weight_decay: 1e-2\n     betas: [0.95, 0.999]\n     eps: 1e-5\n-    alpha:\
-    \ 0.5\n-    k: 6\n   # --- learning rate scheduler ---\n   scheduler:\n     _target_:\
-    \ torch.optim.lr_scheduler.ConstantLR\n\n========== end git diff ==========\n\
-    ====================================================================================================\n"
-  git_last_commit_message: fixing feature dict yaml name
-slurm:
-  job_id: '10133118'
-  log_file: null
-load_weights_from: false
-gpu_properties:
-  rank0: NVIDIA GeForce RTX 3080
-dataset_kwargs_train:
-  logger_name: IterDataset-Train
-  shuffle_files: true
-  shuffle_data: true
-  seed: 42
-  max_n_files_per_type: null
-  n_jets_per_file: 100000
-  files_dict:
-    QCD:
-    - /srv/beegfs/scratch/groups/rodem/lumea/datasets/JetClass/Pythia/train_100M/ZJetsToNuNu_*
-    Hbb:
-    - /srv/beegfs/scratch/groups/rodem/lumea/datasets/JetClass/Pythia/train_100M/HToBB_*
-    Hcc:
-    - /srv/beegfs/scratch/groups/rodem/lumea/datasets/JetClass/Pythia/train_100M/HToCC_*
-    Hgg:
-    - /srv/beegfs/scratch/groups/rodem/lumea/datasets/JetClass/Pythia/train_100M/HToGG_*
-    H4q:
-    - /srv/beegfs/scratch/groups/rodem/lumea/datasets/JetClass/Pythia/train_100M/HToWW4Q_*
-    Hqql:
-    - /srv/beegfs/scratch/groups/rodem/lumea/datasets/JetClass/Pythia/train_100M/HToWW2Q1L_*
-    Zqq:
-    - /srv/beegfs/scratch/groups/rodem/lumea/datasets/JetClass/Pythia/train_100M/ZToQQ_*
-    Wqq:
-    - /srv/beegfs/scratch/groups/rodem/lumea/datasets/JetClass/Pythia/train_100M/WToQQ_*
-    Tbqq:
-    - /srv/beegfs/scratch/groups/rodem/lumea/datasets/JetClass/Pythia/train_100M/TTBar_*
-    Tbl:
-    - /srv/beegfs/scratch/groups/rodem/lumea/datasets/JetClass/Pythia/train_100M/TTBarLep_*
-  n_files_at_once: 10
-  load_only_once: false
-dataset_kwargs_val:
-  logger_name: IterDataset-Validation
-  shuffle_files: false
-  shuffle_data: true
-  seed_shuffle_data: 42
-  max_n_files_per_type: 1
-  files_dict:
-    QCD:
-    - /srv/beegfs/scratch/groups/rodem/lumea/datasets/JetClass/Pythia/val_5M/ZJetsToNuNu_*
-    Hbb:
-    - /srv/beegfs/scratch/groups/rodem/lumea/datasets/JetClass/Pythia/val_5M/HToBB_*
-    Hcc:
-    - /srv/beegfs/scratch/groups/rodem/lumea/datasets/JetClass/Pythia/val_5M/HToCC_*
-    Hgg:
-    - /srv/beegfs/scratch/groups/rodem/lumea/datasets/JetClass/Pythia/val_5M/HToGG_*
-    H4q:
-    - /srv/beegfs/scratch/groups/rodem/lumea/datasets/JetClass/Pythia/val_5M/HToWW4Q_*
-    Hqql:
-    - /srv/beegfs/scratch/groups/rodem/lumea/datasets/JetClass/Pythia/val_5M/HToWW2Q1L_*
-    Zqq:
-    - /srv/beegfs/scratch/groups/rodem/lumea/datasets/JetClass/Pythia/val_5M/ZToQQ_*
-    Wqq:
-    - /srv/beegfs/scratch/groups/rodem/lumea/datasets/JetClass/Pythia/val_5M/WToQQ_*
-    Tbqq:
-    - /srv/beegfs/scratch/groups/rodem/lumea/datasets/JetClass/Pythia/val_5M/TTBar_*
-    Tbl:
-    - /srv/beegfs/scratch/groups/rodem/lumea/datasets/JetClass/Pythia/val_5M/TTBarLep_*
-  n_files_at_once: 10
-  load_only_once: true
-  shuffle_only_once: true
-  n_jets_per_file: 10000
-dataset_kwargs_test:
-  logger_name: IterDataset-Test
-  shuffle_files: false
-  shuffle_data: true
-  seed_shuffle_data: 42
-  max_n_files_per_type: 1
-  files_dict:
-    QCD:
-    - /srv/beegfs/scratch/groups/rodem/lumea/datasets/JetClass/Pythia/test_20M/ZJetsToNuNu_*
-    Hbb:
-    - /srv/beegfs/scratch/groups/rodem/lumea/datasets/JetClass/Pythia/test_20M/HToBB_*
-    Hcc:
-    - /srv/beegfs/scratch/groups/rodem/lumea/datasets/JetClass/Pythia/test_20M/HToCC_*
-    Hgg:
-    - /srv/beegfs/scratch/groups/rodem/lumea/datasets/JetClass/Pythia/test_20M/HToGG_*
-    H4q:
-    - /srv/beegfs/scratch/groups/rodem/lumea/datasets/JetClass/Pythia/test_20M/HToWW4Q_*
-    Hqql:
-    - /srv/beegfs/scratch/groups/rodem/lumea/datasets/JetClass/Pythia/test_20M/HToWW2Q1L_*
-    Zqq:
-    - /srv/beegfs/scratch/groups/rodem/lumea/datasets/JetClass/Pythia/test_20M/ZToQQ_*
-    Wqq:
-    - /srv/beegfs/scratch/groups/rodem/lumea/datasets/JetClass/Pythia/test_20M/WToQQ_*
-    Tbqq:
-    - /srv/beegfs/scratch/groups/rodem/lumea/datasets/JetClass/Pythia/test_20M/TTBar_*
-    Tbl:
-    - /srv/beegfs/scratch/groups/rodem/lumea/datasets/JetClass/Pythia/test_20M/TTBarLep_*
-  n_files_at_once: 10
-  load_only_once: true
-  shuffle_only_once: true
-  n_jets_per_file: 20000
-dataset_kwargs_common:
-  pad_length: 128
-  labels_to_load:
-  - label_QCD
-  - label_Hbb
-  - label_Hcc
-  - label_Hgg
-  - label_H4q
-  - label_Hqql
-  - label_Zqq
-  - label_Wqq
-  - label_Tbqq
-  - label_Tbl
-  shuffle_particles: true
-  n_files_at_once: 10
-  load_only_once: false
-  feature_dict:
-    part_pt:
-      multiply_by: 1
-      subtract_by: 1.8
-      func: signed_log
-      inv_func: signed_exp
-    part_etarel:
-      multiply_by: 3
-    part_phirel:
-      multiply_by: 3
-  feature_dict_jet: null
-batch_size:
-  train: 500
-  val: 2000
-  test: 2000
-data_dir: /srv/beegfs/scratch/groups/rodem/lumea/datasets/JetClass/Pythia
diff --git a/trained/tokenization/runs/2026-07-06_17-37-13_gpu024_UnreflectiveSapper/untrained_model_state_dict.ckpt b/trained/tokenization/runs/2026-07-06_17-37-13_gpu024_UnreflectiveSapper/untrained_model_state_dict.ckpt
deleted file mode 100644
index b1c1083..0000000
Binary files a/trained/tokenization/runs/2026-07-06_17-37-13_gpu024_UnreflectiveSapper/untrained_model_state_dict.ckpt and /dev/null differ

========== end git diff ==========
====================================================================================================
'
[2026-07-08 10:24:43,496][gpu050|rank:unknown|__main__][INFO] - Saving config to trained/tokenization/runs/2026-07-08_10-24-27_gpu050_NecroticCrematory/config.yaml
[2026-07-08 10:24:43,507][gpu050|rank:unknown|__main__][INFO] - Saving resolved config to trained/tokenization/runs/2026-07-08_10-24-27_gpu050_NecroticCrematory/config_resolved.yaml
[2026-07-08 10:24:43,528][gpu050|rank:unknown|__main__][INFO] - ------------------
[2026-07-08 10:24:43,529][gpu050|rank:unknown|__main__][INFO] - Starting training!
[2026-07-08 10:24:43,530][gpu050|rank:unknown|__main__][INFO] - ------------------
[2026-07-08 10:24:43,530][gpu050|rank:unknown|__main__][INFO] - Global rank: 0
[2026-07-08 10:24:43,549][gpu050|rank:unknown|__main__][INFO] - Saved untrained model state dict to trained/tokenization/runs/2026-07-08_10-24-27_gpu050_NecroticCrematory/untrained_model_state_dict.ckpt
[2026-07-08 10:24:43,552][gpu050|rank:unknown|gabbro.data.iterable_dataset_jetclass-IterDataset-Train][INFO] - Logger set up (potentially with new rank information).
[2026-07-08 10:24:43,553][gpu050|rank:unknown|gabbro.data.iterable_dataset_jetclass-IterDataset-Train][INFO] - ['num_gpus=1', 'process_rank=0', 'world_size=1', 'device=cuda:0', 'worker_id=0', 'num_workers=1']
[2026-07-08 10:24:43,554][gpu050|rank:unknown|gabbro.data.iterable_dataset_jetclass-IterDataset-Train][INFO] - Using seed 42
[2026-07-08 10:24:43,554][gpu050|rank:unknown|gabbro.data.iterable_dataset_jetclass-IterDataset-Train][INFO] - Using the following labels: ['label_QCD', 'label_Hbb', 'label_Hcc', 'label_Hgg', 'label_H4q', 'label_Hqql', 'label_Zqq', 'label_Wqq', 'label_Tbqq', 'label_Tbl']
[2026-07-08 10:24:43,555][gpu050|rank:unknown|gabbro.data.iterable_dataset_jetclass-IterDataset-Train][INFO] - Using the following particle features: ['part_pt', 'part_etarel', 'part_phirel']
[2026-07-08 10:24:43,555][gpu050|rank:unknown|gabbro.data.iterable_dataset_jetclass-IterDataset-Train][INFO] - Using the following jet features: None
[2026-07-08 10:24:43,556][gpu050|rank:unknown|gabbro.data.iterable_dataset_jetclass-IterDataset-Train][INFO] - pad_length 128 for the number of particles per jet.
[2026-07-08 10:24:43,557][gpu050|rank:unknown|gabbro.data.iterable_dataset_jetclass-IterDataset-Train][INFO] - Using the following jet features: None
[2026-07-08 10:24:43,557][gpu050|rank:unknown|gabbro.data.iterable_dataset_jetclass-IterDataset-Train][INFO] - shuffle_data=True
[2026-07-08 10:24:43,558][gpu050|rank:unknown|gabbro.data.iterable_dataset_jetclass-IterDataset-Train][INFO] - shuffle_files=True
[2026-07-08 10:24:43,558][gpu050|rank:unknown|gabbro.data.iterable_dataset_jetclass-IterDataset-Train][INFO] - Number of jets loaded per file: 100000
[2026-07-08 10:24:43,559][gpu050|rank:unknown|gabbro.data.iterable_dataset_jetclass-IterDataset-Train][INFO] - Using the following particle features:
[2026-07-08 10:24:43,560][gpu050|rank:unknown|gabbro.data.iterable_dataset_jetclass-IterDataset-Train][INFO] - - part_pt: {'multiply_by': 1, 'subtract_by': 1.8, 'func': 'signed_log', 'inv_func': 'signed_exp'}
[2026-07-08 10:24:43,561][gpu050|rank:unknown|gabbro.data.iterable_dataset_jetclass-IterDataset-Train][INFO] - - part_etarel: {'multiply_by': 3}
[2026-07-08 10:24:43,561][gpu050|rank:unknown|gabbro.data.iterable_dataset_jetclass-IterDataset-Train][INFO] - - part_phirel: {'multiply_by': 3}
[2026-07-08 10:24:43,602][gpu050|rank:unknown|gabbro.data.iterable_dataset_jetclass-IterDataset-Train][INFO] - Files for jet_type QCD:
[2026-07-08 10:24:43,603][gpu050|rank:unknown|gabbro.data.iterable_dataset_jetclass-IterDataset-Train][INFO] -  - /srv/beegfs/scratch/groups/rodem/lumea/datasets/JetClass/Pythia/train_100M/ZJetsToNuNu_000.root
[2026-07-08 10:24:43,603][gpu050|rank:unknown|gabbro.data.iterable_dataset_jetclass-IterDataset-Train][INFO] -  - /srv/beegfs/scratch/groups/rodem/lumea/datasets/JetClass/Pythia/train_100M/ZJetsToNuNu_001.root
[2026-07-08 10:24:43,604][gpu050|rank:unknown|gabbro.data.iterable_dataset_jetclass-IterDataset-Train][INFO] -  - /srv/beegfs/scratch/groups/rodem/lumea/datasets/JetClass/Pythia/train_100M/ZJetsToNuNu_002.root
[2026-07-08 10:24:43,605][gpu050|rank:unknown|gabbro.data.iterable_dataset_jetclass-IterDataset-Train][INFO] -  - /srv/beegfs/scratch/groups/rodem/lumea/datasets/JetClass/Pythia/train_100M/ZJetsToNuNu_003.root
[2026-07-08 10:24:43,605][gpu050|rank:unknown|gabbro.data.iterable_dataset_jetclass-IterDataset-Train][INFO] -  - /srv/beegfs/scratch/groups/rodem/lumea/datasets/JetClass/Pythia/train_100M/ZJetsToNuNu_004.root
[2026-07-08 10:24:43,606][gpu050|rank:unknown|gabbro.data.iterable_dataset_jetclass-IterDataset-Train][INFO] -  - /srv/beegfs/scratch/groups/rodem/lumea/datasets/JetClass/Pythia/train_100M/ZJetsToNuNu_005.root
[2026-07-08 10:24:43,606][gpu050|rank:unknown|gabbro.data.iterable_dataset_jetclass-IterDataset-Train][INFO] -  - /srv/beegfs/scratch/groups/rodem/lumea/datasets/JetClass/Pythia/train_100M/ZJetsToNuNu_006.root
[2026-07-08 10:24:43,607][gpu050|rank:unknown|gabbro.data.iterable_dataset_jetclass-IterDataset-Train][INFO] -  - /srv/beegfs/scratch/groups/rodem/lumea/datasets/JetClass/Pythia/train_100M/ZJetsToNuNu_007.root
[2026-07-08 10:24:43,608][gpu050|rank:unknown|gabbro.data.iterable_dataset_jetclass-IterDataset-Train][INFO] -  - /srv/beegfs/scratch/groups/rodem/lumea/datasets/JetClass/Pythia/train_100M/ZJetsToNuNu_008.root
[2026-07-08 10:24:43,609][gpu050|rank:unknown|gabbro.data.iterable_dataset_jetclass-IterDataset-Train][INFO] -  - /srv/beegfs/scratch/groups/rodem/lumea/datasets/JetClass/Pythia/train_100M/ZJetsToNuNu_009.root
[2026-07-08 10:24:43,609][gpu050|rank:unknown|gabbro.data.iterable_dataset_jetclass-IterDataset-Train][INFO] -  - /srv/beegfs/scratch/groups/rodem/lumea/datasets/JetClass/Pythia/train_100M/ZJetsToNuNu_010.root
[2026-07-08 10:24:43,610][gpu050|rank:unknown|gabbro.data.iterable_dataset_jetclass-IterDataset-Train][INFO] -  - /srv/beegfs/scratch/groups/rodem/lumea/datasets/JetClass/Pythia/train_100M/ZJetsToNuNu_011.root
[2026-07-08 10:24:43,611][gpu050|rank:unknown|gabbro.data.iterable_dataset_jetclass-IterDataset-Train][INFO] -  - /srv/beegfs/scratch/groups/rodem/lumea/datasets/JetClass/Pythia/train_100M/ZJetsToNuNu_012.root
[2026-07-08 10:24:43,611][gpu050|rank:unknown|gabbro.data.iterable_dataset_jetclass-IterDataset-Train][INFO] -  - /srv/beegfs/scratch/groups/rodem/lumea/datasets/JetClass/Pythia/train_100M/ZJetsToNuNu_013.root
[2026-07-08 10:24:43,612][gpu050|rank:unknown|gabbro.data.iterable_dataset_jetclass-IterDataset-Train][INFO] -  - /srv/beegfs/scratch/groups/rodem/lumea/datasets/JetClass/Pythia/train_100M/ZJetsToNuNu_014.root
[2026-07-08 10:24:43,612][gpu050|rank:unknown|gabbro.data.iterable_dataset_jetclass-IterDataset-Train][INFO] -  - /srv/beegfs/scratch/groups/rodem/lumea/datasets/JetClass/Pythia/train_100M/ZJetsToNuNu_015.root
[2026-07-08 10:24:43,613][gpu050|rank:unknown|gabbro.data.iterable_dataset_jetclass-IterDataset-Train][INFO] -  - /srv/beegfs/scratch/groups/rodem/lumea/datasets/JetClass/Pythia/train_100M/ZJetsToNuNu_016.root
[2026-07-08 10:24:43,614][gpu050|rank:unknown|gabbro.data.iterable_dataset_jetclass-IterDataset-Train][INFO] -  - /srv/beegfs/scratch/groups/rodem/lumea/datasets/JetClass/Pythia/train_100M/ZJetsToNuNu_017.root
[2026-07-08 10:24:43,615][gpu050|rank:unknown|gabbro.data.iterable_dataset_jetclass-IterDataset-Train][INFO] -  - /srv/beegfs/scratch/groups/rodem/lumea/datasets/JetClass/Pythia/train_100M/ZJetsToNuNu_018.root
[2026-07-08 10:24:43,616][gpu050|rank:unknown|gabbro.data.iterable_dataset_jetclass-IterDataset-Train][INFO] -  - /srv/beegfs/scratch/groups/rodem/lumea/datasets/JetClass/Pythia/train_100M/ZJetsToNuNu_019.root
[2026-07-08 10:24:43,617][gpu050|rank:unknown|gabbro.data.iterable_dataset_jetclass-IterDataset-Train][INFO] -  - /srv/beegfs/scratch/groups/rodem/lumea/datasets/JetClass/Pythia/train_100M/ZJetsToNuNu_020.root
[2026-07-08 10:24:43,617][gpu050|rank:unknown|gabbro.data.iterable_dataset_jetclass-IterDataset-Train][INFO] -  - /srv/beegfs/scratch/groups/rodem/lumea/datasets/JetClass/Pythia/train_100M/ZJetsToNuNu_021.root
[2026-07-08 10:24:43,618][gpu050|rank:unknown|gabbro.data.iterable_dataset_jetclass-IterDataset-Train][INFO] -  - /srv/beegfs/scratch/groups/rodem/lumea/datasets/JetClass/Pythia/train_100M/ZJetsToNuNu_022.root
[2026-07-08 10:24:43,618][gpu050|rank:unknown|gabbro.data.iterable_dataset_jetclass-IterDataset-Train][INFO] -  - /srv/beegfs/scratch/groups/rodem/lumea/datasets/JetClass/Pythia/train_100M/ZJetsToNuNu_023.root
[2026-07-08 10:24:43,619][gpu050|rank:unknown|gabbro.data.iterable_dataset_jetclass-IterDataset-Train][INFO] -  - /srv/beegfs/scratch/groups/rodem/lumea/datasets/JetClass/Pythia/train_100M/ZJetsToNuNu_024.root
[2026-07-08 10:24:43,620][gpu050|rank:unknown|gabbro.data.iterable_dataset_jetclass-IterDataset-Train][INFO] -  - /srv/beegfs/scratch/groups/rodem/lumea/datasets/JetClass/Pythia/train_100M/ZJetsToNuNu_025.root
[2026-07-08 10:24:43,620][gpu050|rank:unknown|gabbro.data.iterable_dataset_jetclass-IterDataset-Train][INFO] -  - /srv/beegfs/scratch/groups/rodem/lumea/datasets/JetClass/Pythia/train_100M/ZJetsToNuNu_026.root
[2026-07-08 10:24:43,621][gpu050|rank:unknown|gabbro.data.iterable_dataset_jetclass-IterDataset-Train][INFO] -  - /srv/beegfs/scratch/groups/rodem/lumea/datasets/JetClass/Pythia/train_100M/ZJetsToNuNu_027.root
[2026-07-08 10:24:43,622][gpu050|rank:unknown|gabbro.data.iterable_dataset_jetclass-IterDataset-Train][INFO] -  - /srv/beegfs/scratch/groups/rodem/lumea/datasets/JetClass/Pythia/train_100M/ZJetsToNuNu_028.root
[2026-07-08 10:24:43,622][gpu050|rank:unknown|gabbro.data.iterable_dataset_jetclass-IterDataset-Train][INFO] -  - /srv/beegfs/scratch/groups/rodem/lumea/datasets/JetClass/Pythia/train_100M/ZJetsToNuNu_029.root
[2026-07-08 10:24:43,623][gpu050|rank:unknown|gabbro.data.iterable_dataset_jetclass-IterDataset-Train][INFO] -  - /srv/beegfs/scratch/groups/rodem/lumea/datasets/JetClass/Pythia/train_100M/ZJetsToNuNu_030.root
[2026-07-08 10:24:43,623][gpu050|rank:unknown|gabbro.data.iterable_dataset_jetclass-IterDataset-Train][INFO] -  - /srv/beegfs/scratch/groups/rodem/lumea/datasets/JetClass/Pythia/train_100M/ZJetsToNuNu_031.root
[2026-07-08 10:24:43,624][gpu050|rank:unknown|gabbro.data.iterable_dataset_jetclass-IterDataset-Train][INFO] -  - /srv/beegfs/scratch/groups/rodem/lumea/datasets/JetClass/Pythia/train_100M/ZJetsToNuNu_032.root
[2026-07-08 10:24:43,624][gpu050|rank:unknown|gabbro.data.iterable_dataset_jetclass-IterDataset-Train][INFO] -  - /srv/beegfs/scratch/groups/rodem/lumea/datasets/JetClass/Pythia/train_100M/ZJetsToNuNu_033.root
[2026-07-08 10:24:43,625][gpu050|rank:unknown|gabbro.data.iterable_dataset_jetclass-IterDataset-Train][INFO] -  - /srv/beegfs/scratch/groups/rodem/lumea/datasets/JetClass/Pythia/train_100M/ZJetsToNuNu_034.root
[2026-07-08 10:24:43,626][gpu050|rank:unknown|gabbro.data.iterable_dataset_jetclass-IterDataset-Train][INFO] -  - /srv/beegfs/scratch/groups/rodem/lumea/datasets/JetClass/Pythia/train_100M/ZJetsToNuNu_035.root
[2026-07-08 10:24:43,627][gpu050|rank:unknown|gabbro.data.iterable_dataset_jetclass-IterDataset-Train][INFO] -  - /srv/beegfs/scratch/groups/rodem/lumea/datasets/JetClass/Pythia/train_100M/ZJetsToNuNu_036.root
[2026-07-08 10:24:43,627][gpu050|rank:unknown|gabbro.data.iterable_dataset_jetclass-IterDataset-Train][INFO] -  - /srv/beegfs/scratch/groups/rodem/lumea/datasets/JetClass/Pythia/train_100M/ZJetsToNuNu_037.root
[2026-07-08 10:24:43,628][gpu050|rank:unknown|gabbro.data.iterable_dataset_jetclass-IterDataset-Train][INFO] -  - /srv/beegfs/scratch/groups/rodem/lumea/datasets/JetClass/Pythia/train_100M/ZJetsToNuNu_038.root
[2026-07-08 10:24:43,628][gpu050|rank:unknown|gabbro.data.iterable_dataset_jetclass-IterDataset-Train][INFO] -  - /srv/beegfs/scratch/groups/rodem/lumea/datasets/JetClass/Pythia/train_100M/ZJetsToNuNu_039.root
[2026-07-08 10:24:43,629][gpu050|rank:unknown|gabbro.data.iterable_dataset_jetclass-IterDataset-Train][INFO] -  - /srv/beegfs/scratch/groups/rodem/lumea/datasets/JetClass/Pythia/train_100M/ZJetsToNuNu_040.root
[2026-07-08 10:24:43,630][gpu050|rank:unknown|gabbro.data.iterable_dataset_jetclass-IterDataset-Train][INFO] -  - /srv/beegfs/scratch/groups/rodem/lumea/datasets/JetClass/Pythia/train_100M/ZJetsToNuNu_041.root
[2026-07-08 10:24:43,630][gpu050|rank:unknown|gabbro.data.iterable_dataset_jetclass-IterDataset-Train][INFO] -  - /srv/beegfs/scratch/groups/rodem/lumea/datasets/JetClass/Pythia/train_100M/ZJetsToNuNu_042.root
[2026-07-08 10:24:43,631][gpu050|rank:unknown|gabbro.data.iterable_dataset_jetclass-IterDataset-Train][INFO] -  - /srv/beegfs/scratch/groups/rodem/lumea/datasets/JetClass/Pythia/train_100M/ZJetsToNuNu_043.root
[2026-07-08 10:24:43,632][gpu050|rank:unknown|gabbro.data.iterable_dataset_jetclass-IterDataset-Train][INFO] -  - /srv/beegfs/scratch/groups/rodem/lumea/datasets/JetClass/Pythia/train_100M/ZJetsToNuNu_044.root
[2026-07-08 10:24:43,633][gpu050|rank:unknown|gabbro.data.iterable_dataset_jetclass-IterDataset-Train][INFO] -  - /srv/beegfs/scratch/groups/rodem/lumea/datasets/JetClass/Pythia/train_100M/ZJetsToNuNu_045.root
[2026-07-08 10:24:43,633][gpu050|rank:unknown|gabbro.data.iterable_dataset_jetclass-IterDataset-Train][INFO] -  - /srv/beegfs/scratch/groups/rodem/lumea/datasets/JetClass/Pythia/train_100M/ZJetsToNuNu_046.root
[2026-07-08 10:24:43,634][gpu050|rank:unknown|gabbro.data.iterable_dataset_jetclass-IterDataset-Train][INFO] -  - /srv/beegfs/scratch/groups/rodem/lumea/datasets/JetClass/Pythia/train_100M/ZJetsToNuNu_047.root
[2026-07-08 10:24:43,634][gpu050|rank:unknown|gabbro.data.iterable_dataset_jetclass-IterDataset-Train][INFO] -  - /srv/beegfs/scratch/groups/rodem/lumea/datasets/JetClass/Pythia/train_100M/ZJetsToNuNu_048.root
[2026-07-08 10:24:43,635][gpu050|rank:unknown|gabbro.data.iterable_dataset_jetclass-IterDataset-Train][INFO] -  - /srv/beegfs/scratch/groups/rodem/lumea/datasets/JetClass/Pythia/train_100M/ZJetsToNuNu_049.root
[2026-07-08 10:24:43,635][gpu050|rank:unknown|gabbro.data.iterable_dataset_jetclass-IterDataset-Train][INFO] -  - /srv/beegfs/scratch/groups/rodem/lumea/datasets/JetClass/Pythia/train_100M/ZJetsToNuNu_050.root
[2026-07-08 10:24:43,636][gpu050|rank:unknown|gabbro.data.iterable_dataset_jetclass-IterDataset-Train][INFO] -  - /srv/beegfs/scratch/groups/rodem/lumea/datasets/JetClass/Pythia/train_100M/ZJetsToNuNu_051.root
[2026-07-08 10:24:43,637][gpu050|rank:unknown|gabbro.data.iterable_dataset_jetclass-IterDataset-Train][INFO] -  - /srv/beegfs/scratch/groups/rodem/lumea/datasets/JetClass/Pythia/train_100M/ZJetsToNuNu_052.root
[2026-07-08 10:24:43,638][gpu050|rank:unknown|gabbro.data.iterable_dataset_jetclass-IterDataset-Train][INFO] -  - /srv/beegfs/scratch/groups/rodem/lumea/datasets/JetClass/Pythia/train_100M/ZJetsToNuNu_053.root
[2026-07-08 10:24:43,638][gpu050|rank:unknown|gabbro.data.iterable_dataset_jetclass-IterDataset-Train][INFO] -  - /srv/beegfs/scratch/groups/rodem/lumea/datasets/JetClass/Pythia/train_100M/ZJetsToNuNu_054.root
[2026-07-08 10:24:43,639][gpu050|rank:unknown|gabbro.data.iterable_dataset_jetclass-IterDataset-Train][INFO] -  - /srv/beegfs/scratch/groups/rodem/lumea/datasets/JetClass/Pythia/train_100M/ZJetsToNuNu_055.root
[2026-07-08 10:24:43,639][gpu050|rank:unknown|gabbro.data.iterable_dataset_jetclass-IterDataset-Train][INFO] -  - /srv/beegfs/scratch/groups/rodem/lumea/datasets/JetClass/Pythia/train_100M/ZJetsToNuNu_056.root
[2026-07-08 10:24:43,640][gpu050|rank:unknown|gabbro.data.iterable_dataset_jetclass-IterDataset-Train][INFO] -  - /srv/beegfs/scratch/groups/rodem/lumea/datasets/JetClass/Pythia/train_100M/ZJetsToNuNu_057.root
[2026-07-08 10:24:43,641][gpu050|rank:unknown|gabbro.data.iterable_dataset_jetclass-IterDataset-Train][INFO] -  - /srv/beegfs/scratch/groups/rodem/lumea/datasets/JetClass/Pythia/train_100M/ZJetsToNuNu_058.root
[2026-07-08 10:24:43,642][gpu050|rank:unknown|gabbro.data.iterable_dataset_jetclass-IterDataset-Train][INFO] -  - /srv/beegfs/scratch/groups/rodem/lumea/datasets/JetClass/Pythia/train_100M/ZJetsToNuNu_059.root
[2026-07-08 10:24:43,643][gpu050|rank:unknown|gabbro.data.iterable_dataset_jetclass-IterDataset-Train][INFO] -  - /srv/beegfs/scratch/groups/rodem/lumea/datasets/JetClass/Pythia/train_100M/ZJetsToNuNu_060.root
[2026-07-08 10:24:43,643][gpu050|rank:unknown|gabbro.data.iterable_dataset_jetclass-IterDataset-Train][INFO] -  - /srv/beegfs/scratch/groups/rodem/lumea/datasets/JetClass/Pythia/train_100M/ZJetsToNuNu_061.root
[2026-07-08 10:24:43,644][gpu050|rank:unknown|gabbro.data.iterable_dataset_jetclass-IterDataset-Train][INFO] -  - /srv/beegfs/scratch/groups/rodem/lumea/datasets/JetClass/Pythia/train_100M/ZJetsToNuNu_062.root
[2026-07-08 10:24:43,645][gpu050|rank:unknown|gabbro.data.iterable_dataset_jetclass-IterDataset-Train][INFO] -  - /srv/beegfs/scratch/groups/rodem/lumea/datasets/JetClass/Pythia/train_100M/ZJetsToNuNu_063.root
[2026-07-08 10:24:43,645][gpu050|rank:unknown|gabbro.data.iterable_dataset_jetclass-IterDataset-Train][INFO] -  - /srv/beegfs/scratch/groups/rodem/lumea/datasets/JetClass/Pythia/train_100M/ZJetsToNuNu_064.root
[2026-07-08 10:24:43,646][gpu050|rank:unknown|gabbro.data.iterable_dataset_jetclass-IterDataset-Train][INFO] -  - /srv/beegfs/scratch/groups/rodem/lumea/datasets/JetClass/Pythia/train_100M/ZJetsToNuNu_065.root
[2026-07-08 10:24:43,646][gpu050|rank:unknown|gabbro.data.iterable_dataset_jetclass-IterDataset-Train][INFO] -  - /srv/beegfs/scratch/groups/rodem/lumea/datasets/JetClass/Pythia/train_100M/ZJetsToNuNu_066.root
[2026-07-08 10:24:43,647][gpu050|rank:unknown|gabbro.data.iterable_dataset_jetclass-IterDataset-Train][INFO] -  - /srv/beegfs/scratch/groups/rodem/lumea/datasets/JetClass/Pythia/train_100M/ZJetsToNuNu_067.root
[2026-07-08 10:24:43,647][gpu050|rank:unknown|gabbro.data.iterable_dataset_jetclass-IterDataset-Train][INFO] -  - /srv/beegfs/scratch/groups/rodem/lumea/datasets/JetClass/Pythia/train_100M/ZJetsToNuNu_068.root
[2026-07-08 10:24:43,648][gpu050|rank:unknown|gabbro.data.iterable_dataset_jetclass-IterDataset-Train][INFO] -  - /srv/beegfs/scratch/groups/rodem/lumea/datasets/JetClass/Pythia/train_100M/ZJetsToNuNu_069.root
[2026-07-08 10:24:43,649][gpu050|rank:unknown|gabbro.data.iterable_dataset_jetclass-IterDataset-Train][INFO] -  - /srv/beegfs/scratch/groups/rodem/lumea/datasets/JetClass/Pythia/train_100M/ZJetsToNuNu_070.root
[2026-07-08 10:24:43,649][gpu050|rank:unknown|gabbro.data.iterable_dataset_jetclass-IterDataset-Train][INFO] -  - /srv/beegfs/scratch/groups/rodem/lumea/datasets/JetClass/Pythia/train_100M/ZJetsToNuNu_071.root
[2026-07-08 10:24:43,650][gpu050|rank:unknown|gabbro.data.iterable_dataset_jetclass-IterDataset-Train][INFO] -  - /srv/beegfs/scratch/groups/rodem/lumea/datasets/JetClass/Pythia/train_100M/ZJetsToNuNu_072.root
[2026-07-08 10:24:43,651][gpu050|rank:unknown|gabbro.data.iterable_dataset_jetclass-IterDataset-Train][INFO] -  - /srv/beegfs/scratch/groups/rodem/lumea/datasets/JetClass/Pythia/train_100M/ZJetsToNuNu_073.root
[2026-07-08 10:24:43,651][gpu050|rank:unknown|gabbro.data.iterable_dataset_jetclass-IterDataset-Train][INFO] -  - /srv/beegfs/scratch/groups/rodem/lumea/datasets/JetClass/Pythia/train_100M/ZJetsToNuNu_074.root
[2026-07-08 10:24:43,652][gpu050|rank:unknown|gabbro.data.iterable_dataset_jetclass-IterDataset-Train][INFO] -  - /srv/beegfs/scratch/groups/rodem/lumea/datasets/JetClass/Pythia/train_100M/ZJetsToNuNu_075.root
[2026-07-08 10:24:43,652][gpu050|rank:unknown|gabbro.data.iterable_dataset_jetclass-IterDataset-Train][INFO] -  - /srv/beegfs/scratch/groups/rodem/lumea/datasets/JetClass/Pythia/train_100M/ZJetsToNuNu_076.root
[2026-07-08 10:24:43,653][gpu050|rank:unknown|gabbro.data.iterable_dataset_jetclass-IterDataset-Train][INFO] -  - /srv/beegfs/scratch/groups/rodem/lumea/datasets/JetClass/Pythia/train_100M/ZJetsToNuNu_077.root
[2026-07-08 10:24:43,654][gpu050|rank:unknown|gabbro.data.iterable_dataset_jetclass-IterDataset-Train][INFO] -  - /srv/beegfs/scratch/groups/rodem/lumea/datasets/JetClass/Pythia/train_100M/ZJetsToNuNu_078.root
[2026-07-08 10:24:43,655][gpu050|rank:unknown|gabbro.data.iterable_dataset_jetclass-IterDataset-Train][INFO] -  - /srv/beegfs/scratch/groups/rodem/lumea/datasets/JetClass/Pythia/train_100M/ZJetsToNuNu_079.root
[2026-07-08 10:24:43,655][gpu050|rank:unknown|gabbro.data.iterable_dataset_jetclass-IterDataset-Train][INFO] -  - /srv/beegfs/scratch/groups/rodem/lumea/datasets/JetClass/Pythia/train_100M/ZJetsToNuNu_080.root
[2026-07-08 10:24:43,656][gpu050|rank:unknown|gabbro.data.iterable_dataset_jetclass-IterDataset-Train][INFO] -  - /srv/beegfs/scratch/groups/rodem/lumea/datasets/JetClass/Pythia/train_100M/ZJetsToNuNu_081.root
[2026-07-08 10:24:43,657][gpu050|rank:unknown|gabbro.data.iterable_dataset_jetclass-IterDataset-Train][INFO] -  - /srv/beegfs/scratch/groups/rodem/lumea/datasets/JetClass/Pythia/train_100M/ZJetsToNuNu_082.root
[2026-07-08 10:24:43,657][gpu050|rank:unknown|gabbro.data.iterable_dataset_jetclass-IterDataset-Train][INFO] -  - /srv/beegfs/scratch/groups/rodem/lumea/datasets/JetClass/Pythia/train_100M/ZJetsToNuNu_083.root
[2026-07-08 10:24:43,658][gpu050|rank:unknown|gabbro.data.iterable_dataset_jetclass-IterDataset-Train][INFO] -  - /srv/beegfs/scratch/groups/rodem/lumea/datasets/JetClass/Pythia/train_100M/ZJetsToNuNu_084.root
[2026-07-08 10:24:43,658][gpu050|rank:unknown|gabbro.data.iterable_dataset_jetclass-IterDataset-Train][INFO] -  - /srv/beegfs/scratch/groups/rodem/lumea/datasets/JetClass/Pythia/train_100M/ZJetsToNuNu_085.root
[2026-07-08 10:24:43,659][gpu050|rank:unknown|gabbro.data.iterable_dataset_jetclass-IterDataset-Train][INFO] -  - /srv/beegfs/scratch/groups/rodem/lumea/datasets/JetClass/Pythia/train_100M/ZJetsToNuNu_086.root
[2026-07-08 10:24:43,660][gpu050|rank:unknown|gabbro.data.iterable_dataset_jetclass-IterDataset-Train][INFO] -  - /srv/beegfs/scratch/groups/rodem/lumea/datasets/JetClass/Pythia/train_100M/ZJetsToNuNu_087.root
[2026-07-08 10:24:43,660][gpu050|rank:unknown|gabbro.data.iterable_dataset_jetclass-IterDataset-Train][INFO] -  - /srv/beegfs/scratch/groups/rodem/lumea/datasets/JetClass/Pythia/train_100M/ZJetsToNuNu_088.root
[2026-07-08 10:24:43,661][gpu050|rank:unknown|gabbro.data.iterable_dataset_jetclass-IterDataset-Train][INFO] -  - /srv/beegfs/scratch/groups/rodem/lumea/datasets/JetClass/Pythia/train_100M/ZJetsToNuNu_089.root
[2026-07-08 10:24:43,662][gpu050|rank:unknown|gabbro.data.iterable_dataset_jetclass-IterDataset-Train][INFO] -  - /srv/beegfs/scratch/groups/rodem/lumea/datasets/JetClass/Pythia/train_100M/ZJetsToNuNu_090.root
[2026-07-08 10:24:43,663][gpu050|rank:unknown|gabbro.data.iterable_dataset_jetclass-IterDataset-Train][INFO] -  - /srv/beegfs/scratch/groups/rodem/lumea/datasets/JetClass/Pythia/train_100M/ZJetsToNuNu_091.root
[2026-07-08 10:24:43,663][gpu050|rank:unknown|gabbro.data.iterable_dataset_jetclass-IterDataset-Train][INFO] -  - /srv/beegfs/scratch/groups/rodem/lumea/datasets/JetClass/Pythia/train_100M/ZJetsToNuNu_092.root
[2026-07-08 10:24:43,663][gpu050|rank:unknown|gabbro.data.iterable_dataset_jetclass-IterDataset-Train][INFO] -  - /srv/beegfs/scratch/groups/rodem/lumea/datasets/JetClass/Pythia/train_100M/ZJetsToNuNu_093.root
[2026-07-08 10:24:43,664][gpu050|rank:unknown|gabbro.data.iterable_dataset_jetclass-IterDataset-Train][INFO] -  - /srv/beegfs/scratch/groups/rodem/lumea/datasets/JetClass/Pythia/train_100M/ZJetsToNuNu_094.root
[2026-07-08 10:24:43,665][gpu050|rank:unknown|gabbro.data.iterable_dataset_jetclass-IterDataset-Train][INFO] -  - /srv/beegfs/scratch/groups/rodem/lumea/datasets/JetClass/Pythia/train_100M/ZJetsToNuNu_095.root
[2026-07-08 10:24:43,665][gpu050|rank:unknown|gabbro.data.iterable_dataset_jetclass-IterDataset-Train][INFO] -  - /srv/beegfs/scratch/groups/rodem/lumea/datasets/JetClass/Pythia/train_100M/ZJetsToNuNu_096.root
[2026-07-08 10:24:43,666][gpu050|rank:unknown|gabbro.data.iterable_dataset_jetclass-IterDataset-Train][INFO] -  - /srv/beegfs/scratch/groups/rodem/lumea/datasets/JetClass/Pythia/train_100M/ZJetsToNuNu_097.root
[2026-07-08 10:24:43,667][gpu050|rank:unknown|gabbro.data.iterable_dataset_jetclass-IterDataset-Train][INFO] -  - /srv/beegfs/scratch/groups/rodem/lumea/datasets/JetClass/Pythia/train_100M/ZJetsToNuNu_098.root
[2026-07-08 10:24:43,667][gpu050|rank:unknown|gabbro.data.iterable_dataset_jetclass-IterDataset-Train][INFO] -  - /srv/beegfs/scratch/groups/rodem/lumea/datasets/JetClass/Pythia/train_100M/ZJetsToNuNu_099.root
[2026-07-08 10:24:43,674][gpu050|rank:unknown|gabbro.data.iterable_dataset_jetclass-IterDataset-Train][INFO] - Files for jet_type Hbb:
[2026-07-08 10:24:43,675][gpu050|rank:unknown|gabbro.data.iterable_dataset_jetclass-IterDataset-Train][INFO] -  - /srv/beegfs/scratch/groups/rodem/lumea/datasets/JetClass/Pythia/train_100M/HToBB_000.root
[2026-07-08 10:24:43,676][gpu050|rank:unknown|gabbro.data.iterable_dataset_jetclass-IterDataset-Train][INFO] -  - /srv/beegfs/scratch/groups/rodem/lumea/datasets/JetClass/Pythia/train_100M/HToBB_001.root
[2026-07-08 10:24:43,676][gpu050|rank:unknown|gabbro.data.iterable_dataset_jetclass-IterDataset-Train][INFO] -  - /srv/beegfs/scratch/groups/rodem/lumea/datasets/JetClass/Pythia/train_100M/HToBB_002.root
[2026-07-08 10:24:43,677][gpu050|rank:unknown|gabbro.data.iterable_dataset_jetclass-IterDataset-Train][INFO] -  - /srv/beegfs/scratch/groups/rodem/lumea/datasets/JetClass/Pythia/train_100M/HToBB_003.root
[2026-07-08 10:24:43,678][gpu050|rank:unknown|gabbro.data.iterable_dataset_jetclass-IterDataset-Train][INFO] -  - /srv/beegfs/scratch/groups/rodem/lumea/datasets/JetClass/Pythia/train_100M/HToBB_004.root
[2026-07-08 10:24:43,679][gpu050|rank:unknown|gabbro.data.iterable_dataset_jetclass-IterDataset-Train][INFO] -  - /srv/beegfs/scratch/groups/rodem/lumea/datasets/JetClass/Pythia/train_100M/HToBB_005.root
[2026-07-08 10:24:43,679][gpu050|rank:unknown|gabbro.data.iterable_dataset_jetclass-IterDataset-Train][INFO] -  - /srv/beegfs/scratch/groups/rodem/lumea/datasets/JetClass/Pythia/train_100M/HToBB_006.root
[2026-07-08 10:24:43,680][gpu050|rank:unknown|gabbro.data.iterable_dataset_jetclass-IterDataset-Train][INFO] -  - /srv/beegfs/scratch/groups/rodem/lumea/datasets/JetClass/Pythia/train_100M/HToBB_007.root
[2026-07-08 10:24:43,681][gpu050|rank:unknown|gabbro.data.iterable_dataset_jetclass-IterDataset-Train][INFO] -  - /srv/beegfs/scratch/groups/rodem/lumea/datasets/JetClass/Pythia/train_100M/HToBB_008.root
[2026-07-08 10:24:43,681][gpu050|rank:unknown|gabbro.data.iterable_dataset_jetclass-IterDataset-Train][INFO] -  - /srv/beegfs/scratch/groups/rodem/lumea/datasets/JetClass/Pythia/train_100M/HToBB_009.root
[2026-07-08 10:24:43,682][gpu050|rank:unknown|gabbro.data.iterable_dataset_jetclass-IterDataset-Train][INFO] -  - /srv/beegfs/scratch/groups/rodem/lumea/datasets/JetClass/Pythia/train_100M/HToBB_010.root
[2026-07-08 10:24:43,682][gpu050|rank:unknown|gabbro.data.iterable_dataset_jetclass-IterDataset-Train][INFO] -  - /srv/beegfs/scratch/groups/rodem/lumea/datasets/JetClass/Pythia/train_100M/HToBB_011.root
[2026-07-08 10:24:43,683][gpu050|rank:unknown|gabbro.data.iterable_dataset_jetclass-IterDataset-Train][INFO] -  - /srv/beegfs/scratch/groups/rodem/lumea/datasets/JetClass/Pythia/train_100M/HToBB_012.root
[2026-07-08 10:24:43,684][gpu050|rank:unknown|gabbro.data.iterable_dataset_jetclass-IterDataset-Train][INFO] -  - /srv/beegfs/scratch/groups/rodem/lumea/datasets/JetClass/Pythia/train_100M/HToBB_013.root
[2026-07-08 10:24:43,684][gpu050|rank:unknown|gabbro.data.iterable_dataset_jetclass-IterDataset-Train][INFO] -  - /srv/beegfs/scratch/groups/rodem/lumea/datasets/JetClass/Pythia/train_100M/HToBB_014.root
[2026-07-08 10:24:43,685][gpu050|rank:unknown|gabbro.data.iterable_dataset_jetclass-IterDataset-Train][INFO] -  - /srv/beegfs/scratch/groups/rodem/lumea/datasets/JetClass/Pythia/train_100M/HToBB_015.root
[2026-07-08 10:24:43,686][gpu050|rank:unknown|gabbro.data.iterable_dataset_jetclass-IterDataset-Train][INFO] -  - /srv/beegfs/scratch/groups/rodem/lumea/datasets/JetClass/Pythia/train_100M/HToBB_016.root
[2026-07-08 10:24:43,687][gpu050|rank:unknown|gabbro.data.iterable_dataset_jetclass-IterDataset-Train][INFO] -  - /srv/beegfs/scratch/groups/rodem/lumea/datasets/JetClass/Pythia/train_100M/HToBB_017.root
[2026-07-08 10:24:43,687][gpu050|rank:unknown|gabbro.data.iterable_dataset_jetclass-IterDataset-Train][INFO] -  - /srv/beegfs/scratch/groups/rodem/lumea/datasets/JetClass/Pythia/train_100M/HToBB_018.root
[2026-07-08 10:24:43,688][gpu050|rank:unknown|gabbro.data.iterable_dataset_jetclass-IterDataset-Train][INFO] -  - /srv/beegfs/scratch/groups/rodem/lumea/datasets/JetClass/Pythia/train_100M/HToBB_019.root
[2026-07-08 10:24:43,688][gpu050|rank:unknown|gabbro.data.iterable_dataset_jetclass-IterDataset-Train][INFO] -  - /srv/beegfs/scratch/groups/rodem/lumea/datasets/JetClass/Pythia/train_100M/HToBB_020.root
[2026-07-08 10:24:43,688][gpu050|rank:unknown|gabbro.data.iterable_dataset_jetclass-IterDataset-Train][INFO] -  - /srv/beegfs/scratch/groups/rodem/lumea/datasets/JetClass/Pythia/train_100M/HToBB_021.root
[2026-07-08 10:24:43,689][gpu050|rank:unknown|gabbro.data.iterable_dataset_jetclass-IterDataset-Train][INFO] -  - /srv/beegfs/scratch/groups/rodem/lumea/datasets/JetClass/Pythia/train_100M/HToBB_022.root
[2026-07-08 10:24:43,689][gpu050|rank:unknown|gabbro.data.iterable_dataset_jetclass-IterDataset-Train][INFO] -  - /srv/beegfs/scratch/groups/rodem/lumea/datasets/JetClass/Pythia/train_100M/HToBB_023.root
[2026-07-08 10:24:43,690][gpu050|rank:unknown|gabbro.data.iterable_dataset_jetclass-IterDataset-Train][INFO] -  - /srv/beegfs/scratch/groups/rodem/lumea/datasets/JetClass/Pythia/train_100M/HToBB_024.root
[2026-07-08 10:24:43,691][gpu050|rank:unknown|gabbro.data.iterable_dataset_jetclass-IterDataset-Train][INFO] -  - /srv/beegfs/scratch/groups/rodem/lumea/datasets/JetClass/Pythia/train_100M/HToBB_025.root
[2026-07-08 10:24:43,692][gpu050|rank:unknown|gabbro.data.iterable_dataset_jetclass-IterDataset-Train][INFO] -  - /srv/beegfs/scratch/groups/rodem/lumea/datasets/JetClass/Pythia/train_100M/HToBB_026.root
[2026-07-08 10:24:43,692][gpu050|rank:unknown|gabbro.data.iterable_dataset_jetclass-IterDataset-Train][INFO] -  - /srv/beegfs/scratch/groups/rodem/lumea/datasets/JetClass/Pythia/train_100M/HToBB_027.root
[2026-07-08 10:24:43,693][gpu050|rank:unknown|gabbro.data.iterable_dataset_jetclass-IterDataset-Train][INFO] -  - /srv/beegfs/scratch/groups/rodem/lumea/datasets/JetClass/Pythia/train_100M/HToBB_028.root
[2026-07-08 10:24:43,693][gpu050|rank:unknown|gabbro.data.iterable_dataset_jetclass-IterDataset-Train][INFO] -  - /srv/beegfs/scratch/groups/rodem/lumea/datasets/JetClass/Pythia/train_100M/HToBB_029.root
[2026-07-08 10:24:43,694][gpu050|rank:unknown|gabbro.data.iterable_dataset_jetclass-IterDataset-Train][INFO] -  - /srv/beegfs/scratch/groups/rodem/lumea/datasets/JetClass/Pythia/train_100M/HToBB_030.root
[2026-07-08 10:24:43,694][gpu050|rank:unknown|gabbro.data.iterable_dataset_jetclass-IterDataset-Train][INFO] -  - /srv/beegfs/scratch/groups/rodem/lumea/datasets/JetClass/Pythia/train_100M/HToBB_031.root
[2026-07-08 10:24:43,695][gpu050|rank:unknown|gabbro.data.iterable_dataset_jetclass-IterDataset-Train][INFO] -  - /srv/beegfs/scratch/groups/rodem/lumea/datasets/JetClass/Pythia/train_100M/HToBB_032.root
[2026-07-08 10:24:43,696][gpu050|rank:unknown|gabbro.data.iterable_dataset_jetclass-IterDataset-Train][INFO] -  - /srv/beegfs/scratch/groups/rodem/lumea/datasets/JetClass/Pythia/train_100M/HToBB_033.root
[2026-07-08 10:24:43,697][gpu050|rank:unknown|gabbro.data.iterable_dataset_jetclass-IterDataset-Train][INFO] -  - /srv/beegfs/scratch/groups/rodem/lumea/datasets/JetClass/Pythia/train_100M/HToBB_034.root
[2026-07-08 10:24:43,698][gpu050|rank:unknown|gabbro.data.iterable_dataset_jetclass-IterDataset-Train][INFO] -  - /srv/beegfs/scratch/groups/rodem/lumea/datasets/JetClass/Pythia/train_100M/HToBB_035.root
[2026-07-08 10:24:43,698][gpu050|rank:unknown|gabbro.data.iterable_dataset_jetclass-IterDataset-Train][INFO] -  - /srv/beegfs/scratch/groups/rodem/lumea/datasets/JetClass/Pythia/train_100M/HToBB_036.root
[2026-07-08 10:24:43,699][gpu050|rank:unknown|gabbro.data.iterable_dataset_jetclass-IterDataset-Train][INFO] -  - /srv/beegfs/scratch/groups/rodem/lumea/datasets/JetClass/Pythia/train_100M/HToBB_037.root
[2026-07-08 10:24:43,699][gpu050|rank:unknown|gabbro.data.iterable_dataset_jetclass-IterDataset-Train][INFO] -  - /srv/beegfs/scratch/groups/rodem/lumea/datasets/JetClass/Pythia/train_100M/HToBB_038.root
[2026-07-08 10:24:43,700][gpu050|rank:unknown|gabbro.data.iterable_dataset_jetclass-IterDataset-Train][INFO] -  - /srv/beegfs/scratch/groups/rodem/lumea/datasets/JetClass/Pythia/train_100M/HToBB_039.root
[2026-07-08 10:24:43,701][gpu050|rank:unknown|gabbro.data.iterable_dataset_jetclass-IterDataset-Train][INFO] -  - /srv/beegfs/scratch/groups/rodem/lumea/datasets/JetClass/Pythia/train_100M/HToBB_040.root
[2026-07-08 10:24:43,701][gpu050|rank:unknown|gabbro.data.iterable_dataset_jetclass-IterDataset-Train][INFO] -  - /srv/beegfs/scratch/groups/rodem/lumea/datasets/JetClass/Pythia/train_100M/HToBB_041.root
[2026-07-08 10:24:43,702][gpu050|rank:unknown|gabbro.data.iterable_dataset_jetclass-IterDataset-Train][INFO] -  - /srv/beegfs/scratch/groups/rodem/lumea/datasets/JetClass/Pythia/train_100M/HToBB_042.root
[2026-07-08 10:24:43,703][gpu050|rank:unknown|gabbro.data.iterable_dataset_jetclass-IterDataset-Train][INFO] -  - /srv/beegfs/scratch/groups/rodem/lumea/datasets/JetClass/Pythia/train_100M/HToBB_043.root
[2026-07-08 10:24:43,703][gpu050|rank:unknown|gabbro.data.iterable_dataset_jetclass-IterDataset-Train][INFO] -  - /srv/beegfs/scratch/groups/rodem/lumea/datasets/JetClass/Pythia/train_100M/HToBB_044.root
[2026-07-08 10:24:43,704][gpu050|rank:unknown|gabbro.data.iterable_dataset_jetclass-IterDataset-Train][INFO] -  - /srv/beegfs/scratch/groups/rodem/lumea/datasets/JetClass/Pythia/train_100M/HToBB_045.root
[2026-07-08 10:24:43,704][gpu050|rank:unknown|gabbro.data.iterable_dataset_jetclass-IterDataset-Train][INFO] -  - /srv/beegfs/scratch/groups/rodem/lumea/datasets/JetClass/Pythia/train_100M/HToBB_046.root
[2026-07-08 10:24:43,705][gpu050|rank:unknown|gabbro.data.iterable_dataset_jetclass-IterDataset-Train][INFO] -  - /srv/beegfs/scratch/groups/rodem/lumea/datasets/JetClass/Pythia/train_100M/HToBB_047.root
[2026-07-08 10:24:43,705][gpu050|rank:unknown|gabbro.data.iterable_dataset_jetclass-IterDataset-Train][INFO] -  - /srv/beegfs/scratch/groups/rodem/lumea/datasets/JetClass/Pythia/train_100M/HToBB_048.root
[2026-07-08 10:24:43,706][gpu050|rank:unknown|gabbro.data.iterable_dataset_jetclass-IterDataset-Train][INFO] -  - /srv/beegfs/scratch/groups/rodem/lumea/datasets/JetClass/Pythia/train_100M/HToBB_049.root
[2026-07-08 10:24:43,707][gpu050|rank:unknown|gabbro.data.iterable_dataset_jetclass-IterDataset-Train][INFO] -  - /srv/beegfs/scratch/groups/rodem/lumea/datasets/JetClass/Pythia/train_100M/HToBB_050.root
[2026-07-08 10:24:43,707][gpu050|rank:unknown|gabbro.data.iterable_dataset_jetclass-IterDataset-Train][INFO] -  - /srv/beegfs/scratch/groups/rodem/lumea/datasets/JetClass/Pythia/train_100M/HToBB_051.root
[2026-07-08 10:24:43,708][gpu050|rank:unknown|gabbro.data.iterable_dataset_jetclass-IterDataset-Train][INFO] -  - /srv/beegfs/scratch/groups/rodem/lumea/datasets/JetClass/Pythia/train_100M/HToBB_052.root
[2026-07-08 10:24:43,709][gpu050|rank:unknown|gabbro.data.iterable_dataset_jetclass-IterDataset-Train][INFO] -  - /srv/beegfs/scratch/groups/rodem/lumea/datasets/JetClass/Pythia/train_100M/HToBB_053.root
[2026-07-08 10:24:43,709][gpu050|rank:unknown|gabbro.data.iterable_dataset_jetclass-IterDataset-Train][INFO] -  - /srv/beegfs/scratch/groups/rodem/lumea/datasets/JetClass/Pythia/train_100M/HToBB_054.root
[2026-07-08 10:24:43,710][gpu050|rank:unknown|gabbro.data.iterable_dataset_jetclass-IterDataset-Train][INFO] -  - /srv/beegfs/scratch/groups/rodem/lumea/datasets/JetClass/Pythia/train_100M/HToBB_055.root
[2026-07-08 10:24:43,710][gpu050|rank:unknown|gabbro.data.iterable_dataset_jetclass-IterDataset-Train][INFO] -  - /srv/beegfs/scratch/groups/rodem/lumea/datasets/JetClass/Pythia/train_100M/HToBB_056.root
[2026-07-08 10:24:43,711][gpu050|rank:unknown|gabbro.data.iterable_dataset_jetclass-IterDataset-Train][INFO] -  - /srv/beegfs/scratch/groups/rodem/lumea/datasets/JetClass/Pythia/train_100M/HToBB_057.root
[2026-07-08 10:24:43,711][gpu050|rank:unknown|gabbro.data.iterable_dataset_jetclass-IterDataset-Train][INFO] -  - /srv/beegfs/scratch/groups/rodem/lumea/datasets/JetClass/Pythia/train_100M/HToBB_058.root
[2026-07-08 10:24:43,712][gpu050|rank:unknown|gabbro.data.iterable_dataset_jetclass-IterDataset-Train][INFO] -  - /srv/beegfs/scratch/groups/rodem/lumea/datasets/JetClass/Pythia/train_100M/HToBB_059.root
[2026-07-08 10:24:43,712][gpu050|rank:unknown|gabbro.data.iterable_dataset_jetclass-IterDataset-Train][INFO] -  - /srv/beegfs/scratch/groups/rodem/lumea/datasets/JetClass/Pythia/train_100M/HToBB_060.root
[2026-07-08 10:24:43,713][gpu050|rank:unknown|gabbro.data.iterable_dataset_jetclass-IterDataset-Train][INFO] -  - /srv/beegfs/scratch/groups/rodem/lumea/datasets/JetClass/Pythia/train_100M/HToBB_061.root
[2026-07-08 10:24:43,714][gpu050|rank:unknown|gabbro.data.iterable_dataset_jetclass-IterDataset-Train][INFO] -  - /srv/beegfs/scratch/groups/rodem/lumea/datasets/JetClass/Pythia/train_100M/HToBB_062.root
[2026-07-08 10:24:43,715][gpu050|rank:unknown|gabbro.data.iterable_dataset_jetclass-IterDataset-Train][INFO] -  - /srv/beegfs/scratch/groups/rodem/lumea/datasets/JetClass/Pythia/train_100M/HToBB_063.root
[2026-07-08 10:24:43,715][gpu050|rank:unknown|gabbro.data.iterable_dataset_jetclass-IterDataset-Train][INFO] -  - /srv/beegfs/scratch/groups/rodem/lumea/datasets/JetClass/Pythia/train_100M/HToBB_064.root
[2026-07-08 10:24:43,716][gpu050|rank:unknown|gabbro.data.iterable_dataset_jetclass-IterDataset-Train][INFO] -  - /srv/beegfs/scratch/groups/rodem/lumea/datasets/JetClass/Pythia/train_100M/HToBB_065.root
[2026-07-08 10:24:43,716][gpu050|rank:unknown|gabbro.data.iterable_dataset_jetclass-IterDataset-Train][INFO] -  - /srv/beegfs/scratch/groups/rodem/lumea/datasets/JetClass/Pythia/train_100M/HToBB_066.root
[2026-07-08 10:24:43,717][gpu050|rank:unknown|gabbro.data.iterable_dataset_jetclass-IterDataset-Train][INFO] -  - /srv/beegfs/scratch/groups/rodem/lumea/datasets/JetClass/Pythia/train_100M/HToBB_067.root
[2026-07-08 10:24:43,717][gpu050|rank:unknown|gabbro.data.iterable_dataset_jetclass-IterDataset-Train][INFO] -  - /srv/beegfs/scratch/groups/rodem/lumea/datasets/JetClass/Pythia/train_100M/HToBB_068.root
[2026-07-08 10:24:43,718][gpu050|rank:unknown|gabbro.data.iterable_dataset_jetclass-IterDataset-Train][INFO] -  - /srv/beegfs/scratch/groups/rodem/lumea/datasets/JetClass/Pythia/train_100M/HToBB_069.root
[2026-07-08 10:24:43,718][gpu050|rank:unknown|gabbro.data.iterable_dataset_jetclass-IterDataset-Train][INFO] -  - /srv/beegfs/scratch/groups/rodem/lumea/datasets/JetClass/Pythia/train_100M/HToBB_070.root
[2026-07-08 10:24:43,719][gpu050|rank:unknown|gabbro.data.iterable_dataset_jetclass-IterDataset-Train][INFO] -  - /srv/beegfs/scratch/groups/rodem/lumea/datasets/JetClass/Pythia/train_100M/HToBB_071.root
[2026-07-08 10:24:43,720][gpu050|rank:unknown|gabbro.data.iterable_dataset_jetclass-IterDataset-Train][INFO] -  - /srv/beegfs/scratch/groups/rodem/lumea/datasets/JetClass/Pythia/train_100M/HToBB_072.root
[2026-07-08 10:24:43,720][gpu050|rank:unknown|gabbro.data.iterable_dataset_jetclass-IterDataset-Train][INFO] -  - /srv/beegfs/scratch/groups/rodem/lumea/datasets/JetClass/Pythia/train_100M/HToBB_073.root
[2026-07-08 10:24:43,721][gpu050|rank:unknown|gabbro.data.iterable_dataset_jetclass-IterDataset-Train][INFO] -  - /srv/beegfs/scratch/groups/rodem/lumea/datasets/JetClass/Pythia/train_100M/HToBB_074.root
[2026-07-08 10:24:43,721][gpu050|rank:unknown|gabbro.data.iterable_dataset_jetclass-IterDataset-Train][INFO] -  - /srv/beegfs/scratch/groups/rodem/lumea/datasets/JetClass/Pythia/train_100M/HToBB_075.root
[2026-07-08 10:24:43,722][gpu050|rank:unknown|gabbro.data.iterable_dataset_jetclass-IterDataset-Train][INFO] -  - /srv/beegfs/scratch/groups/rodem/lumea/datasets/JetClass/Pythia/train_100M/HToBB_076.root
[2026-07-08 10:24:43,722][gpu050|rank:unknown|gabbro.data.iterable_dataset_jetclass-IterDataset-Train][INFO] -  - /srv/beegfs/scratch/groups/rodem/lumea/datasets/JetClass/Pythia/train_100M/HToBB_077.root
[2026-07-08 10:24:43,723][gpu050|rank:unknown|gabbro.data.iterable_dataset_jetclass-IterDataset-Train][INFO] -  - /srv/beegfs/scratch/groups/rodem/lumea/datasets/JetClass/Pythia/train_100M/HToBB_078.root
[2026-07-08 10:24:43,724][gpu050|rank:unknown|gabbro.data.iterable_dataset_jetclass-IterDataset-Train][INFO] -  - /srv/beegfs/scratch/groups/rodem/lumea/datasets/JetClass/Pythia/train_100M/HToBB_079.root
[2026-07-08 10:24:43,724][gpu050|rank:unknown|gabbro.data.iterable_dataset_jetclass-IterDataset-Train][INFO] -  - /srv/beegfs/scratch/groups/rodem/lumea/datasets/JetClass/Pythia/train_100M/HToBB_080.root
[2026-07-08 10:24:43,725][gpu050|rank:unknown|gabbro.data.iterable_dataset_jetclass-IterDataset-Train][INFO] -  - /srv/beegfs/scratch/groups/rodem/lumea/datasets/JetClass/Pythia/train_100M/HToBB_081.root
[2026-07-08 10:24:43,726][gpu050|rank:unknown|gabbro.data.iterable_dataset_jetclass-IterDataset-Train][INFO] -  - /srv/beegfs/scratch/groups/rodem/lumea/datasets/JetClass/Pythia/train_100M/HToBB_082.root
[2026-07-08 10:24:43,727][gpu050|rank:unknown|gabbro.data.iterable_dataset_jetclass-IterDataset-Train][INFO] -  - /srv/beegfs/scratch/groups/rodem/lumea/datasets/JetClass/Pythia/train_100M/HToBB_083.root
[2026-07-08 10:24:43,727][gpu050|rank:unknown|gabbro.data.iterable_dataset_jetclass-IterDataset-Train][INFO] -  - /srv/beegfs/scratch/groups/rodem/lumea/datasets/JetClass/Pythia/train_100M/HToBB_084.root
[2026-07-08 10:24:43,728][gpu050|rank:unknown|gabbro.data.iterable_dataset_jetclass-IterDataset-Train][INFO] -  - /srv/beegfs/scratch/groups/rodem/lumea/datasets/JetClass/Pythia/train_100M/HToBB_085.root
[2026-07-08 10:24:43,728][gpu050|rank:unknown|gabbro.data.iterable_dataset_jetclass-IterDataset-Train][INFO] -  - /srv/beegfs/scratch/groups/rodem/lumea/datasets/JetClass/Pythia/train_100M/HToBB_086.root
[2026-07-08 10:24:43,729][gpu050|rank:unknown|gabbro.data.iterable_dataset_jetclass-IterDataset-Train][INFO] -  - /srv/beegfs/scratch/groups/rodem/lumea/datasets/JetClass/Pythia/train_100M/HToBB_087.root
[2026-07-08 10:24:43,730][gpu050|rank:unknown|gabbro.data.iterable_dataset_jetclass-IterDataset-Train][INFO] -  - /srv/beegfs/scratch/groups/rodem/lumea/datasets/JetClass/Pythia/train_100M/HToBB_088.root
[2026-07-08 10:24:43,730][gpu050|rank:unknown|gabbro.data.iterable_dataset_jetclass-IterDataset-Train][INFO] -  - /srv/beegfs/scratch/groups/rodem/lumea/datasets/JetClass/Pythia/train_100M/HToBB_089.root
[2026-07-08 10:24:43,731][gpu050|rank:unknown|gabbro.data.iterable_dataset_jetclass-IterDataset-Train][INFO] -  - /srv/beegfs/scratch/groups/rodem/lumea/datasets/JetClass/Pythia/train_100M/HToBB_090.root
[2026-07-08 10:24:43,732][gpu050|rank:unknown|gabbro.data.iterable_dataset_jetclass-IterDataset-Train][INFO] -  - /srv/beegfs/scratch/groups/rodem/lumea/datasets/JetClass/Pythia/train_100M/HToBB_091.root
[2026-07-08 10:24:43,732][gpu050|rank:unknown|gabbro.data.iterable_dataset_jetclass-IterDataset-Train][INFO] -  - /srv/beegfs/scratch/groups/rodem/lumea/datasets/JetClass/Pythia/train_100M/HToBB_092.root
[2026-07-08 10:24:43,733][gpu050|rank:unknown|gabbro.data.iterable_dataset_jetclass-IterDataset-Train][INFO] -  - /srv/beegfs/scratch/groups/rodem/lumea/datasets/JetClass/Pythia/train_100M/HToBB_093.root
[2026-07-08 10:24:43,733][gpu050|rank:unknown|gabbro.data.iterable_dataset_jetclass-IterDataset-Train][INFO] -  - /srv/beegfs/scratch/groups/rodem/lumea/datasets/JetClass/Pythia/train_100M/HToBB_094.root
[2026-07-08 10:24:43,734][gpu050|rank:unknown|gabbro.data.iterable_dataset_jetclass-IterDataset-Train][INFO] -  - /srv/beegfs/scratch/groups/rodem/lumea/datasets/JetClass/Pythia/train_100M/HToBB_095.root
[2026-07-08 10:24:43,734][gpu050|rank:unknown|gabbro.data.iterable_dataset_jetclass-IterDataset-Train][INFO] -  - /srv/beegfs/scratch/groups/rodem/lumea/datasets/JetClass/Pythia/train_100M/HToBB_096.root
[2026-07-08 10:24:43,735][gpu050|rank:unknown|gabbro.data.iterable_dataset_jetclass-IterDataset-Train][INFO] -  - /srv/beegfs/scratch/groups/rodem/lumea/datasets/JetClass/Pythia/train_100M/HToBB_097.root
[2026-07-08 10:24:43,736][gpu050|rank:unknown|gabbro.data.iterable_dataset_jetclass-IterDataset-Train][INFO] -  - /srv/beegfs/scratch/groups/rodem/lumea/datasets/JetClass/Pythia/train_100M/HToBB_098.root
[2026-07-08 10:24:43,736][gpu050|rank:unknown|gabbro.data.iterable_dataset_jetclass-IterDataset-Train][INFO] -  - /srv/beegfs/scratch/groups/rodem/lumea/datasets/JetClass/Pythia/train_100M/HToBB_099.root
[2026-07-08 10:24:43,743][gpu050|rank:unknown|gabbro.data.iterable_dataset_jetclass-IterDataset-Train][INFO] - Files for jet_type Hcc:
[2026-07-08 10:24:43,744][gpu050|rank:unknown|gabbro.data.iterable_dataset_jetclass-IterDataset-Train][INFO] -  - /srv/beegfs/scratch/groups/rodem/lumea/datasets/JetClass/Pythia/train_100M/HToCC_000.root
[2026-07-08 10:24:43,744][gpu050|rank:unknown|gabbro.data.iterable_dataset_jetclass-IterDataset-Train][INFO] -  - /srv/beegfs/scratch/groups/rodem/lumea/datasets/JetClass/Pythia/train_100M/HToCC_001.root
[2026-07-08 10:24:43,745][gpu050|rank:unknown|gabbro.data.iterable_dataset_jetclass-IterDataset-Train][INFO] -  - /srv/beegfs/scratch/groups/rodem/lumea/datasets/JetClass/Pythia/train_100M/HToCC_002.root
[2026-07-08 10:24:43,745][gpu050|rank:unknown|gabbro.data.iterable_dataset_jetclass-IterDataset-Train][INFO] -  - /srv/beegfs/scratch/groups/rodem/lumea/datasets/JetClass/Pythia/train_100M/HToCC_003.root
[2026-07-08 10:24:43,745][gpu050|rank:unknown|gabbro.data.iterable_dataset_jetclass-IterDataset-Train][INFO] -  - /srv/beegfs/scratch/groups/rodem/lumea/datasets/JetClass/Pythia/train_100M/HToCC_004.root
[2026-07-08 10:24:43,746][gpu050|rank:unknown|gabbro.data.iterable_dataset_jetclass-IterDataset-Train][INFO] -  - /srv/beegfs/scratch/groups/rodem/lumea/datasets/JetClass/Pythia/train_100M/HToCC_005.root
[2026-07-08 10:24:43,747][gpu050|rank:unknown|gabbro.data.iterable_dataset_jetclass-IterDataset-Train][INFO] -  - /srv/beegfs/scratch/groups/rodem/lumea/datasets/JetClass/Pythia/train_100M/HToCC_006.root
[2026-07-08 10:24:43,747][gpu050|rank:unknown|gabbro.data.iterable_dataset_jetclass-IterDataset-Train][INFO] -  - /srv/beegfs/scratch/groups/rodem/lumea/datasets/JetClass/Pythia/train_100M/HToCC_007.root
[2026-07-08 10:24:43,748][gpu050|rank:unknown|gabbro.data.iterable_dataset_jetclass-IterDataset-Train][INFO] -  - /srv/beegfs/scratch/groups/rodem/lumea/datasets/JetClass/Pythia/train_100M/HToCC_008.root
[2026-07-08 10:24:43,749][gpu050|rank:unknown|gabbro.data.iterable_dataset_jetclass-IterDataset-Train][INFO] -  - /srv/beegfs/scratch/groups/rodem/lumea/datasets/JetClass/Pythia/train_100M/HToCC_009.root
[2026-07-08 10:24:43,750][gpu050|rank:unknown|gabbro.data.iterable_dataset_jetclass-IterDataset-Train][INFO] -  - /srv/beegfs/scratch/groups/rodem/lumea/datasets/JetClass/Pythia/train_100M/HToCC_010.root
[2026-07-08 10:24:43,750][gpu050|rank:unknown|gabbro.data.iterable_dataset_jetclass-IterDataset-Train][INFO] -  - /srv/beegfs/scratch/groups/rodem/lumea/datasets/JetClass/Pythia/train_100M/HToCC_011.root
[2026-07-08 10:24:43,751][gpu050|rank:unknown|gabbro.data.iterable_dataset_jetclass-IterDataset-Train][INFO] -  - /srv/beegfs/scratch/groups/rodem/lumea/datasets/JetClass/Pythia/train_100M/HToCC_012.root
[2026-07-08 10:24:43,751][gpu050|rank:unknown|gabbro.data.iterable_dataset_jetclass-IterDataset-Train][INFO] -  - /srv/beegfs/scratch/groups/rodem/lumea/datasets/JetClass/Pythia/train_100M/HToCC_013.root
[2026-07-08 10:24:43,752][gpu050|rank:unknown|gabbro.data.iterable_dataset_jetclass-IterDataset-Train][INFO] -  - /srv/beegfs/scratch/groups/rodem/lumea/datasets/JetClass/Pythia/train_100M/HToCC_014.root
[2026-07-08 10:24:43,752][gpu050|rank:unknown|gabbro.data.iterable_dataset_jetclass-IterDataset-Train][INFO] -  - /srv/beegfs/scratch/groups/rodem/lumea/datasets/JetClass/Pythia/train_100M/HToCC_015.root
[2026-07-08 10:24:43,753][gpu050|rank:unknown|gabbro.data.iterable_dataset_jetclass-IterDataset-Train][INFO] -  - /srv/beegfs/scratch/groups/rodem/lumea/datasets/JetClass/Pythia/train_100M/HToCC_016.root
[2026-07-08 10:24:43,754][gpu050|rank:unknown|gabbro.data.iterable_dataset_jetclass-IterDataset-Train][INFO] -  - /srv/beegfs/scratch/groups/rodem/lumea/datasets/JetClass/Pythia/train_100M/HToCC_017.root
[2026-07-08 10:24:43,755][gpu050|rank:unknown|gabbro.data.iterable_dataset_jetclass-IterDataset-Train][INFO] -  - /srv/beegfs/scratch/groups/rodem/lumea/datasets/JetClass/Pythia/train_100M/HToCC_018.root
[2026-07-08 10:24:43,755][gpu050|rank:unknown|gabbro.data.iterable_dataset_jetclass-IterDataset-Train][INFO] -  - /srv/beegfs/scratch/groups/rodem/lumea/datasets/JetClass/Pythia/train_100M/HToCC_019.root
[2026-07-08 10:24:43,756][gpu050|rank:unknown|gabbro.data.iterable_dataset_jetclass-IterDataset-Train][INFO] -  - /srv/beegfs/scratch/groups/rodem/lumea/datasets/JetClass/Pythia/train_100M/HToCC_020.root
[2026-07-08 10:24:43,756][gpu050|rank:unknown|gabbro.data.iterable_dataset_jetclass-IterDataset-Train][INFO] -  - /srv/beegfs/scratch/groups/rodem/lumea/datasets/JetClass/Pythia/train_100M/HToCC_021.root
[2026-07-08 10:24:43,757][gpu050|rank:unknown|gabbro.data.iterable_dataset_jetclass-IterDataset-Train][INFO] -  - /srv/beegfs/scratch/groups/rodem/lumea/datasets/JetClass/Pythia/train_100M/HToCC_022.root
[2026-07-08 10:24:43,757][gpu050|rank:unknown|gabbro.data.iterable_dataset_jetclass-IterDataset-Train][INFO] -  - /srv/beegfs/scratch/groups/rodem/lumea/datasets/JetClass/Pythia/train_100M/HToCC_023.root
[2026-07-08 10:24:43,758][gpu050|rank:unknown|gabbro.data.iterable_dataset_jetclass-IterDataset-Train][INFO] -  - /srv/beegfs/scratch/groups/rodem/lumea/datasets/JetClass/Pythia/train_100M/HToCC_024.root
[2026-07-08 10:24:43,758][gpu050|rank:unknown|gabbro.data.iterable_dataset_jetclass-IterDataset-Train][INFO] -  - /srv/beegfs/scratch/groups/rodem/lumea/datasets/JetClass/Pythia/train_100M/HToCC_025.root
[2026-07-08 10:24:43,759][gpu050|rank:unknown|gabbro.data.iterable_dataset_jetclass-IterDataset-Train][INFO] -  - /srv/beegfs/scratch/groups/rodem/lumea/datasets/JetClass/Pythia/train_100M/HToCC_026.root
[2026-07-08 10:24:43,760][gpu050|rank:unknown|gabbro.data.iterable_dataset_jetclass-IterDataset-Train][INFO] -  - /srv/beegfs/scratch/groups/rodem/lumea/datasets/JetClass/Pythia/train_100M/HToCC_027.root
[2026-07-08 10:24:43,761][gpu050|rank:unknown|gabbro.data.iterable_dataset_jetclass-IterDataset-Train][INFO] -  - /srv/beegfs/scratch/groups/rodem/lumea/datasets/JetClass/Pythia/train_100M/HToCC_028.root
[2026-07-08 10:24:43,762][gpu050|rank:unknown|gabbro.data.iterable_dataset_jetclass-IterDataset-Train][INFO] -  - /srv/beegfs/scratch/groups/rodem/lumea/datasets/JetClass/Pythia/train_100M/HToCC_029.root
[2026-07-08 10:24:43,763][gpu050|rank:unknown|gabbro.data.iterable_dataset_jetclass-IterDataset-Train][INFO] -  - /srv/beegfs/scratch/groups/rodem/lumea/datasets/JetClass/Pythia/train_100M/HToCC_030.root
[2026-07-08 10:24:43,763][gpu050|rank:unknown|gabbro.data.iterable_dataset_jetclass-IterDataset-Train][INFO] -  - /srv/beegfs/scratch/groups/rodem/lumea/datasets/JetClass/Pythia/train_100M/HToCC_031.root
[2026-07-08 10:24:43,764][gpu050|rank:unknown|gabbro.data.iterable_dataset_jetclass-IterDataset-Train][INFO] -  - /srv/beegfs/scratch/groups/rodem/lumea/datasets/JetClass/Pythia/train_100M/HToCC_032.root
[2026-07-08 10:24:43,764][gpu050|rank:unknown|gabbro.data.iterable_dataset_jetclass-IterDataset-Train][INFO] -  - /srv/beegfs/scratch/groups/rodem/lumea/datasets/JetClass/Pythia/train_100M/HToCC_033.root
[2026-07-08 10:24:43,765][gpu050|rank:unknown|gabbro.data.iterable_dataset_jetclass-IterDataset-Train][INFO] -  - /srv/beegfs/scratch/groups/rodem/lumea/datasets/JetClass/Pythia/train_100M/HToCC_034.root
[2026-07-08 10:24:43,766][gpu050|rank:unknown|gabbro.data.iterable_dataset_jetclass-IterDataset-Train][INFO] -  - /srv/beegfs/scratch/groups/rodem/lumea/datasets/JetClass/Pythia/train_100M/HToCC_035.root
[2026-07-08 10:24:43,767][gpu050|rank:unknown|gabbro.data.iterable_dataset_jetclass-IterDataset-Train][INFO] -  - /srv/beegfs/scratch/groups/rodem/lumea/datasets/JetClass/Pythia/train_100M/HToCC_036.root
[2026-07-08 10:24:43,767][gpu050|rank:unknown|gabbro.data.iterable_dataset_jetclass-IterDataset-Train][INFO] -  - /srv/beegfs/scratch/groups/rodem/lumea/datasets/JetClass/Pythia/train_100M/HToCC_037.root
[2026-07-08 10:24:43,768][gpu050|rank:unknown|gabbro.data.iterable_dataset_jetclass-IterDataset-Train][INFO] -  - /srv/beegfs/scratch/groups/rodem/lumea/datasets/JetClass/Pythia/train_100M/HToCC_038.root
[2026-07-08 10:24:43,768][gpu050|rank:unknown|gabbro.data.iterable_dataset_jetclass-IterDataset-Train][INFO] -  - /srv/beegfs/scratch/groups/rodem/lumea/datasets/JetClass/Pythia/train_100M/HToCC_039.root
[2026-07-08 10:24:43,769][gpu050|rank:unknown|gabbro.data.iterable_dataset_jetclass-IterDataset-Train][INFO] -  - /srv/beegfs/scratch/groups/rodem/lumea/datasets/JetClass/Pythia/train_100M/HToCC_040.root
[2026-07-08 10:24:43,769][gpu050|rank:unknown|gabbro.data.iterable_dataset_jetclass-IterDataset-Train][INFO] -  - /srv/beegfs/scratch/groups/rodem/lumea/datasets/JetClass/Pythia/train_100M/HToCC_041.root
[2026-07-08 10:24:43,770][gpu050|rank:unknown|gabbro.data.iterable_dataset_jetclass-IterDataset-Train][INFO] -  - /srv/beegfs/scratch/groups/rodem/lumea/datasets/JetClass/Pythia/train_100M/HToCC_042.root
[2026-07-08 10:24:43,771][gpu050|rank:unknown|gabbro.data.iterable_dataset_jetclass-IterDataset-Train][INFO] -  - /srv/beegfs/scratch/groups/rodem/lumea/datasets/JetClass/Pythia/train_100M/HToCC_043.root
[2026-07-08 10:24:43,772][gpu050|rank:unknown|gabbro.data.iterable_dataset_jetclass-IterDataset-Train][INFO] -  - /srv/beegfs/scratch/groups/rodem/lumea/datasets/JetClass/Pythia/train_100M/HToCC_044.root
[2026-07-08 10:24:43,773][gpu050|rank:unknown|gabbro.data.iterable_dataset_jetclass-IterDataset-Train][INFO] -  - /srv/beegfs/scratch/groups/rodem/lumea/datasets/JetClass/Pythia/train_100M/HToCC_045.root
[2026-07-08 10:24:43,774][gpu050|rank:unknown|gabbro.data.iterable_dataset_jetclass-IterDataset-Train][INFO] -  - /srv/beegfs/scratch/groups/rodem/lumea/datasets/JetClass/Pythia/train_100M/HToCC_046.root
[2026-07-08 10:24:43,775][gpu050|rank:unknown|gabbro.data.iterable_dataset_jetclass-IterDataset-Train][INFO] -  - /srv/beegfs/scratch/groups/rodem/lumea/datasets/JetClass/Pythia/train_100M/HToCC_047.root
[2026-07-08 10:24:43,775][gpu050|rank:unknown|gabbro.data.iterable_dataset_jetclass-IterDataset-Train][INFO] -  - /srv/beegfs/scratch/groups/rodem/lumea/datasets/JetClass/Pythia/train_100M/HToCC_048.root
[2026-07-08 10:24:43,776][gpu050|rank:unknown|gabbro.data.iterable_dataset_jetclass-IterDataset-Train][INFO] -  - /srv/beegfs/scratch/groups/rodem/lumea/datasets/JetClass/Pythia/train_100M/HToCC_049.root
[2026-07-08 10:24:43,777][gpu050|rank:unknown|gabbro.data.iterable_dataset_jetclass-IterDataset-Train][INFO] -  - /srv/beegfs/scratch/groups/rodem/lumea/datasets/JetClass/Pythia/train_100M/HToCC_050.root
[2026-07-08 10:24:43,778][gpu050|rank:unknown|gabbro.data.iterable_dataset_jetclass-IterDataset-Train][INFO] -  - /srv/beegfs/scratch/groups/rodem/lumea/datasets/JetClass/Pythia/train_100M/HToCC_051.root
[2026-07-08 10:24:43,779][gpu050|rank:unknown|gabbro.data.iterable_dataset_jetclass-IterDataset-Train][INFO] -  - /srv/beegfs/scratch/groups/rodem/lumea/datasets/JetClass/Pythia/train_100M/HToCC_052.root
[2026-07-08 10:24:43,779][gpu050|rank:unknown|gabbro.data.iterable_dataset_jetclass-IterDataset-Train][INFO] -  - /srv/beegfs/scratch/groups/rodem/lumea/datasets/JetClass/Pythia/train_100M/HToCC_053.root
[2026-07-08 10:24:43,780][gpu050|rank:unknown|gabbro.data.iterable_dataset_jetclass-IterDataset-Train][INFO] -  - /srv/beegfs/scratch/groups/rodem/lumea/datasets/JetClass/Pythia/train_100M/HToCC_054.root
[2026-07-08 10:24:43,780][gpu050|rank:unknown|gabbro.data.iterable_dataset_jetclass-IterDataset-Train][INFO] -  - /srv/beegfs/scratch/groups/rodem/lumea/datasets/JetClass/Pythia/train_100M/HToCC_055.root
[2026-07-08 10:24:43,781][gpu050|rank:unknown|gabbro.data.iterable_dataset_jetclass-IterDataset-Train][INFO] -  - /srv/beegfs/scratch/groups/rodem/lumea/datasets/JetClass/Pythia/train_100M/HToCC_056.root
[2026-07-08 10:24:43,782][gpu050|rank:unknown|gabbro.data.iterable_dataset_jetclass-IterDataset-Train][INFO] -  - /srv/beegfs/scratch/groups/rodem/lumea/datasets/JetClass/Pythia/train_100M/HToCC_057.root
[2026-07-08 10:24:43,782][gpu050|rank:unknown|gabbro.data.iterable_dataset_jetclass-IterDataset-Train][INFO] -  - /srv/beegfs/scratch/groups/rodem/lumea/datasets/JetClass/Pythia/train_100M/HToCC_058.root
[2026-07-08 10:24:43,783][gpu050|rank:unknown|gabbro.data.iterable_dataset_jetclass-IterDataset-Train][INFO] -  - /srv/beegfs/scratch/groups/rodem/lumea/datasets/JetClass/Pythia/train_100M/HToCC_059.root
[2026-07-08 10:24:43,784][gpu050|rank:unknown|gabbro.data.iterable_dataset_jetclass-IterDataset-Train][INFO] -  - /srv/beegfs/scratch/groups/rodem/lumea/datasets/JetClass/Pythia/train_100M/HToCC_060.root
[2026-07-08 10:24:43,785][gpu050|rank:unknown|gabbro.data.iterable_dataset_jetclass-IterDataset-Train][INFO] -  - /srv/beegfs/scratch/groups/rodem/lumea/datasets/JetClass/Pythia/train_100M/HToCC_061.root
[2026-07-08 10:24:43,785][gpu050|rank:unknown|gabbro.data.iterable_dataset_jetclass-IterDataset-Train][INFO] -  - /srv/beegfs/scratch/groups/rodem/lumea/datasets/JetClass/Pythia/train_100M/HToCC_062.root
[2026-07-08 10:24:43,786][gpu050|rank:unknown|gabbro.data.iterable_dataset_jetclass-IterDataset-Train][INFO] -  - /srv/beegfs/scratch/groups/rodem/lumea/datasets/JetClass/Pythia/train_100M/HToCC_063.root
[2026-07-08 10:24:43,786][gpu050|rank:unknown|gabbro.data.iterable_dataset_jetclass-IterDataset-Train][INFO] -  - /srv/beegfs/scratch/groups/rodem/lumea/datasets/JetClass/Pythia/train_100M/HToCC_064.root
[2026-07-08 10:24:43,786][gpu050|rank:unknown|gabbro.data.iterable_dataset_jetclass-IterDataset-Train][INFO] -  - /srv/beegfs/scratch/groups/rodem/lumea/datasets/JetClass/Pythia/train_100M/HToCC_065.root
[2026-07-08 10:24:43,787][gpu050|rank:unknown|gabbro.data.iterable_dataset_jetclass-IterDataset-Train][INFO] -  - /srv/beegfs/scratch/groups/rodem/lumea/datasets/JetClass/Pythia/train_100M/HToCC_066.root
[2026-07-08 10:24:43,788][gpu050|rank:unknown|gabbro.data.iterable_dataset_jetclass-IterDataset-Train][INFO] -  - /srv/beegfs/scratch/groups/rodem/lumea/datasets/JetClass/Pythia/train_100M/HToCC_067.root
[2026-07-08 10:24:43,789][gpu050|rank:unknown|gabbro.data.iterable_dataset_jetclass-IterDataset-Train][INFO] -  - /srv/beegfs/scratch/groups/rodem/lumea/datasets/JetClass/Pythia/train_100M/HToCC_068.root
[2026-07-08 10:24:43,789][gpu050|rank:unknown|gabbro.data.iterable_dataset_jetclass-IterDataset-Train][INFO] -  - /srv/beegfs/scratch/groups/rodem/lumea/datasets/JetClass/Pythia/train_100M/HToCC_069.root
[2026-07-08 10:24:43,790][gpu050|rank:unknown|gabbro.data.iterable_dataset_jetclass-IterDataset-Train][INFO] -  - /srv/beegfs/scratch/groups/rodem/lumea/datasets/JetClass/Pythia/train_100M/HToCC_070.root
[2026-07-08 10:24:43,791][gpu050|rank:unknown|gabbro.data.iterable_dataset_jetclass-IterDataset-Train][INFO] -  - /srv/beegfs/scratch/groups/rodem/lumea/datasets/JetClass/Pythia/train_100M/HToCC_071.root
[2026-07-08 10:24:43,791][gpu050|rank:unknown|gabbro.data.iterable_dataset_jetclass-IterDataset-Train][INFO] -  - /srv/beegfs/scratch/groups/rodem/lumea/datasets/JetClass/Pythia/train_100M/HToCC_072.root
[2026-07-08 10:24:43,792][gpu050|rank:unknown|gabbro.data.iterable_dataset_jetclass-IterDataset-Train][INFO] -  - /srv/beegfs/scratch/groups/rodem/lumea/datasets/JetClass/Pythia/train_100M/HToCC_073.root
[2026-07-08 10:24:43,792][gpu050|rank:unknown|gabbro.data.iterable_dataset_jetclass-IterDataset-Train][INFO] -  - /srv/beegfs/scratch/groups/rodem/lumea/datasets/JetClass/Pythia/train_100M/HToCC_074.root
[2026-07-08 10:24:43,793][gpu050|rank:unknown|gabbro.data.iterable_dataset_jetclass-IterDataset-Train][INFO] -  - /srv/beegfs/scratch/groups/rodem/lumea/datasets/JetClass/Pythia/train_100M/HToCC_075.root
[2026-07-08 10:24:43,793][gpu050|rank:unknown|gabbro.data.iterable_dataset_jetclass-IterDataset-Train][INFO] -  - /srv/beegfs/scratch/groups/rodem/lumea/datasets/JetClass/Pythia/train_100M/HToCC_076.root
[2026-07-08 10:24:43,794][gpu050|rank:unknown|gabbro.data.iterable_dataset_jetclass-IterDataset-Train][INFO] -  - /srv/beegfs/scratch/groups/rodem/lumea/datasets/JetClass/Pythia/train_100M/HToCC_077.root
[2026-07-08 10:24:43,795][gpu050|rank:unknown|gabbro.data.iterable_dataset_jetclass-IterDataset-Train][INFO] -  - /srv/beegfs/scratch/groups/rodem/lumea/datasets/JetClass/Pythia/train_100M/HToCC_078.root
[2026-07-08 10:24:43,796][gpu050|rank:unknown|gabbro.data.iterable_dataset_jetclass-IterDataset-Train][INFO] -  - /srv/beegfs/scratch/groups/rodem/lumea/datasets/JetClass/Pythia/train_100M/HToCC_079.root
[2026-07-08 10:24:43,796][gpu050|rank:unknown|gabbro.data.iterable_dataset_jetclass-IterDataset-Train][INFO] -  - /srv/beegfs/scratch/groups/rodem/lumea/datasets/JetClass/Pythia/train_100M/HToCC_080.root
[2026-07-08 10:24:43,797][gpu050|rank:unknown|gabbro.data.iterable_dataset_jetclass-IterDataset-Train][INFO] -  - /srv/beegfs/scratch/groups/rodem/lumea/datasets/JetClass/Pythia/train_100M/HToCC_081.root
[2026-07-08 10:24:43,797][gpu050|rank:unknown|gabbro.data.iterable_dataset_jetclass-IterDataset-Train][INFO] -  - /srv/beegfs/scratch/groups/rodem/lumea/datasets/JetClass/Pythia/train_100M/HToCC_082.root
[2026-07-08 10:24:43,798][gpu050|rank:unknown|gabbro.data.iterable_dataset_jetclass-IterDataset-Train][INFO] -  - /srv/beegfs/scratch/groups/rodem/lumea/datasets/JetClass/Pythia/train_100M/HToCC_083.root
[2026-07-08 10:24:43,799][gpu050|rank:unknown|gabbro.data.iterable_dataset_jetclass-IterDataset-Train][INFO] -  - /srv/beegfs/scratch/groups/rodem/lumea/datasets/JetClass/Pythia/train_100M/HToCC_084.root
[2026-07-08 10:24:43,799][gpu050|rank:unknown|gabbro.data.iterable_dataset_jetclass-IterDataset-Train][INFO] -  - /srv/beegfs/scratch/groups/rodem/lumea/datasets/JetClass/Pythia/train_100M/HToCC_085.root
[2026-07-08 10:24:43,800][gpu050|rank:unknown|gabbro.data.iterable_dataset_jetclass-IterDataset-Train][INFO] -  - /srv/beegfs/scratch/groups/rodem/lumea/datasets/JetClass/Pythia/train_100M/HToCC_086.root
[2026-07-08 10:24:43,801][gpu050|rank:unknown|gabbro.data.iterable_dataset_jetclass-IterDataset-Train][INFO] -  - /srv/beegfs/scratch/groups/rodem/lumea/datasets/JetClass/Pythia/train_100M/HToCC_087.root
[2026-07-08 10:24:43,802][gpu050|rank:unknown|gabbro.data.iterable_dataset_jetclass-IterDataset-Train][INFO] -  - /srv/beegfs/scratch/groups/rodem/lumea/datasets/JetClass/Pythia/train_100M/HToCC_088.root
[2026-07-08 10:24:43,803][gpu050|rank:unknown|gabbro.data.iterable_dataset_jetclass-IterDataset-Train][INFO] -  - /srv/beegfs/scratch/groups/rodem/lumea/datasets/JetClass/Pythia/train_100M/HToCC_089.root
[2026-07-08 10:24:43,803][gpu050|rank:unknown|gabbro.data.iterable_dataset_jetclass-IterDataset-Train][INFO] -  - /srv/beegfs/scratch/groups/rodem/lumea/datasets/JetClass/Pythia/train_100M/HToCC_090.root
[2026-07-08 10:24:43,804][gpu050|rank:unknown|gabbro.data.iterable_dataset_jetclass-IterDataset-Train][INFO] -  - /srv/beegfs/scratch/groups/rodem/lumea/datasets/JetClass/Pythia/train_100M/HToCC_091.root
[2026-07-08 10:24:43,805][gpu050|rank:unknown|gabbro.data.iterable_dataset_jetclass-IterDataset-Train][INFO] -  - /srv/beegfs/scratch/groups/rodem/lumea/datasets/JetClass/Pythia/train_100M/HToCC_092.root
[2026-07-08 10:24:43,805][gpu050|rank:unknown|gabbro.data.iterable_dataset_jetclass-IterDataset-Train][INFO] -  - /srv/beegfs/scratch/groups/rodem/lumea/datasets/JetClass/Pythia/train_100M/HToCC_093.root
[2026-07-08 10:24:43,806][gpu050|rank:unknown|gabbro.data.iterable_dataset_jetclass-IterDataset-Train][INFO] -  - /srv/beegfs/scratch/groups/rodem/lumea/datasets/JetClass/Pythia/train_100M/HToCC_094.root
[2026-07-08 10:24:43,807][gpu050|rank:unknown|gabbro.data.iterable_dataset_jetclass-IterDataset-Train][INFO] -  - /srv/beegfs/scratch/groups/rodem/lumea/datasets/JetClass/Pythia/train_100M/HToCC_095.root
[2026-07-08 10:24:43,807][gpu050|rank:unknown|gabbro.data.iterable_dataset_jetclass-IterDataset-Train][INFO] -  - /srv/beegfs/scratch/groups/rodem/lumea/datasets/JetClass/Pythia/train_100M/HToCC_096.root
[2026-07-08 10:24:43,808][gpu050|rank:unknown|gabbro.data.iterable_dataset_jetclass-IterDataset-Train][INFO] -  - /srv/beegfs/scratch/groups/rodem/lumea/datasets/JetClass/Pythia/train_100M/HToCC_097.root
[2026-07-08 10:24:43,808][gpu050|rank:unknown|gabbro.data.iterable_dataset_jetclass-IterDataset-Train][INFO] -  - /srv/beegfs/scratch/groups/rodem/lumea/datasets/JetClass/Pythia/train_100M/HToCC_098.root
[2026-07-08 10:24:43,809][gpu050|rank:unknown|gabbro.data.iterable_dataset_jetclass-IterDataset-Train][INFO] -  - /srv/beegfs/scratch/groups/rodem/lumea/datasets/JetClass/Pythia/train_100M/HToCC_099.root
[2026-07-08 10:24:43,816][gpu050|rank:unknown|gabbro.data.iterable_dataset_jetclass-IterDataset-Train][INFO] - Files for jet_type Hgg:
[2026-07-08 10:24:43,818][gpu050|rank:unknown|gabbro.data.iterable_dataset_jetclass-IterDataset-Train][INFO] -  - /srv/beegfs/scratch/groups/rodem/lumea/datasets/JetClass/Pythia/train_100M/HToGG_000.root
[2026-07-08 10:24:43,818][gpu050|rank:unknown|gabbro.data.iterable_dataset_jetclass-IterDataset-Train][INFO] -  - /srv/beegfs/scratch/groups/rodem/lumea/datasets/JetClass/Pythia/train_100M/HToGG_001.root
[2026-07-08 10:24:43,819][gpu050|rank:unknown|gabbro.data.iterable_dataset_jetclass-IterDataset-Train][INFO] -  - /srv/beegfs/scratch/groups/rodem/lumea/datasets/JetClass/Pythia/train_100M/HToGG_002.root
[2026-07-08 10:24:43,820][gpu050|rank:unknown|gabbro.data.iterable_dataset_jetclass-IterDataset-Train][INFO] -  - /srv/beegfs/scratch/groups/rodem/lumea/datasets/JetClass/Pythia/train_100M/HToGG_003.root
[2026-07-08 10:24:43,821][gpu050|rank:unknown|gabbro.data.iterable_dataset_jetclass-IterDataset-Train][INFO] -  - /srv/beegfs/scratch/groups/rodem/lumea/datasets/JetClass/Pythia/train_100M/HToGG_004.root
[2026-07-08 10:24:43,821][gpu050|rank:unknown|gabbro.data.iterable_dataset_jetclass-IterDataset-Train][INFO] -  - /srv/beegfs/scratch/groups/rodem/lumea/datasets/JetClass/Pythia/train_100M/HToGG_005.root
[2026-07-08 10:24:43,821][gpu050|rank:unknown|gabbro.data.iterable_dataset_jetclass-IterDataset-Train][INFO] -  - /srv/beegfs/scratch/groups/rodem/lumea/datasets/JetClass/Pythia/train_100M/HToGG_006.root
[2026-07-08 10:24:43,822][gpu050|rank:unknown|gabbro.data.iterable_dataset_jetclass-IterDataset-Train][INFO] -  - /srv/beegfs/scratch/groups/rodem/lumea/datasets/JetClass/Pythia/train_100M/HToGG_007.root
[2026-07-08 10:24:43,822][gpu050|rank:unknown|gabbro.data.iterable_dataset_jetclass-IterDataset-Train][INFO] -  - /srv/beegfs/scratch/groups/rodem/lumea/datasets/JetClass/Pythia/train_100M/HToGG_008.root
[2026-07-08 10:24:43,823][gpu050|rank:unknown|gabbro.data.iterable_dataset_jetclass-IterDataset-Train][INFO] -  - /srv/beegfs/scratch/groups/rodem/lumea/datasets/JetClass/Pythia/train_100M/HToGG_009.root
[2026-07-08 10:24:43,824][gpu050|rank:unknown|gabbro.data.iterable_dataset_jetclass-IterDataset-Train][INFO] -  - /srv/beegfs/scratch/groups/rodem/lumea/datasets/JetClass/Pythia/train_100M/HToGG_010.root
[2026-07-08 10:24:43,825][gpu050|rank:unknown|gabbro.data.iterable_dataset_jetclass-IterDataset-Train][INFO] -  - /srv/beegfs/scratch/groups/rodem/lumea/datasets/JetClass/Pythia/train_100M/HToGG_011.root
[2026-07-08 10:24:43,825][gpu050|rank:unknown|gabbro.data.iterable_dataset_jetclass-IterDataset-Train][INFO] -  - /srv/beegfs/scratch/groups/rodem/lumea/datasets/JetClass/Pythia/train_100M/HToGG_012.root
[2026-07-08 10:24:43,826][gpu050|rank:unknown|gabbro.data.iterable_dataset_jetclass-IterDataset-Train][INFO] -  - /srv/beegfs/scratch/groups/rodem/lumea/datasets/JetClass/Pythia/train_100M/HToGG_013.root
[2026-07-08 10:24:43,826][gpu050|rank:unknown|gabbro.data.iterable_dataset_jetclass-IterDataset-Train][INFO] -  - /srv/beegfs/scratch/groups/rodem/lumea/datasets/JetClass/Pythia/train_100M/HToGG_014.root
[2026-07-08 10:24:43,827][gpu050|rank:unknown|gabbro.data.iterable_dataset_jetclass-IterDataset-Train][INFO] -  - /srv/beegfs/scratch/groups/rodem/lumea/datasets/JetClass/Pythia/train_100M/HToGG_015.root
[2026-07-08 10:24:43,828][gpu050|rank:unknown|gabbro.data.iterable_dataset_jetclass-IterDataset-Train][INFO] -  - /srv/beegfs/scratch/groups/rodem/lumea/datasets/JetClass/Pythia/train_100M/HToGG_016.root
[2026-07-08 10:24:43,828][gpu050|rank:unknown|gabbro.data.iterable_dataset_jetclass-IterDataset-Train][INFO] -  - /srv/beegfs/scratch/groups/rodem/lumea/datasets/JetClass/Pythia/train_100M/HToGG_017.root
[2026-07-08 10:24:43,829][gpu050|rank:unknown|gabbro.data.iterable_dataset_jetclass-IterDataset-Train][INFO] -  - /srv/beegfs/scratch/groups/rodem/lumea/datasets/JetClass/Pythia/train_100M/HToGG_018.root
[2026-07-08 10:24:43,830][gpu050|rank:unknown|gabbro.data.iterable_dataset_jetclass-IterDataset-Train][INFO] -  - /srv/beegfs/scratch/groups/rodem/lumea/datasets/JetClass/Pythia/train_100M/HToGG_019.root
[2026-07-08 10:24:43,830][gpu050|rank:unknown|gabbro.data.iterable_dataset_jetclass-IterDataset-Train][INFO] -  - /srv/beegfs/scratch/groups/rodem/lumea/datasets/JetClass/Pythia/train_100M/HToGG_020.root
[2026-07-08 10:24:43,831][gpu050|rank:unknown|gabbro.data.iterable_dataset_jetclass-IterDataset-Train][INFO] -  - /srv/beegfs/scratch/groups/rodem/lumea/datasets/JetClass/Pythia/train_100M/HToGG_021.root
[2026-07-08 10:24:43,832][gpu050|rank:unknown|gabbro.data.iterable_dataset_jetclass-IterDataset-Train][INFO] -  - /srv/beegfs/scratch/groups/rodem/lumea/datasets/JetClass/Pythia/train_100M/HToGG_022.root
[2026-07-08 10:24:43,832][gpu050|rank:unknown|gabbro.data.iterable_dataset_jetclass-IterDataset-Train][INFO] -  - /srv/beegfs/scratch/groups/rodem/lumea/datasets/JetClass/Pythia/train_100M/HToGG_023.root
[2026-07-08 10:24:43,833][gpu050|rank:unknown|gabbro.data.iterable_dataset_jetclass-IterDataset-Train][INFO] -  - /srv/beegfs/scratch/groups/rodem/lumea/datasets/JetClass/Pythia/train_100M/HToGG_024.root
[2026-07-08 10:24:43,833][gpu050|rank:unknown|gabbro.data.iterable_dataset_jetclass-IterDataset-Train][INFO] -  - /srv/beegfs/scratch/groups/rodem/lumea/datasets/JetClass/Pythia/train_100M/HToGG_025.root
[2026-07-08 10:24:43,834][gpu050|rank:unknown|gabbro.data.iterable_dataset_jetclass-IterDataset-Train][INFO] -  - /srv/beegfs/scratch/groups/rodem/lumea/datasets/JetClass/Pythia/train_100M/HToGG_026.root
[2026-07-08 10:24:43,835][gpu050|rank:unknown|gabbro.data.iterable_dataset_jetclass-IterDataset-Train][INFO] -  - /srv/beegfs/scratch/groups/rodem/lumea/datasets/JetClass/Pythia/train_100M/HToGG_027.root
[2026-07-08 10:24:43,835][gpu050|rank:unknown|gabbro.data.iterable_dataset_jetclass-IterDataset-Train][INFO] -  - /srv/beegfs/scratch/groups/rodem/lumea/datasets/JetClass/Pythia/train_100M/HToGG_028.root
[2026-07-08 10:24:43,836][gpu050|rank:unknown|gabbro.data.iterable_dataset_jetclass-IterDataset-Train][INFO] -  - /srv/beegfs/scratch/groups/rodem/lumea/datasets/JetClass/Pythia/train_100M/HToGG_029.root
[2026-07-08 10:24:43,837][gpu050|rank:unknown|gabbro.data.iterable_dataset_jetclass-IterDataset-Train][INFO] -  - /srv/beegfs/scratch/groups/rodem/lumea/datasets/JetClass/Pythia/train_100M/HToGG_030.root
[2026-07-08 10:24:43,837][gpu050|rank:unknown|gabbro.data.iterable_dataset_jetclass-IterDataset-Train][INFO] -  - /srv/beegfs/scratch/groups/rodem/lumea/datasets/JetClass/Pythia/train_100M/HToGG_031.root
[2026-07-08 10:24:43,838][gpu050|rank:unknown|gabbro.data.iterable_dataset_jetclass-IterDataset-Train][INFO] -  - /srv/beegfs/scratch/groups/rodem/lumea/datasets/JetClass/Pythia/train_100M/HToGG_032.root
[2026-07-08 10:24:43,838][gpu050|rank:unknown|gabbro.data.iterable_dataset_jetclass-IterDataset-Train][INFO] -  - /srv/beegfs/scratch/groups/rodem/lumea/datasets/JetClass/Pythia/train_100M/HToGG_033.root
[2026-07-08 10:24:43,838][gpu050|rank:unknown|gabbro.data.iterable_dataset_jetclass-IterDataset-Train][INFO] -  - /srv/beegfs/scratch/groups/rodem/lumea/datasets/JetClass/Pythia/train_100M/HToGG_034.root
[2026-07-08 10:24:43,839][gpu050|rank:unknown|gabbro.data.iterable_dataset_jetclass-IterDataset-Train][INFO] -  - /srv/beegfs/scratch/groups/rodem/lumea/datasets/JetClass/Pythia/train_100M/HToGG_035.root
[2026-07-08 10:24:43,840][gpu050|rank:unknown|gabbro.data.iterable_dataset_jetclass-IterDataset-Train][INFO] -  - /srv/beegfs/scratch/groups/rodem/lumea/datasets/JetClass/Pythia/train_100M/HToGG_036.root
[2026-07-08 10:24:43,840][gpu050|rank:unknown|gabbro.data.iterable_dataset_jetclass-IterDataset-Train][INFO] -  - /srv/beegfs/scratch/groups/rodem/lumea/datasets/JetClass/Pythia/train_100M/HToGG_037.root
[2026-07-08 10:24:43,841][gpu050|rank:unknown|gabbro.data.iterable_dataset_jetclass-IterDataset-Train][INFO] -  - /srv/beegfs/scratch/groups/rodem/lumea/datasets/JetClass/Pythia/train_100M/HToGG_038.root
[2026-07-08 10:24:43,842][gpu050|rank:unknown|gabbro.data.iterable_dataset_jetclass-IterDataset-Train][INFO] -  - /srv/beegfs/scratch/groups/rodem/lumea/datasets/JetClass/Pythia/train_100M/HToGG_039.root
[2026-07-08 10:24:43,842][gpu050|rank:unknown|gabbro.data.iterable_dataset_jetclass-IterDataset-Train][INFO] -  - /srv/beegfs/scratch/groups/rodem/lumea/datasets/JetClass/Pythia/train_100M/HToGG_040.root
[2026-07-08 10:24:43,843][gpu050|rank:unknown|gabbro.data.iterable_dataset_jetclass-IterDataset-Train][INFO] -  - /srv/beegfs/scratch/groups/rodem/lumea/datasets/JetClass/Pythia/train_100M/HToGG_041.root
[2026-07-08 10:24:43,843][gpu050|rank:unknown|gabbro.data.iterable_dataset_jetclass-IterDataset-Train][INFO] -  - /srv/beegfs/scratch/groups/rodem/lumea/datasets/JetClass/Pythia/train_100M/HToGG_042.root
[2026-07-08 10:24:43,844][gpu050|rank:unknown|gabbro.data.iterable_dataset_jetclass-IterDataset-Train][INFO] -  - /srv/beegfs/scratch/groups/rodem/lumea/datasets/JetClass/Pythia/train_100M/HToGG_043.root
[2026-07-08 10:24:43,844][gpu050|rank:unknown|gabbro.data.iterable_dataset_jetclass-IterDataset-Train][INFO] -  - /srv/beegfs/scratch/groups/rodem/lumea/datasets/JetClass/Pythia/train_100M/HToGG_044.root
[2026-07-08 10:24:43,845][gpu050|rank:unknown|gabbro.data.iterable_dataset_jetclass-IterDataset-Train][INFO] -  - /srv/beegfs/scratch/groups/rodem/lumea/datasets/JetClass/Pythia/train_100M/HToGG_045.root
[2026-07-08 10:24:43,846][gpu050|rank:unknown|gabbro.data.iterable_dataset_jetclass-IterDataset-Train][INFO] -  - /srv/beegfs/scratch/groups/rodem/lumea/datasets/JetClass/Pythia/train_100M/HToGG_046.root
[2026-07-08 10:24:43,847][gpu050|rank:unknown|gabbro.data.iterable_dataset_jetclass-IterDataset-Train][INFO] -  - /srv/beegfs/scratch/groups/rodem/lumea/datasets/JetClass/Pythia/train_100M/HToGG_047.root
[2026-07-08 10:24:43,847][gpu050|rank:unknown|gabbro.data.iterable_dataset_jetclass-IterDataset-Train][INFO] -  - /srv/beegfs/scratch/groups/rodem/lumea/datasets/JetClass/Pythia/train_100M/HToGG_048.root
[2026-07-08 10:24:43,848][gpu050|rank:unknown|gabbro.data.iterable_dataset_jetclass-IterDataset-Train][INFO] -  - /srv/beegfs/scratch/groups/rodem/lumea/datasets/JetClass/Pythia/train_100M/HToGG_049.root
[2026-07-08 10:24:43,849][gpu050|rank:unknown|gabbro.data.iterable_dataset_jetclass-IterDataset-Train][INFO] -  - /srv/beegfs/scratch/groups/rodem/lumea/datasets/JetClass/Pythia/train_100M/HToGG_050.root
[2026-07-08 10:24:43,849][gpu050|rank:unknown|gabbro.data.iterable_dataset_jetclass-IterDataset-Train][INFO] -  - /srv/beegfs/scratch/groups/rodem/lumea/datasets/JetClass/Pythia/train_100M/HToGG_051.root
[2026-07-08 10:24:43,850][gpu050|rank:unknown|gabbro.data.iterable_dataset_jetclass-IterDataset-Train][INFO] -  - /srv/beegfs/scratch/groups/rodem/lumea/datasets/JetClass/Pythia/train_100M/HToGG_052.root
[2026-07-08 10:24:43,851][gpu050|rank:unknown|gabbro.data.iterable_dataset_jetclass-IterDataset-Train][INFO] -  - /srv/beegfs/scratch/groups/rodem/lumea/datasets/JetClass/Pythia/train_100M/HToGG_053.root
[2026-07-08 10:24:43,851][gpu050|rank:unknown|gabbro.data.iterable_dataset_jetclass-IterDataset-Train][INFO] -  - /srv/beegfs/scratch/groups/rodem/lumea/datasets/JetClass/Pythia/train_100M/HToGG_054.root
[2026-07-08 10:24:43,852][gpu050|rank:unknown|gabbro.data.iterable_dataset_jetclass-IterDataset-Train][INFO] -  - /srv/beegfs/scratch/groups/rodem/lumea/datasets/JetClass/Pythia/train_100M/HToGG_055.root
[2026-07-08 10:24:43,853][gpu050|rank:unknown|gabbro.data.iterable_dataset_jetclass-IterDataset-Train][INFO] -  - /srv/beegfs/scratch/groups/rodem/lumea/datasets/JetClass/Pythia/train_100M/HToGG_056.root
[2026-07-08 10:24:43,853][gpu050|rank:unknown|gabbro.data.iterable_dataset_jetclass-IterDataset-Train][INFO] -  - /srv/beegfs/scratch/groups/rodem/lumea/datasets/JetClass/Pythia/train_100M/HToGG_057.root
[2026-07-08 10:24:43,854][gpu050|rank:unknown|gabbro.data.iterable_dataset_jetclass-IterDataset-Train][INFO] -  - /srv/beegfs/scratch/groups/rodem/lumea/datasets/JetClass/Pythia/train_100M/HToGG_058.root
[2026-07-08 10:24:43,855][gpu050|rank:unknown|gabbro.data.iterable_dataset_jetclass-IterDataset-Train][INFO] -  - /srv/beegfs/scratch/groups/rodem/lumea/datasets/JetClass/Pythia/train_100M/HToGG_059.root
[2026-07-08 10:24:43,855][gpu050|rank:unknown|gabbro.data.iterable_dataset_jetclass-IterDataset-Train][INFO] -  - /srv/beegfs/scratch/groups/rodem/lumea/datasets/JetClass/Pythia/train_100M/HToGG_060.root
[2026-07-08 10:24:43,856][gpu050|rank:unknown|gabbro.data.iterable_dataset_jetclass-IterDataset-Train][INFO] -  - /srv/beegfs/scratch/groups/rodem/lumea/datasets/JetClass/Pythia/train_100M/HToGG_061.root
[2026-07-08 10:24:43,856][gpu050|rank:unknown|gabbro.data.iterable_dataset_jetclass-IterDataset-Train][INFO] -  - /srv/beegfs/scratch/groups/rodem/lumea/datasets/JetClass/Pythia/train_100M/HToGG_062.root
[2026-07-08 10:24:43,857][gpu050|rank:unknown|gabbro.data.iterable_dataset_jetclass-IterDataset-Train][INFO] -  - /srv/beegfs/scratch/groups/rodem/lumea/datasets/JetClass/Pythia/train_100M/HToGG_063.root
[2026-07-08 10:24:43,857][gpu050|rank:unknown|gabbro.data.iterable_dataset_jetclass-IterDataset-Train][INFO] -  - /srv/beegfs/scratch/groups/rodem/lumea/datasets/JetClass/Pythia/train_100M/HToGG_064.root
[2026-07-08 10:24:43,858][gpu050|rank:unknown|gabbro.data.iterable_dataset_jetclass-IterDataset-Train][INFO] -  - /srv/beegfs/scratch/groups/rodem/lumea/datasets/JetClass/Pythia/train_100M/HToGG_065.root
[2026-07-08 10:24:43,858][gpu050|rank:unknown|gabbro.data.iterable_dataset_jetclass-IterDataset-Train][INFO] -  - /srv/beegfs/scratch/groups/rodem/lumea/datasets/JetClass/Pythia/train_100M/HToGG_066.root
[2026-07-08 10:24:43,859][gpu050|rank:unknown|gabbro.data.iterable_dataset_jetclass-IterDataset-Train][INFO] -  - /srv/beegfs/scratch/groups/rodem/lumea/datasets/JetClass/Pythia/train_100M/HToGG_067.root
[2026-07-08 10:24:43,860][gpu050|rank:unknown|gabbro.data.iterable_dataset_jetclass-IterDataset-Train][INFO] -  - /srv/beegfs/scratch/groups/rodem/lumea/datasets/JetClass/Pythia/train_100M/HToGG_068.root
[2026-07-08 10:24:43,860][gpu050|rank:unknown|gabbro.data.iterable_dataset_jetclass-IterDataset-Train][INFO] -  - /srv/beegfs/scratch/groups/rodem/lumea/datasets/JetClass/Pythia/train_100M/HToGG_069.root
[2026-07-08 10:24:43,861][gpu050|rank:unknown|gabbro.data.iterable_dataset_jetclass-IterDataset-Train][INFO] -  - /srv/beegfs/scratch/groups/rodem/lumea/datasets/JetClass/Pythia/train_100M/HToGG_070.root
[2026-07-08 10:24:43,862][gpu050|rank:unknown|gabbro.data.iterable_dataset_jetclass-IterDataset-Train][INFO] -  - /srv/beegfs/scratch/groups/rodem/lumea/datasets/JetClass/Pythia/train_100M/HToGG_071.root
[2026-07-08 10:24:43,862][gpu050|rank:unknown|gabbro.data.iterable_dataset_jetclass-IterDataset-Train][INFO] -  - /srv/beegfs/scratch/groups/rodem/lumea/datasets/JetClass/Pythia/train_100M/HToGG_072.root
[2026-07-08 10:24:43,863][gpu050|rank:unknown|gabbro.data.iterable_dataset_jetclass-IterDataset-Train][INFO] -  - /srv/beegfs/scratch/groups/rodem/lumea/datasets/JetClass/Pythia/train_100M/HToGG_073.root
[2026-07-08 10:24:43,863][gpu050|rank:unknown|gabbro.data.iterable_dataset_jetclass-IterDataset-Train][INFO] -  - /srv/beegfs/scratch/groups/rodem/lumea/datasets/JetClass/Pythia/train_100M/HToGG_074.root
[2026-07-08 10:24:43,864][gpu050|rank:unknown|gabbro.data.iterable_dataset_jetclass-IterDataset-Train][INFO] -  - /srv/beegfs/scratch/groups/rodem/lumea/datasets/JetClass/Pythia/train_100M/HToGG_075.root
[2026-07-08 10:24:43,865][gpu050|rank:unknown|gabbro.data.iterable_dataset_jetclass-IterDataset-Train][INFO] -  - /srv/beegfs/scratch/groups/rodem/lumea/datasets/JetClass/Pythia/train_100M/HToGG_076.root
[2026-07-08 10:24:43,866][gpu050|rank:unknown|gabbro.data.iterable_dataset_jetclass-IterDataset-Train][INFO] -  - /srv/beegfs/scratch/groups/rodem/lumea/datasets/JetClass/Pythia/train_100M/HToGG_077.root
[2026-07-08 10:24:43,867][gpu050|rank:unknown|gabbro.data.iterable_dataset_jetclass-IterDataset-Train][INFO] -  - /srv/beegfs/scratch/groups/rodem/lumea/datasets/JetClass/Pythia/train_100M/HToGG_078.root
[2026-07-08 10:24:43,868][gpu050|rank:unknown|gabbro.data.iterable_dataset_jetclass-IterDataset-Train][INFO] -  - /srv/beegfs/scratch/groups/rodem/lumea/datasets/JetClass/Pythia/train_100M/HToGG_079.root
[2026-07-08 10:24:43,868][gpu050|rank:unknown|gabbro.data.iterable_dataset_jetclass-IterDataset-Train][INFO] -  - /srv/beegfs/scratch/groups/rodem/lumea/datasets/JetClass/Pythia/train_100M/HToGG_080.root
[2026-07-08 10:24:43,869][gpu050|rank:unknown|gabbro.data.iterable_dataset_jetclass-IterDataset-Train][INFO] -  - /srv/beegfs/scratch/groups/rodem/lumea/datasets/JetClass/Pythia/train_100M/HToGG_081.root
[2026-07-08 10:24:43,870][gpu050|rank:unknown|gabbro.data.iterable_dataset_jetclass-IterDataset-Train][INFO] -  - /srv/beegfs/scratch/groups/rodem/lumea/datasets/JetClass/Pythia/train_100M/HToGG_082.root
[2026-07-08 10:24:43,870][gpu050|rank:unknown|gabbro.data.iterable_dataset_jetclass-IterDataset-Train][INFO] -  - /srv/beegfs/scratch/groups/rodem/lumea/datasets/JetClass/Pythia/train_100M/HToGG_083.root
[2026-07-08 10:24:43,871][gpu050|rank:unknown|gabbro.data.iterable_dataset_jetclass-IterDataset-Train][INFO] -  - /srv/beegfs/scratch/groups/rodem/lumea/datasets/JetClass/Pythia/train_100M/HToGG_084.root
[2026-07-08 10:24:43,872][gpu050|rank:unknown|gabbro.data.iterable_dataset_jetclass-IterDataset-Train][INFO] -  - /srv/beegfs/scratch/groups/rodem/lumea/datasets/JetClass/Pythia/train_100M/HToGG_085.root
[2026-07-08 10:24:43,873][gpu050|rank:unknown|gabbro.data.iterable_dataset_jetclass-IterDataset-Train][INFO] -  - /srv/beegfs/scratch/groups/rodem/lumea/datasets/JetClass/Pythia/train_100M/HToGG_086.root
[2026-07-08 10:24:43,873][gpu050|rank:unknown|gabbro.data.iterable_dataset_jetclass-IterDataset-Train][INFO] -  - /srv/beegfs/scratch/groups/rodem/lumea/datasets/JetClass/Pythia/train_100M/HToGG_087.root
[2026-07-08 10:24:43,874][gpu050|rank:unknown|gabbro.data.iterable_dataset_jetclass-IterDataset-Train][INFO] -  - /srv/beegfs/scratch/groups/rodem/lumea/datasets/JetClass/Pythia/train_100M/HToGG_088.root
[2026-07-08 10:24:43,874][gpu050|rank:unknown|gabbro.data.iterable_dataset_jetclass-IterDataset-Train][INFO] -  - /srv/beegfs/scratch/groups/rodem/lumea/datasets/JetClass/Pythia/train_100M/HToGG_089.root
[2026-07-08 10:24:43,875][gpu050|rank:unknown|gabbro.data.iterable_dataset_jetclass-IterDataset-Train][INFO] -  - /srv/beegfs/scratch/groups/rodem/lumea/datasets/JetClass/Pythia/train_100M/HToGG_090.root
[2026-07-08 10:24:43,875][gpu050|rank:unknown|gabbro.data.iterable_dataset_jetclass-IterDataset-Train][INFO] -  - /srv/beegfs/scratch/groups/rodem/lumea/datasets/JetClass/Pythia/train_100M/HToGG_091.root
[2026-07-08 10:24:43,876][gpu050|rank:unknown|gabbro.data.iterable_dataset_jetclass-IterDataset-Train][INFO] -  - /srv/beegfs/scratch/groups/rodem/lumea/datasets/JetClass/Pythia/train_100M/HToGG_092.root
[2026-07-08 10:24:43,877][gpu050|rank:unknown|gabbro.data.iterable_dataset_jetclass-IterDataset-Train][INFO] -  - /srv/beegfs/scratch/groups/rodem/lumea/datasets/JetClass/Pythia/train_100M/HToGG_093.root
[2026-07-08 10:24:43,878][gpu050|rank:unknown|gabbro.data.iterable_dataset_jetclass-IterDataset-Train][INFO] -  - /srv/beegfs/scratch/groups/rodem/lumea/datasets/JetClass/Pythia/train_100M/HToGG_094.root
[2026-07-08 10:24:43,878][gpu050|rank:unknown|gabbro.data.iterable_dataset_jetclass-IterDataset-Train][INFO] -  - /srv/beegfs/scratch/groups/rodem/lumea/datasets/JetClass/Pythia/train_100M/HToGG_095.root
[2026-07-08 10:24:43,879][gpu050|rank:unknown|gabbro.data.iterable_dataset_jetclass-IterDataset-Train][INFO] -  - /srv/beegfs/scratch/groups/rodem/lumea/datasets/JetClass/Pythia/train_100M/HToGG_096.root
[2026-07-08 10:24:43,880][gpu050|rank:unknown|gabbro.data.iterable_dataset_jetclass-IterDataset-Train][INFO] -  - /srv/beegfs/scratch/groups/rodem/lumea/datasets/JetClass/Pythia/train_100M/HToGG_097.root
[2026-07-08 10:24:43,880][gpu050|rank:unknown|gabbro.data.iterable_dataset_jetclass-IterDataset-Train][INFO] -  - /srv/beegfs/scratch/groups/rodem/lumea/datasets/JetClass/Pythia/train_100M/HToGG_098.root
[2026-07-08 10:24:43,881][gpu050|rank:unknown|gabbro.data.iterable_dataset_jetclass-IterDataset-Train][INFO] -  - /srv/beegfs/scratch/groups/rodem/lumea/datasets/JetClass/Pythia/train_100M/HToGG_099.root
[2026-07-08 10:24:43,888][gpu050|rank:unknown|gabbro.data.iterable_dataset_jetclass-IterDataset-Train][INFO] - Files for jet_type H4q:
[2026-07-08 10:24:43,889][gpu050|rank:unknown|gabbro.data.iterable_dataset_jetclass-IterDataset-Train][INFO] -  - /srv/beegfs/scratch/groups/rodem/lumea/datasets/JetClass/Pythia/train_100M/HToWW4Q_000.root
[2026-07-08 10:24:43,890][gpu050|rank:unknown|gabbro.data.iterable_dataset_jetclass-IterDataset-Train][INFO] -  - /srv/beegfs/scratch/groups/rodem/lumea/datasets/JetClass/Pythia/train_100M/HToWW4Q_001.root
[2026-07-08 10:24:43,890][gpu050|rank:unknown|gabbro.data.iterable_dataset_jetclass-IterDataset-Train][INFO] -  - /srv/beegfs/scratch/groups/rodem/lumea/datasets/JetClass/Pythia/train_100M/HToWW4Q_002.root
[2026-07-08 10:24:43,891][gpu050|rank:unknown|gabbro.data.iterable_dataset_jetclass-IterDataset-Train][INFO] -  - /srv/beegfs/scratch/groups/rodem/lumea/datasets/JetClass/Pythia/train_100M/HToWW4Q_003.root
[2026-07-08 10:24:43,891][gpu050|rank:unknown|gabbro.data.iterable_dataset_jetclass-IterDataset-Train][INFO] -  - /srv/beegfs/scratch/groups/rodem/lumea/datasets/JetClass/Pythia/train_100M/HToWW4Q_004.root
[2026-07-08 10:24:43,892][gpu050|rank:unknown|gabbro.data.iterable_dataset_jetclass-IterDataset-Train][INFO] -  - /srv/beegfs/scratch/groups/rodem/lumea/datasets/JetClass/Pythia/train_100M/HToWW4Q_005.root
[2026-07-08 10:24:43,893][gpu050|rank:unknown|gabbro.data.iterable_dataset_jetclass-IterDataset-Train][INFO] -  - /srv/beegfs/scratch/groups/rodem/lumea/datasets/JetClass/Pythia/train_100M/HToWW4Q_006.root
[2026-07-08 10:24:43,893][gpu050|rank:unknown|gabbro.data.iterable_dataset_jetclass-IterDataset-Train][INFO] -  - /srv/beegfs/scratch/groups/rodem/lumea/datasets/JetClass/Pythia/train_100M/HToWW4Q_007.root
[2026-07-08 10:24:43,894][gpu050|rank:unknown|gabbro.data.iterable_dataset_jetclass-IterDataset-Train][INFO] -  - /srv/beegfs/scratch/groups/rodem/lumea/datasets/JetClass/Pythia/train_100M/HToWW4Q_008.root
[2026-07-08 10:24:43,894][gpu050|rank:unknown|gabbro.data.iterable_dataset_jetclass-IterDataset-Train][INFO] -  - /srv/beegfs/scratch/groups/rodem/lumea/datasets/JetClass/Pythia/train_100M/HToWW4Q_009.root
[2026-07-08 10:24:43,895][gpu050|rank:unknown|gabbro.data.iterable_dataset_jetclass-IterDataset-Train][INFO] -  - /srv/beegfs/scratch/groups/rodem/lumea/datasets/JetClass/Pythia/train_100M/HToWW4Q_010.root
[2026-07-08 10:24:43,896][gpu050|rank:unknown|gabbro.data.iterable_dataset_jetclass-IterDataset-Train][INFO] -  - /srv/beegfs/scratch/groups/rodem/lumea/datasets/JetClass/Pythia/train_100M/HToWW4Q_011.root
[2026-07-08 10:24:43,897][gpu050|rank:unknown|gabbro.data.iterable_dataset_jetclass-IterDataset-Train][INFO] -  - /srv/beegfs/scratch/groups/rodem/lumea/datasets/JetClass/Pythia/train_100M/HToWW4Q_012.root
[2026-07-08 10:24:43,897][gpu050|rank:unknown|gabbro.data.iterable_dataset_jetclass-IterDataset-Train][INFO] -  - /srv/beegfs/scratch/groups/rodem/lumea/datasets/JetClass/Pythia/train_100M/HToWW4Q_013.root
[2026-07-08 10:24:43,898][gpu050|rank:unknown|gabbro.data.iterable_dataset_jetclass-IterDataset-Train][INFO] -  - /srv/beegfs/scratch/groups/rodem/lumea/datasets/JetClass/Pythia/train_100M/HToWW4Q_014.root
[2026-07-08 10:24:43,898][gpu050|rank:unknown|gabbro.data.iterable_dataset_jetclass-IterDataset-Train][INFO] -  - /srv/beegfs/scratch/groups/rodem/lumea/datasets/JetClass/Pythia/train_100M/HToWW4Q_015.root
[2026-07-08 10:24:43,899][gpu050|rank:unknown|gabbro.data.iterable_dataset_jetclass-IterDataset-Train][INFO] -  - /srv/beegfs/scratch/groups/rodem/lumea/datasets/JetClass/Pythia/train_100M/HToWW4Q_016.root
[2026-07-08 10:24:43,899][gpu050|rank:unknown|gabbro.data.iterable_dataset_jetclass-IterDataset-Train][INFO] -  - /srv/beegfs/scratch/groups/rodem/lumea/datasets/JetClass/Pythia/train_100M/HToWW4Q_017.root
[2026-07-08 10:24:43,900][gpu050|rank:unknown|gabbro.data.iterable_dataset_jetclass-IterDataset-Train][INFO] -  - /srv/beegfs/scratch/groups/rodem/lumea/datasets/JetClass/Pythia/train_100M/HToWW4Q_018.root
[2026-07-08 10:24:43,901][gpu050|rank:unknown|gabbro.data.iterable_dataset_jetclass-IterDataset-Train][INFO] -  - /srv/beegfs/scratch/groups/rodem/lumea/datasets/JetClass/Pythia/train_100M/HToWW4Q_019.root
[2026-07-08 10:24:43,902][gpu050|rank:unknown|gabbro.data.iterable_dataset_jetclass-IterDataset-Train][INFO] -  - /srv/beegfs/scratch/groups/rodem/lumea/datasets/JetClass/Pythia/train_100M/HToWW4Q_020.root
[2026-07-08 10:24:43,902][gpu050|rank:unknown|gabbro.data.iterable_dataset_jetclass-IterDataset-Train][INFO] -  - /srv/beegfs/scratch/groups/rodem/lumea/datasets/JetClass/Pythia/train_100M/HToWW4Q_021.root
[2026-07-08 10:24:43,903][gpu050|rank:unknown|gabbro.data.iterable_dataset_jetclass-IterDataset-Train][INFO] -  - /srv/beegfs/scratch/groups/rodem/lumea/datasets/JetClass/Pythia/train_100M/HToWW4Q_022.root
[2026-07-08 10:24:43,904][gpu050|rank:unknown|gabbro.data.iterable_dataset_jetclass-IterDataset-Train][INFO] -  - /srv/beegfs/scratch/groups/rodem/lumea/datasets/JetClass/Pythia/train_100M/HToWW4Q_023.root
[2026-07-08 10:24:43,904][gpu050|rank:unknown|gabbro.data.iterable_dataset_jetclass-IterDataset-Train][INFO] -  - /srv/beegfs/scratch/groups/rodem/lumea/datasets/JetClass/Pythia/train_100M/HToWW4Q_024.root
[2026-07-08 10:24:43,904][gpu050|rank:unknown|gabbro.data.iterable_dataset_jetclass-IterDataset-Train][INFO] -  - /srv/beegfs/scratch/groups/rodem/lumea/datasets/JetClass/Pythia/train_100M/HToWW4Q_025.root
[2026-07-08 10:24:43,905][gpu050|rank:unknown|gabbro.data.iterable_dataset_jetclass-IterDataset-Train][INFO] -  - /srv/beegfs/scratch/groups/rodem/lumea/datasets/JetClass/Pythia/train_100M/HToWW4Q_026.root
[2026-07-08 10:24:43,905][gpu050|rank:unknown|gabbro.data.iterable_dataset_jetclass-IterDataset-Train][INFO] -  - /srv/beegfs/scratch/groups/rodem/lumea/datasets/JetClass/Pythia/train_100M/HToWW4Q_027.root
[2026-07-08 10:24:43,906][gpu050|rank:unknown|gabbro.data.iterable_dataset_jetclass-IterDataset-Train][INFO] -  - /srv/beegfs/scratch/groups/rodem/lumea/datasets/JetClass/Pythia/train_100M/HToWW4Q_028.root
[2026-07-08 10:24:43,907][gpu050|rank:unknown|gabbro.data.iterable_dataset_jetclass-IterDataset-Train][INFO] -  - /srv/beegfs/scratch/groups/rodem/lumea/datasets/JetClass/Pythia/train_100M/HToWW4Q_029.root
[2026-07-08 10:24:43,908][gpu050|rank:unknown|gabbro.data.iterable_dataset_jetclass-IterDataset-Train][INFO] -  - /srv/beegfs/scratch/groups/rodem/lumea/datasets/JetClass/Pythia/train_100M/HToWW4Q_030.root
[2026-07-08 10:24:43,909][gpu050|rank:unknown|gabbro.data.iterable_dataset_jetclass-IterDataset-Train][INFO] -  - /srv/beegfs/scratch/groups/rodem/lumea/datasets/JetClass/Pythia/train_100M/HToWW4Q_031.root
[2026-07-08 10:24:43,909][gpu050|rank:unknown|gabbro.data.iterable_dataset_jetclass-IterDataset-Train][INFO] -  - /srv/beegfs/scratch/groups/rodem/lumea/datasets/JetClass/Pythia/train_100M/HToWW4Q_032.root
[2026-07-08 10:24:43,910][gpu050|rank:unknown|gabbro.data.iterable_dataset_jetclass-IterDataset-Train][INFO] -  - /srv/beegfs/scratch/groups/rodem/lumea/datasets/JetClass/Pythia/train_100M/HToWW4Q_033.root
[2026-07-08 10:24:43,910][gpu050|rank:unknown|gabbro.data.iterable_dataset_jetclass-IterDataset-Train][INFO] -  - /srv/beegfs/scratch/groups/rodem/lumea/datasets/JetClass/Pythia/train_100M/HToWW4Q_034.root
[2026-07-08 10:24:43,911][gpu050|rank:unknown|gabbro.data.iterable_dataset_jetclass-IterDataset-Train][INFO] -  - /srv/beegfs/scratch/groups/rodem/lumea/datasets/JetClass/Pythia/train_100M/HToWW4Q_035.root
[2026-07-08 10:24:43,912][gpu050|rank:unknown|gabbro.data.iterable_dataset_jetclass-IterDataset-Train][INFO] -  - /srv/beegfs/scratch/groups/rodem/lumea/datasets/JetClass/Pythia/train_100M/HToWW4Q_036.root
[2026-07-08 10:24:43,912][gpu050|rank:unknown|gabbro.data.iterable_dataset_jetclass-IterDataset-Train][INFO] -  - /srv/beegfs/scratch/groups/rodem/lumea/datasets/JetClass/Pythia/train_100M/HToWW4Q_037.root
[2026-07-08 10:24:43,913][gpu050|rank:unknown|gabbro.data.iterable_dataset_jetclass-IterDataset-Train][INFO] -  - /srv/beegfs/scratch/groups/rodem/lumea/datasets/JetClass/Pythia/train_100M/HToWW4Q_038.root
[2026-07-08 10:24:43,914][gpu050|rank:unknown|gabbro.data.iterable_dataset_jetclass-IterDataset-Train][INFO] -  - /srv/beegfs/scratch/groups/rodem/lumea/datasets/JetClass/Pythia/train_100M/HToWW4Q_039.root
[2026-07-08 10:24:43,914][gpu050|rank:unknown|gabbro.data.iterable_dataset_jetclass-IterDataset-Train][INFO] -  - /srv/beegfs/scratch/groups/rodem/lumea/datasets/JetClass/Pythia/train_100M/HToWW4Q_040.root
[2026-07-08 10:24:43,915][gpu050|rank:unknown|gabbro.data.iterable_dataset_jetclass-IterDataset-Train][INFO] -  - /srv/beegfs/scratch/groups/rodem/lumea/datasets/JetClass/Pythia/train_100M/HToWW4Q_041.root
[2026-07-08 10:24:43,916][gpu050|rank:unknown|gabbro.data.iterable_dataset_jetclass-IterDataset-Train][INFO] -  - /srv/beegfs/scratch/groups/rodem/lumea/datasets/JetClass/Pythia/train_100M/HToWW4Q_042.root
[2026-07-08 10:24:43,916][gpu050|rank:unknown|gabbro.data.iterable_dataset_jetclass-IterDataset-Train][INFO] -  - /srv/beegfs/scratch/groups/rodem/lumea/datasets/JetClass/Pythia/train_100M/HToWW4Q_043.root
[2026-07-08 10:24:43,917][gpu050|rank:unknown|gabbro.data.iterable_dataset_jetclass-IterDataset-Train][INFO] -  - /srv/beegfs/scratch/groups/rodem/lumea/datasets/JetClass/Pythia/train_100M/HToWW4Q_044.root
[2026-07-08 10:24:43,917][gpu050|rank:unknown|gabbro.data.iterable_dataset_jetclass-IterDataset-Train][INFO] -  - /srv/beegfs/scratch/groups/rodem/lumea/datasets/JetClass/Pythia/train_100M/HToWW4Q_045.root
[2026-07-08 10:24:43,918][gpu050|rank:unknown|gabbro.data.iterable_dataset_jetclass-IterDataset-Train][INFO] -  - /srv/beegfs/scratch/groups/rodem/lumea/datasets/JetClass/Pythia/train_100M/HToWW4Q_046.root
[2026-07-08 10:24:43,918][gpu050|rank:unknown|gabbro.data.iterable_dataset_jetclass-IterDataset-Train][INFO] -  - /srv/beegfs/scratch/groups/rodem/lumea/datasets/JetClass/Pythia/train_100M/HToWW4Q_047.root
[2026-07-08 10:24:43,920][gpu050|rank:unknown|gabbro.data.iterable_dataset_jetclass-IterDataset-Train][INFO] -  - /srv/beegfs/scratch/groups/rodem/lumea/datasets/JetClass/Pythia/train_100M/HToWW4Q_048.root
[2026-07-08 10:24:43,920][gpu050|rank:unknown|gabbro.data.iterable_dataset_jetclass-IterDataset-Train][INFO] -  - /srv/beegfs/scratch/groups/rodem/lumea/datasets/JetClass/Pythia/train_100M/HToWW4Q_049.root
[2026-07-08 10:24:43,921][gpu050|rank:unknown|gabbro.data.iterable_dataset_jetclass-IterDataset-Train][INFO] -  - /srv/beegfs/scratch/groups/rodem/lumea/datasets/JetClass/Pythia/train_100M/HToWW4Q_050.root
[2026-07-08 10:24:43,921][gpu050|rank:unknown|gabbro.data.iterable_dataset_jetclass-IterDataset-Train][INFO] -  - /srv/beegfs/scratch/groups/rodem/lumea/datasets/JetClass/Pythia/train_100M/HToWW4Q_051.root
[2026-07-08 10:24:43,922][gpu050|rank:unknown|gabbro.data.iterable_dataset_jetclass-IterDataset-Train][INFO] -  - /srv/beegfs/scratch/groups/rodem/lumea/datasets/JetClass/Pythia/train_100M/HToWW4Q_052.root
[2026-07-08 10:24:43,922][gpu050|rank:unknown|gabbro.data.iterable_dataset_jetclass-IterDataset-Train][INFO] -  - /srv/beegfs/scratch/groups/rodem/lumea/datasets/JetClass/Pythia/train_100M/HToWW4Q_053.root
[2026-07-08 10:24:43,923][gpu050|rank:unknown|gabbro.data.iterable_dataset_jetclass-IterDataset-Train][INFO] -  - /srv/beegfs/scratch/groups/rodem/lumea/datasets/JetClass/Pythia/train_100M/HToWW4Q_054.root
[2026-07-08 10:24:43,923][gpu050|rank:unknown|gabbro.data.iterable_dataset_jetclass-IterDataset-Train][INFO] -  - /srv/beegfs/scratch/groups/rodem/lumea/datasets/JetClass/Pythia/train_100M/HToWW4Q_055.root
[2026-07-08 10:24:43,924][gpu050|rank:unknown|gabbro.data.iterable_dataset_jetclass-IterDataset-Train][INFO] -  - /srv/beegfs/scratch/groups/rodem/lumea/datasets/JetClass/Pythia/train_100M/HToWW4Q_056.root
[2026-07-08 10:24:43,925][gpu050|rank:unknown|gabbro.data.iterable_dataset_jetclass-IterDataset-Train][INFO] -  - /srv/beegfs/scratch/groups/rodem/lumea/datasets/JetClass/Pythia/train_100M/HToWW4Q_057.root
[2026-07-08 10:24:43,925][gpu050|rank:unknown|gabbro.data.iterable_dataset_jetclass-IterDataset-Train][INFO] -  - /srv/beegfs/scratch/groups/rodem/lumea/datasets/JetClass/Pythia/train_100M/HToWW4Q_058.root
[2026-07-08 10:24:43,926][gpu050|rank:unknown|gabbro.data.iterable_dataset_jetclass-IterDataset-Train][INFO] -  - /srv/beegfs/scratch/groups/rodem/lumea/datasets/JetClass/Pythia/train_100M/HToWW4Q_059.root
[2026-07-08 10:24:43,927][gpu050|rank:unknown|gabbro.data.iterable_dataset_jetclass-IterDataset-Train][INFO] -  - /srv/beegfs/scratch/groups/rodem/lumea/datasets/JetClass/Pythia/train_100M/HToWW4Q_060.root
[2026-07-08 10:24:43,927][gpu050|rank:unknown|gabbro.data.iterable_dataset_jetclass-IterDataset-Train][INFO] -  - /srv/beegfs/scratch/groups/rodem/lumea/datasets/JetClass/Pythia/train_100M/HToWW4Q_061.root
[2026-07-08 10:24:43,928][gpu050|rank:unknown|gabbro.data.iterable_dataset_jetclass-IterDataset-Train][INFO] -  - /srv/beegfs/scratch/groups/rodem/lumea/datasets/JetClass/Pythia/train_100M/HToWW4Q_062.root
[2026-07-08 10:24:43,928][gpu050|rank:unknown|gabbro.data.iterable_dataset_jetclass-IterDataset-Train][INFO] -  - /srv/beegfs/scratch/groups/rodem/lumea/datasets/JetClass/Pythia/train_100M/HToWW4Q_063.root
[2026-07-08 10:24:43,928][gpu050|rank:unknown|gabbro.data.iterable_dataset_jetclass-IterDataset-Train][INFO] -  - /srv/beegfs/scratch/groups/rodem/lumea/datasets/JetClass/Pythia/train_100M/HToWW4Q_064.root
[2026-07-08 10:24:43,929][gpu050|rank:unknown|gabbro.data.iterable_dataset_jetclass-IterDataset-Train][INFO] -  - /srv/beegfs/scratch/groups/rodem/lumea/datasets/JetClass/Pythia/train_100M/HToWW4Q_065.root
[2026-07-08 10:24:43,931][gpu050|rank:unknown|gabbro.data.iterable_dataset_jetclass-IterDataset-Train][INFO] -  - /srv/beegfs/scratch/groups/rodem/lumea/datasets/JetClass/Pythia/train_100M/HToWW4Q_066.root
[2026-07-08 10:24:43,932][gpu050|rank:unknown|gabbro.data.iterable_dataset_jetclass-IterDataset-Train][INFO] -  - /srv/beegfs/scratch/groups/rodem/lumea/datasets/JetClass/Pythia/train_100M/HToWW4Q_067.root
[2026-07-08 10:24:43,932][gpu050|rank:unknown|gabbro.data.iterable_dataset_jetclass-IterDataset-Train][INFO] -  - /srv/beegfs/scratch/groups/rodem/lumea/datasets/JetClass/Pythia/train_100M/HToWW4Q_068.root
[2026-07-08 10:24:43,933][gpu050|rank:unknown|gabbro.data.iterable_dataset_jetclass-IterDataset-Train][INFO] -  - /srv/beegfs/scratch/groups/rodem/lumea/datasets/JetClass/Pythia/train_100M/HToWW4Q_069.root
[2026-07-08 10:24:43,934][gpu050|rank:unknown|gabbro.data.iterable_dataset_jetclass-IterDataset-Train][INFO] -  - /srv/beegfs/scratch/groups/rodem/lumea/datasets/JetClass/Pythia/train_100M/HToWW4Q_070.root
[2026-07-08 10:24:43,934][gpu050|rank:unknown|gabbro.data.iterable_dataset_jetclass-IterDataset-Train][INFO] -  - /srv/beegfs/scratch/groups/rodem/lumea/datasets/JetClass/Pythia/train_100M/HToWW4Q_071.root
[2026-07-08 10:24:43,935][gpu050|rank:unknown|gabbro.data.iterable_dataset_jetclass-IterDataset-Train][INFO] -  - /srv/beegfs/scratch/groups/rodem/lumea/datasets/JetClass/Pythia/train_100M/HToWW4Q_072.root
[2026-07-08 10:24:43,936][gpu050|rank:unknown|gabbro.data.iterable_dataset_jetclass-IterDataset-Train][INFO] -  - /srv/beegfs/scratch/groups/rodem/lumea/datasets/JetClass/Pythia/train_100M/HToWW4Q_073.root
[2026-07-08 10:24:43,937][gpu050|rank:unknown|gabbro.data.iterable_dataset_jetclass-IterDataset-Train][INFO] -  - /srv/beegfs/scratch/groups/rodem/lumea/datasets/JetClass/Pythia/train_100M/HToWW4Q_074.root
[2026-07-08 10:24:43,938][gpu050|rank:unknown|gabbro.data.iterable_dataset_jetclass-IterDataset-Train][INFO] -  - /srv/beegfs/scratch/groups/rodem/lumea/datasets/JetClass/Pythia/train_100M/HToWW4Q_075.root
[2026-07-08 10:24:43,938][gpu050|rank:unknown|gabbro.data.iterable_dataset_jetclass-IterDataset-Train][INFO] -  - /srv/beegfs/scratch/groups/rodem/lumea/datasets/JetClass/Pythia/train_100M/HToWW4Q_076.root
[2026-07-08 10:24:43,939][gpu050|rank:unknown|gabbro.data.iterable_dataset_jetclass-IterDataset-Train][INFO] -  - /srv/beegfs/scratch/groups/rodem/lumea/datasets/JetClass/Pythia/train_100M/HToWW4Q_077.root
[2026-07-08 10:24:43,940][gpu050|rank:unknown|gabbro.data.iterable_dataset_jetclass-IterDataset-Train][INFO] -  - /srv/beegfs/scratch/groups/rodem/lumea/datasets/JetClass/Pythia/train_100M/HToWW4Q_078.root
[2026-07-08 10:24:43,940][gpu050|rank:unknown|gabbro.data.iterable_dataset_jetclass-IterDataset-Train][INFO] -  - /srv/beegfs/scratch/groups/rodem/lumea/datasets/JetClass/Pythia/train_100M/HToWW4Q_079.root
[2026-07-08 10:24:43,941][gpu050|rank:unknown|gabbro.data.iterable_dataset_jetclass-IterDataset-Train][INFO] -  - /srv/beegfs/scratch/groups/rodem/lumea/datasets/JetClass/Pythia/train_100M/HToWW4Q_080.root
[2026-07-08 10:24:43,941][gpu050|rank:unknown|gabbro.data.iterable_dataset_jetclass-IterDataset-Train][INFO] -  - /srv/beegfs/scratch/groups/rodem/lumea/datasets/JetClass/Pythia/train_100M/HToWW4Q_081.root
[2026-07-08 10:24:43,942][gpu050|rank:unknown|gabbro.data.iterable_dataset_jetclass-IterDataset-Train][INFO] -  - /srv/beegfs/scratch/groups/rodem/lumea/datasets/JetClass/Pythia/train_100M/HToWW4Q_082.root
[2026-07-08 10:24:43,943][gpu050|rank:unknown|gabbro.data.iterable_dataset_jetclass-IterDataset-Train][INFO] -  - /srv/beegfs/scratch/groups/rodem/lumea/datasets/JetClass/Pythia/train_100M/HToWW4Q_083.root
[2026-07-08 10:24:43,943][gpu050|rank:unknown|gabbro.data.iterable_dataset_jetclass-IterDataset-Train][INFO] -  - /srv/beegfs/scratch/groups/rodem/lumea/datasets/JetClass/Pythia/train_100M/HToWW4Q_084.root
[2026-07-08 10:24:43,944][gpu050|rank:unknown|gabbro.data.iterable_dataset_jetclass-IterDataset-Train][INFO] -  - /srv/beegfs/scratch/groups/rodem/lumea/datasets/JetClass/Pythia/train_100M/HToWW4Q_085.root
[2026-07-08 10:24:43,945][gpu050|rank:unknown|gabbro.data.iterable_dataset_jetclass-IterDataset-Train][INFO] -  - /srv/beegfs/scratch/groups/rodem/lumea/datasets/JetClass/Pythia/train_100M/HToWW4Q_086.root
[2026-07-08 10:24:43,945][gpu050|rank:unknown|gabbro.data.iterable_dataset_jetclass-IterDataset-Train][INFO] -  - /srv/beegfs/scratch/groups/rodem/lumea/datasets/JetClass/Pythia/train_100M/HToWW4Q_087.root
[2026-07-08 10:24:43,946][gpu050|rank:unknown|gabbro.data.iterable_dataset_jetclass-IterDataset-Train][INFO] -  - /srv/beegfs/scratch/groups/rodem/lumea/datasets/JetClass/Pythia/train_100M/HToWW4Q_088.root
[2026-07-08 10:24:43,946][gpu050|rank:unknown|gabbro.data.iterable_dataset_jetclass-IterDataset-Train][INFO] -  - /srv/beegfs/scratch/groups/rodem/lumea/datasets/JetClass/Pythia/train_100M/HToWW4Q_089.root
[2026-07-08 10:24:43,947][gpu050|rank:unknown|gabbro.data.iterable_dataset_jetclass-IterDataset-Train][INFO] -  - /srv/beegfs/scratch/groups/rodem/lumea/datasets/JetClass/Pythia/train_100M/HToWW4Q_090.root
[2026-07-08 10:24:43,948][gpu050|rank:unknown|gabbro.data.iterable_dataset_jetclass-IterDataset-Train][INFO] -  - /srv/beegfs/scratch/groups/rodem/lumea/datasets/JetClass/Pythia/train_100M/HToWW4Q_091.root
[2026-07-08 10:24:43,948][gpu050|rank:unknown|gabbro.data.iterable_dataset_jetclass-IterDataset-Train][INFO] -  - /srv/beegfs/scratch/groups/rodem/lumea/datasets/JetClass/Pythia/train_100M/HToWW4Q_092.root
[2026-07-08 10:24:43,949][gpu050|rank:unknown|gabbro.data.iterable_dataset_jetclass-IterDataset-Train][INFO] -  - /srv/beegfs/scratch/groups/rodem/lumea/datasets/JetClass/Pythia/train_100M/HToWW4Q_093.root
[2026-07-08 10:24:43,950][gpu050|rank:unknown|gabbro.data.iterable_dataset_jetclass-IterDataset-Train][INFO] -  - /srv/beegfs/scratch/groups/rodem/lumea/datasets/JetClass/Pythia/train_100M/HToWW4Q_094.root
[2026-07-08 10:24:43,950][gpu050|rank:unknown|gabbro.data.iterable_dataset_jetclass-IterDataset-Train][INFO] -  - /srv/beegfs/scratch/groups/rodem/lumea/datasets/JetClass/Pythia/train_100M/HToWW4Q_095.root
[2026-07-08 10:24:43,951][gpu050|rank:unknown|gabbro.data.iterable_dataset_jetclass-IterDataset-Train][INFO] -  - /srv/beegfs/scratch/groups/rodem/lumea/datasets/JetClass/Pythia/train_100M/HToWW4Q_096.root
[2026-07-08 10:24:43,951][gpu050|rank:unknown|gabbro.data.iterable_dataset_jetclass-IterDataset-Train][INFO] -  - /srv/beegfs/scratch/groups/rodem/lumea/datasets/JetClass/Pythia/train_100M/HToWW4Q_097.root
[2026-07-08 10:24:43,952][gpu050|rank:unknown|gabbro.data.iterable_dataset_jetclass-IterDataset-Train][INFO] -  - /srv/beegfs/scratch/groups/rodem/lumea/datasets/JetClass/Pythia/train_100M/HToWW4Q_098.root
[2026-07-08 10:24:43,952][gpu050|rank:unknown|gabbro.data.iterable_dataset_jetclass-IterDataset-Train][INFO] -  - /srv/beegfs/scratch/groups/rodem/lumea/datasets/JetClass/Pythia/train_100M/HToWW4Q_099.root
[2026-07-08 10:24:43,959][gpu050|rank:unknown|gabbro.data.iterable_dataset_jetclass-IterDataset-Train][INFO] - Files for jet_type Hqql:
[2026-07-08 10:24:43,959][gpu050|rank:unknown|gabbro.data.iterable_dataset_jetclass-IterDataset-Train][INFO] -  - /srv/beegfs/scratch/groups/rodem/lumea/datasets/JetClass/Pythia/train_100M/HToWW2Q1L_000.root
[2026-07-08 10:24:43,960][gpu050|rank:unknown|gabbro.data.iterable_dataset_jetclass-IterDataset-Train][INFO] -  - /srv/beegfs/scratch/groups/rodem/lumea/datasets/JetClass/Pythia/train_100M/HToWW2Q1L_001.root
[2026-07-08 10:24:43,961][gpu050|rank:unknown|gabbro.data.iterable_dataset_jetclass-IterDataset-Train][INFO] -  - /srv/beegfs/scratch/groups/rodem/lumea/datasets/JetClass/Pythia/train_100M/HToWW2Q1L_002.root
[2026-07-08 10:24:43,962][gpu050|rank:unknown|gabbro.data.iterable_dataset_jetclass-IterDataset-Train][INFO] -  - /srv/beegfs/scratch/groups/rodem/lumea/datasets/JetClass/Pythia/train_100M/HToWW2Q1L_003.root
[2026-07-08 10:24:43,963][gpu050|rank:unknown|gabbro.data.iterable_dataset_jetclass-IterDataset-Train][INFO] -  - /srv/beegfs/scratch/groups/rodem/lumea/datasets/JetClass/Pythia/train_100M/HToWW2Q1L_004.root
[2026-07-08 10:24:43,963][gpu050|rank:unknown|gabbro.data.iterable_dataset_jetclass-IterDataset-Train][INFO] -  - /srv/beegfs/scratch/groups/rodem/lumea/datasets/JetClass/Pythia/train_100M/HToWW2Q1L_005.root
[2026-07-08 10:24:43,964][gpu050|rank:unknown|gabbro.data.iterable_dataset_jetclass-IterDataset-Train][INFO] -  - /srv/beegfs/scratch/groups/rodem/lumea/datasets/JetClass/Pythia/train_100M/HToWW2Q1L_006.root
[2026-07-08 10:24:43,964][gpu050|rank:unknown|gabbro.data.iterable_dataset_jetclass-IterDataset-Train][INFO] -  - /srv/beegfs/scratch/groups/rodem/lumea/datasets/JetClass/Pythia/train_100M/HToWW2Q1L_007.root
[2026-07-08 10:24:43,965][gpu050|rank:unknown|gabbro.data.iterable_dataset_jetclass-IterDataset-Train][INFO] -  - /srv/beegfs/scratch/groups/rodem/lumea/datasets/JetClass/Pythia/train_100M/HToWW2Q1L_008.root
[2026-07-08 10:24:43,966][gpu050|rank:unknown|gabbro.data.iterable_dataset_jetclass-IterDataset-Train][INFO] -  - /srv/beegfs/scratch/groups/rodem/lumea/datasets/JetClass/Pythia/train_100M/HToWW2Q1L_009.root
[2026-07-08 10:24:43,966][gpu050|rank:unknown|gabbro.data.iterable_dataset_jetclass-IterDataset-Train][INFO] -  - /srv/beegfs/scratch/groups/rodem/lumea/datasets/JetClass/Pythia/train_100M/HToWW2Q1L_010.root
[2026-07-08 10:24:43,967][gpu050|rank:unknown|gabbro.data.iterable_dataset_jetclass-IterDataset-Train][INFO] -  - /srv/beegfs/scratch/groups/rodem/lumea/datasets/JetClass/Pythia/train_100M/HToWW2Q1L_011.root
[2026-07-08 10:24:43,968][gpu050|rank:unknown|gabbro.data.iterable_dataset_jetclass-IterDataset-Train][INFO] -  - /srv/beegfs/scratch/groups/rodem/lumea/datasets/JetClass/Pythia/train_100M/HToWW2Q1L_012.root
[2026-07-08 10:24:43,968][gpu050|rank:unknown|gabbro.data.iterable_dataset_jetclass-IterDataset-Train][INFO] -  - /srv/beegfs/scratch/groups/rodem/lumea/datasets/JetClass/Pythia/train_100M/HToWW2Q1L_013.root
[2026-07-08 10:24:43,969][gpu050|rank:unknown|gabbro.data.iterable_dataset_jetclass-IterDataset-Train][INFO] -  - /srv/beegfs/scratch/groups/rodem/lumea/datasets/JetClass/Pythia/train_100M/HToWW2Q1L_014.root
[2026-07-08 10:24:43,969][gpu050|rank:unknown|gabbro.data.iterable_dataset_jetclass-IterDataset-Train][INFO] -  - /srv/beegfs/scratch/groups/rodem/lumea/datasets/JetClass/Pythia/train_100M/HToWW2Q1L_015.root
[2026-07-08 10:24:43,970][gpu050|rank:unknown|gabbro.data.iterable_dataset_jetclass-IterDataset-Train][INFO] -  - /srv/beegfs/scratch/groups/rodem/lumea/datasets/JetClass/Pythia/train_100M/HToWW2Q1L_016.root
[2026-07-08 10:24:43,971][gpu050|rank:unknown|gabbro.data.iterable_dataset_jetclass-IterDataset-Train][INFO] -  - /srv/beegfs/scratch/groups/rodem/lumea/datasets/JetClass/Pythia/train_100M/HToWW2Q1L_017.root
[2026-07-08 10:24:43,971][gpu050|rank:unknown|gabbro.data.iterable_dataset_jetclass-IterDataset-Train][INFO] -  - /srv/beegfs/scratch/groups/rodem/lumea/datasets/JetClass/Pythia/train_100M/HToWW2Q1L_018.root
[2026-07-08 10:24:43,972][gpu050|rank:unknown|gabbro.data.iterable_dataset_jetclass-IterDataset-Train][INFO] -  - /srv/beegfs/scratch/groups/rodem/lumea/datasets/JetClass/Pythia/train_100M/HToWW2Q1L_019.root
[2026-07-08 10:24:43,972][gpu050|rank:unknown|gabbro.data.iterable_dataset_jetclass-IterDataset-Train][INFO] -  - /srv/beegfs/scratch/groups/rodem/lumea/datasets/JetClass/Pythia/train_100M/HToWW2Q1L_020.root
[2026-07-08 10:24:43,973][gpu050|rank:unknown|gabbro.data.iterable_dataset_jetclass-IterDataset-Train][INFO] -  - /srv/beegfs/scratch/groups/rodem/lumea/datasets/JetClass/Pythia/train_100M/HToWW2Q1L_021.root
[2026-07-08 10:24:43,973][gpu050|rank:unknown|gabbro.data.iterable_dataset_jetclass-IterDataset-Train][INFO] -  - /srv/beegfs/scratch/groups/rodem/lumea/datasets/JetClass/Pythia/train_100M/HToWW2Q1L_022.root
[2026-07-08 10:24:43,974][gpu050|rank:unknown|gabbro.data.iterable_dataset_jetclass-IterDataset-Train][INFO] -  - /srv/beegfs/scratch/groups/rodem/lumea/datasets/JetClass/Pythia/train_100M/HToWW2Q1L_023.root
[2026-07-08 10:24:43,975][gpu050|rank:unknown|gabbro.data.iterable_dataset_jetclass-IterDataset-Train][INFO] -  - /srv/beegfs/scratch/groups/rodem/lumea/datasets/JetClass/Pythia/train_100M/HToWW2Q1L_024.root
[2026-07-08 10:24:43,975][gpu050|rank:unknown|gabbro.data.iterable_dataset_jetclass-IterDataset-Train][INFO] -  - /srv/beegfs/scratch/groups/rodem/lumea/datasets/JetClass/Pythia/train_100M/HToWW2Q1L_025.root
[2026-07-08 10:24:43,975][gpu050|rank:unknown|gabbro.data.iterable_dataset_jetclass-IterDataset-Train][INFO] -  - /srv/beegfs/scratch/groups/rodem/lumea/datasets/JetClass/Pythia/train_100M/HToWW2Q1L_026.root
[2026-07-08 10:24:43,976][gpu050|rank:unknown|gabbro.data.iterable_dataset_jetclass-IterDataset-Train][INFO] -  - /srv/beegfs/scratch/groups/rodem/lumea/datasets/JetClass/Pythia/train_100M/HToWW2Q1L_027.root
[2026-07-08 10:24:43,977][gpu050|rank:unknown|gabbro.data.iterable_dataset_jetclass-IterDataset-Train][INFO] -  - /srv/beegfs/scratch/groups/rodem/lumea/datasets/JetClass/Pythia/train_100M/HToWW2Q1L_028.root
[2026-07-08 10:24:43,977][gpu050|rank:unknown|gabbro.data.iterable_dataset_jetclass-IterDataset-Train][INFO] -  - /srv/beegfs/scratch/groups/rodem/lumea/datasets/JetClass/Pythia/train_100M/HToWW2Q1L_029.root
[2026-07-08 10:24:43,978][gpu050|rank:unknown|gabbro.data.iterable_dataset_jetclass-IterDataset-Train][INFO] -  - /srv/beegfs/scratch/groups/rodem/lumea/datasets/JetClass/Pythia/train_100M/HToWW2Q1L_030.root
[2026-07-08 10:24:43,979][gpu050|rank:unknown|gabbro.data.iterable_dataset_jetclass-IterDataset-Train][INFO] -  - /srv/beegfs/scratch/groups/rodem/lumea/datasets/JetClass/Pythia/train_100M/HToWW2Q1L_031.root
[2026-07-08 10:24:43,979][gpu050|rank:unknown|gabbro.data.iterable_dataset_jetclass-IterDataset-Train][INFO] -  - /srv/beegfs/scratch/groups/rodem/lumea/datasets/JetClass/Pythia/train_100M/HToWW2Q1L_032.root
[2026-07-08 10:24:43,980][gpu050|rank:unknown|gabbro.data.iterable_dataset_jetclass-IterDataset-Train][INFO] -  - /srv/beegfs/scratch/groups/rodem/lumea/datasets/JetClass/Pythia/train_100M/HToWW2Q1L_033.root
[2026-07-08 10:24:43,980][gpu050|rank:unknown|gabbro.data.iterable_dataset_jetclass-IterDataset-Train][INFO] -  - /srv/beegfs/scratch/groups/rodem/lumea/datasets/JetClass/Pythia/train_100M/HToWW2Q1L_034.root
[2026-07-08 10:24:43,981][gpu050|rank:unknown|gabbro.data.iterable_dataset_jetclass-IterDataset-Train][INFO] -  - /srv/beegfs/scratch/groups/rodem/lumea/datasets/JetClass/Pythia/train_100M/HToWW2Q1L_035.root
[2026-07-08 10:24:43,981][gpu050|rank:unknown|gabbro.data.iterable_dataset_jetclass-IterDataset-Train][INFO] -  - /srv/beegfs/scratch/groups/rodem/lumea/datasets/JetClass/Pythia/train_100M/HToWW2Q1L_036.root
[2026-07-08 10:24:43,982][gpu050|rank:unknown|gabbro.data.iterable_dataset_jetclass-IterDataset-Train][INFO] -  - /srv/beegfs/scratch/groups/rodem/lumea/datasets/JetClass/Pythia/train_100M/HToWW2Q1L_037.root
[2026-07-08 10:24:43,983][gpu050|rank:unknown|gabbro.data.iterable_dataset_jetclass-IterDataset-Train][INFO] -  - /srv/beegfs/scratch/groups/rodem/lumea/datasets/JetClass/Pythia/train_100M/HToWW2Q1L_038.root
[2026-07-08 10:24:43,983][gpu050|rank:unknown|gabbro.data.iterable_dataset_jetclass-IterDataset-Train][INFO] -  - /srv/beegfs/scratch/groups/rodem/lumea/datasets/JetClass/Pythia/train_100M/HToWW2Q1L_039.root
[2026-07-08 10:24:43,984][gpu050|rank:unknown|gabbro.data.iterable_dataset_jetclass-IterDataset-Train][INFO] -  - /srv/beegfs/scratch/groups/rodem/lumea/datasets/JetClass/Pythia/train_100M/HToWW2Q1L_040.root
[2026-07-08 10:24:43,985][gpu050|rank:unknown|gabbro.data.iterable_dataset_jetclass-IterDataset-Train][INFO] -  - /srv/beegfs/scratch/groups/rodem/lumea/datasets/JetClass/Pythia/train_100M/HToWW2Q1L_041.root
[2026-07-08 10:24:43,985][gpu050|rank:unknown|gabbro.data.iterable_dataset_jetclass-IterDataset-Train][INFO] -  - /srv/beegfs/scratch/groups/rodem/lumea/datasets/JetClass/Pythia/train_100M/HToWW2Q1L_042.root
[2026-07-08 10:24:43,986][gpu050|rank:unknown|gabbro.data.iterable_dataset_jetclass-IterDataset-Train][INFO] -  - /srv/beegfs/scratch/groups/rodem/lumea/datasets/JetClass/Pythia/train_100M/HToWW2Q1L_043.root
[2026-07-08 10:24:43,986][gpu050|rank:unknown|gabbro.data.iterable_dataset_jetclass-IterDataset-Train][INFO] -  - /srv/beegfs/scratch/groups/rodem/lumea/datasets/JetClass/Pythia/train_100M/HToWW2Q1L_044.root
[2026-07-08 10:24:43,987][gpu050|rank:unknown|gabbro.data.iterable_dataset_jetclass-IterDataset-Train][INFO] -  - /srv/beegfs/scratch/groups/rodem/lumea/datasets/JetClass/Pythia/train_100M/HToWW2Q1L_045.root
[2026-07-08 10:24:43,987][gpu050|rank:unknown|gabbro.data.iterable_dataset_jetclass-IterDataset-Train][INFO] -  - /srv/beegfs/scratch/groups/rodem/lumea/datasets/JetClass/Pythia/train_100M/HToWW2Q1L_046.root
[2026-07-08 10:24:43,988][gpu050|rank:unknown|gabbro.data.iterable_dataset_jetclass-IterDataset-Train][INFO] -  - /srv/beegfs/scratch/groups/rodem/lumea/datasets/JetClass/Pythia/train_100M/HToWW2Q1L_047.root
[2026-07-08 10:24:43,988][gpu050|rank:unknown|gabbro.data.iterable_dataset_jetclass-IterDataset-Train][INFO] -  - /srv/beegfs/scratch/groups/rodem/lumea/datasets/JetClass/Pythia/train_100M/HToWW2Q1L_048.root
[2026-07-08 10:24:43,989][gpu050|rank:unknown|gabbro.data.iterable_dataset_jetclass-IterDataset-Train][INFO] -  - /srv/beegfs/scratch/groups/rodem/lumea/datasets/JetClass/Pythia/train_100M/HToWW2Q1L_049.root
[2026-07-08 10:24:43,990][gpu050|rank:unknown|gabbro.data.iterable_dataset_jetclass-IterDataset-Train][INFO] -  - /srv/beegfs/scratch/groups/rodem/lumea/datasets/JetClass/Pythia/train_100M/HToWW2Q1L_050.root
[2026-07-08 10:24:43,991][gpu050|rank:unknown|gabbro.data.iterable_dataset_jetclass-IterDataset-Train][INFO] -  - /srv/beegfs/scratch/groups/rodem/lumea/datasets/JetClass/Pythia/train_100M/HToWW2Q1L_051.root
[2026-07-08 10:24:43,992][gpu050|rank:unknown|gabbro.data.iterable_dataset_jetclass-IterDataset-Train][INFO] -  - /srv/beegfs/scratch/groups/rodem/lumea/datasets/JetClass/Pythia/train_100M/HToWW2Q1L_052.root
[2026-07-08 10:24:43,992][gpu050|rank:unknown|gabbro.data.iterable_dataset_jetclass-IterDataset-Train][INFO] -  - /srv/beegfs/scratch/groups/rodem/lumea/datasets/JetClass/Pythia/train_100M/HToWW2Q1L_053.root
[2026-07-08 10:24:43,993][gpu050|rank:unknown|gabbro.data.iterable_dataset_jetclass-IterDataset-Train][INFO] -  - /srv/beegfs/scratch/groups/rodem/lumea/datasets/JetClass/Pythia/train_100M/HToWW2Q1L_054.root
[2026-07-08 10:24:43,993][gpu050|rank:unknown|gabbro.data.iterable_dataset_jetclass-IterDataset-Train][INFO] -  - /srv/beegfs/scratch/groups/rodem/lumea/datasets/JetClass/Pythia/train_100M/HToWW2Q1L_055.root
[2026-07-08 10:24:43,994][gpu050|rank:unknown|gabbro.data.iterable_dataset_jetclass-IterDataset-Train][INFO] -  - /srv/beegfs/scratch/groups/rodem/lumea/datasets/JetClass/Pythia/train_100M/HToWW2Q1L_056.root
[2026-07-08 10:24:43,995][gpu050|rank:unknown|gabbro.data.iterable_dataset_jetclass-IterDataset-Train][INFO] -  - /srv/beegfs/scratch/groups/rodem/lumea/datasets/JetClass/Pythia/train_100M/HToWW2Q1L_057.root
[2026-07-08 10:24:43,995][gpu050|rank:unknown|gabbro.data.iterable_dataset_jetclass-IterDataset-Train][INFO] -  - /srv/beegfs/scratch/groups/rodem/lumea/datasets/JetClass/Pythia/train_100M/HToWW2Q1L_058.root
[2026-07-08 10:24:43,996][gpu050|rank:unknown|gabbro.data.iterable_dataset_jetclass-IterDataset-Train][INFO] -  - /srv/beegfs/scratch/groups/rodem/lumea/datasets/JetClass/Pythia/train_100M/HToWW2Q1L_059.root
[2026-07-08 10:24:43,997][gpu050|rank:unknown|gabbro.data.iterable_dataset_jetclass-IterDataset-Train][INFO] -  - /srv/beegfs/scratch/groups/rodem/lumea/datasets/JetClass/Pythia/train_100M/HToWW2Q1L_060.root
[2026-07-08 10:24:43,997][gpu050|rank:unknown|gabbro.data.iterable_dataset_jetclass-IterDataset-Train][INFO] -  - /srv/beegfs/scratch/groups/rodem/lumea/datasets/JetClass/Pythia/train_100M/HToWW2Q1L_061.root
[2026-07-08 10:24:43,998][gpu050|rank:unknown|gabbro.data.iterable_dataset_jetclass-IterDataset-Train][INFO] -  - /srv/beegfs/scratch/groups/rodem/lumea/datasets/JetClass/Pythia/train_100M/HToWW2Q1L_062.root
[2026-07-08 10:24:43,999][gpu050|rank:unknown|gabbro.data.iterable_dataset_jetclass-IterDataset-Train][INFO] -  - /srv/beegfs/scratch/groups/rodem/lumea/datasets/JetClass/Pythia/train_100M/HToWW2Q1L_063.root
[2026-07-08 10:24:43,999][gpu050|rank:unknown|gabbro.data.iterable_dataset_jetclass-IterDataset-Train][INFO] -  - /srv/beegfs/scratch/groups/rodem/lumea/datasets/JetClass/Pythia/train_100M/HToWW2Q1L_064.root
[2026-07-08 10:24:44,000][gpu050|rank:unknown|gabbro.data.iterable_dataset_jetclass-IterDataset-Train][INFO] -  - /srv/beegfs/scratch/groups/rodem/lumea/datasets/JetClass/Pythia/train_100M/HToWW2Q1L_065.root
[2026-07-08 10:24:44,001][gpu050|rank:unknown|gabbro.data.iterable_dataset_jetclass-IterDataset-Train][INFO] -  - /srv/beegfs/scratch/groups/rodem/lumea/datasets/JetClass/Pythia/train_100M/HToWW2Q1L_066.root
[2026-07-08 10:24:44,001][gpu050|rank:unknown|gabbro.data.iterable_dataset_jetclass-IterDataset-Train][INFO] -  - /srv/beegfs/scratch/groups/rodem/lumea/datasets/JetClass/Pythia/train_100M/HToWW2Q1L_067.root
[2026-07-08 10:24:44,002][gpu050|rank:unknown|gabbro.data.iterable_dataset_jetclass-IterDataset-Train][INFO] -  - /srv/beegfs/scratch/groups/rodem/lumea/datasets/JetClass/Pythia/train_100M/HToWW2Q1L_068.root
[2026-07-08 10:24:44,003][gpu050|rank:unknown|gabbro.data.iterable_dataset_jetclass-IterDataset-Train][INFO] -  - /srv/beegfs/scratch/groups/rodem/lumea/datasets/JetClass/Pythia/train_100M/HToWW2Q1L_069.root
[2026-07-08 10:24:44,003][gpu050|rank:unknown|gabbro.data.iterable_dataset_jetclass-IterDataset-Train][INFO] -  - /srv/beegfs/scratch/groups/rodem/lumea/datasets/JetClass/Pythia/train_100M/HToWW2Q1L_070.root
[2026-07-08 10:24:44,004][gpu050|rank:unknown|gabbro.data.iterable_dataset_jetclass-IterDataset-Train][INFO] -  - /srv/beegfs/scratch/groups/rodem/lumea/datasets/JetClass/Pythia/train_100M/HToWW2Q1L_071.root
[2026-07-08 10:24:44,004][gpu050|rank:unknown|gabbro.data.iterable_dataset_jetclass-IterDataset-Train][INFO] -  - /srv/beegfs/scratch/groups/rodem/lumea/datasets/JetClass/Pythia/train_100M/HToWW2Q1L_072.root
[2026-07-08 10:24:44,005][gpu050|rank:unknown|gabbro.data.iterable_dataset_jetclass-IterDataset-Train][INFO] -  - /srv/beegfs/scratch/groups/rodem/lumea/datasets/JetClass/Pythia/train_100M/HToWW2Q1L_073.root
[2026-07-08 10:24:44,006][gpu050|rank:unknown|gabbro.data.iterable_dataset_jetclass-IterDataset-Train][INFO] -  - /srv/beegfs/scratch/groups/rodem/lumea/datasets/JetClass/Pythia/train_100M/HToWW2Q1L_074.root
[2026-07-08 10:24:44,006][gpu050|rank:unknown|gabbro.data.iterable_dataset_jetclass-IterDataset-Train][INFO] -  - /srv/beegfs/scratch/groups/rodem/lumea/datasets/JetClass/Pythia/train_100M/HToWW2Q1L_075.root
[2026-07-08 10:24:44,007][gpu050|rank:unknown|gabbro.data.iterable_dataset_jetclass-IterDataset-Train][INFO] -  - /srv/beegfs/scratch/groups/rodem/lumea/datasets/JetClass/Pythia/train_100M/HToWW2Q1L_076.root
[2026-07-08 10:24:44,008][gpu050|rank:unknown|gabbro.data.iterable_dataset_jetclass-IterDataset-Train][INFO] -  - /srv/beegfs/scratch/groups/rodem/lumea/datasets/JetClass/Pythia/train_100M/HToWW2Q1L_077.root
[2026-07-08 10:24:44,008][gpu050|rank:unknown|gabbro.data.iterable_dataset_jetclass-IterDataset-Train][INFO] -  - /srv/beegfs/scratch/groups/rodem/lumea/datasets/JetClass/Pythia/train_100M/HToWW2Q1L_078.root
[2026-07-08 10:24:44,009][gpu050|rank:unknown|gabbro.data.iterable_dataset_jetclass-IterDataset-Train][INFO] -  - /srv/beegfs/scratch/groups/rodem/lumea/datasets/JetClass/Pythia/train_100M/HToWW2Q1L_079.root
[2026-07-08 10:24:44,009][gpu050|rank:unknown|gabbro.data.iterable_dataset_jetclass-IterDataset-Train][INFO] -  - /srv/beegfs/scratch/groups/rodem/lumea/datasets/JetClass/Pythia/train_100M/HToWW2Q1L_080.root
[2026-07-08 10:24:44,010][gpu050|rank:unknown|gabbro.data.iterable_dataset_jetclass-IterDataset-Train][INFO] -  - /srv/beegfs/scratch/groups/rodem/lumea/datasets/JetClass/Pythia/train_100M/HToWW2Q1L_081.root
[2026-07-08 10:24:44,011][gpu050|rank:unknown|gabbro.data.iterable_dataset_jetclass-IterDataset-Train][INFO] -  - /srv/beegfs/scratch/groups/rodem/lumea/datasets/JetClass/Pythia/train_100M/HToWW2Q1L_082.root
[2026-07-08 10:24:44,011][gpu050|rank:unknown|gabbro.data.iterable_dataset_jetclass-IterDataset-Train][INFO] -  - /srv/beegfs/scratch/groups/rodem/lumea/datasets/JetClass/Pythia/train_100M/HToWW2Q1L_083.root
[2026-07-08 10:24:44,012][gpu050|rank:unknown|gabbro.data.iterable_dataset_jetclass-IterDataset-Train][INFO] -  - /srv/beegfs/scratch/groups/rodem/lumea/datasets/JetClass/Pythia/train_100M/HToWW2Q1L_084.root
[2026-07-08 10:24:44,013][gpu050|rank:unknown|gabbro.data.iterable_dataset_jetclass-IterDataset-Train][INFO] -  - /srv/beegfs/scratch/groups/rodem/lumea/datasets/JetClass/Pythia/train_100M/HToWW2Q1L_085.root
[2026-07-08 10:24:44,013][gpu050|rank:unknown|gabbro.data.iterable_dataset_jetclass-IterDataset-Train][INFO] -  - /srv/beegfs/scratch/groups/rodem/lumea/datasets/JetClass/Pythia/train_100M/HToWW2Q1L_086.root
[2026-07-08 10:24:44,014][gpu050|rank:unknown|gabbro.data.iterable_dataset_jetclass-IterDataset-Train][INFO] -  - /srv/beegfs/scratch/groups/rodem/lumea/datasets/JetClass/Pythia/train_100M/HToWW2Q1L_087.root
[2026-07-08 10:24:44,015][gpu050|rank:unknown|gabbro.data.iterable_dataset_jetclass-IterDataset-Train][INFO] -  - /srv/beegfs/scratch/groups/rodem/lumea/datasets/JetClass/Pythia/train_100M/HToWW2Q1L_088.root
[2026-07-08 10:24:44,015][gpu050|rank:unknown|gabbro.data.iterable_dataset_jetclass-IterDataset-Train][INFO] -  - /srv/beegfs/scratch/groups/rodem/lumea/datasets/JetClass/Pythia/train_100M/HToWW2Q1L_089.root
[2026-07-08 10:24:44,016][gpu050|rank:unknown|gabbro.data.iterable_dataset_jetclass-IterDataset-Train][INFO] -  - /srv/beegfs/scratch/groups/rodem/lumea/datasets/JetClass/Pythia/train_100M/HToWW2Q1L_090.root
[2026-07-08 10:24:44,016][gpu050|rank:unknown|gabbro.data.iterable_dataset_jetclass-IterDataset-Train][INFO] -  - /srv/beegfs/scratch/groups/rodem/lumea/datasets/JetClass/Pythia/train_100M/HToWW2Q1L_091.root
[2026-07-08 10:24:44,016][gpu050|rank:unknown|gabbro.data.iterable_dataset_jetclass-IterDataset-Train][INFO] -  - /srv/beegfs/scratch/groups/rodem/lumea/datasets/JetClass/Pythia/train_100M/HToWW2Q1L_092.root
[2026-07-08 10:24:44,017][gpu050|rank:unknown|gabbro.data.iterable_dataset_jetclass-IterDataset-Train][INFO] -  - /srv/beegfs/scratch/groups/rodem/lumea/datasets/JetClass/Pythia/train_100M/HToWW2Q1L_093.root
[2026-07-08 10:24:44,018][gpu050|rank:unknown|gabbro.data.iterable_dataset_jetclass-IterDataset-Train][INFO] -  - /srv/beegfs/scratch/groups/rodem/lumea/datasets/JetClass/Pythia/train_100M/HToWW2Q1L_094.root
[2026-07-08 10:24:44,019][gpu050|rank:unknown|gabbro.data.iterable_dataset_jetclass-IterDataset-Train][INFO] -  - /srv/beegfs/scratch/groups/rodem/lumea/datasets/JetClass/Pythia/train_100M/HToWW2Q1L_095.root
[2026-07-08 10:24:44,019][gpu050|rank:unknown|gabbro.data.iterable_dataset_jetclass-IterDataset-Train][INFO] -  - /srv/beegfs/scratch/groups/rodem/lumea/datasets/JetClass/Pythia/train_100M/HToWW2Q1L_096.root
[2026-07-08 10:24:44,020][gpu050|rank:unknown|gabbro.data.iterable_dataset_jetclass-IterDataset-Train][INFO] -  - /srv/beegfs/scratch/groups/rodem/lumea/datasets/JetClass/Pythia/train_100M/HToWW2Q1L_097.root
[2026-07-08 10:24:44,020][gpu050|rank:unknown|gabbro.data.iterable_dataset_jetclass-IterDataset-Train][INFO] -  - /srv/beegfs/scratch/groups/rodem/lumea/datasets/JetClass/Pythia/train_100M/HToWW2Q1L_098.root
[2026-07-08 10:24:44,021][gpu050|rank:unknown|gabbro.data.iterable_dataset_jetclass-IterDataset-Train][INFO] -  - /srv/beegfs/scratch/groups/rodem/lumea/datasets/JetClass/Pythia/train_100M/HToWW2Q1L_099.root
[2026-07-08 10:24:44,028][gpu050|rank:unknown|gabbro.data.iterable_dataset_jetclass-IterDataset-Train][INFO] - Files for jet_type Zqq:
[2026-07-08 10:24:44,028][gpu050|rank:unknown|gabbro.data.iterable_dataset_jetclass-IterDataset-Train][INFO] -  - /srv/beegfs/scratch/groups/rodem/lumea/datasets/JetClass/Pythia/train_100M/ZToQQ_000.root
[2026-07-08 10:24:44,029][gpu050|rank:unknown|gabbro.data.iterable_dataset_jetclass-IterDataset-Train][INFO] -  - /srv/beegfs/scratch/groups/rodem/lumea/datasets/JetClass/Pythia/train_100M/ZToQQ_001.root
[2026-07-08 10:24:44,030][gpu050|rank:unknown|gabbro.data.iterable_dataset_jetclass-IterDataset-Train][INFO] -  - /srv/beegfs/scratch/groups/rodem/lumea/datasets/JetClass/Pythia/train_100M/ZToQQ_002.root
[2026-07-08 10:24:44,030][gpu050|rank:unknown|gabbro.data.iterable_dataset_jetclass-IterDataset-Train][INFO] -  - /srv/beegfs/scratch/groups/rodem/lumea/datasets/JetClass/Pythia/train_100M/ZToQQ_003.root
[2026-07-08 10:24:44,031][gpu050|rank:unknown|gabbro.data.iterable_dataset_jetclass-IterDataset-Train][INFO] -  - /srv/beegfs/scratch/groups/rodem/lumea/datasets/JetClass/Pythia/train_100M/ZToQQ_004.root
[2026-07-08 10:24:44,032][gpu050|rank:unknown|gabbro.data.iterable_dataset_jetclass-IterDataset-Train][INFO] -  - /srv/beegfs/scratch/groups/rodem/lumea/datasets/JetClass/Pythia/train_100M/ZToQQ_005.root
[2026-07-08 10:24:44,032][gpu050|rank:unknown|gabbro.data.iterable_dataset_jetclass-IterDataset-Train][INFO] -  - /srv/beegfs/scratch/groups/rodem/lumea/datasets/JetClass/Pythia/train_100M/ZToQQ_006.root
[2026-07-08 10:24:44,033][gpu050|rank:unknown|gabbro.data.iterable_dataset_jetclass-IterDataset-Train][INFO] -  - /srv/beegfs/scratch/groups/rodem/lumea/datasets/JetClass/Pythia/train_100M/ZToQQ_007.root
[2026-07-08 10:24:44,033][gpu050|rank:unknown|gabbro.data.iterable_dataset_jetclass-IterDataset-Train][INFO] -  - /srv/beegfs/scratch/groups/rodem/lumea/datasets/JetClass/Pythia/train_100M/ZToQQ_008.root
[2026-07-08 10:24:44,034][gpu050|rank:unknown|gabbro.data.iterable_dataset_jetclass-IterDataset-Train][INFO] -  - /srv/beegfs/scratch/groups/rodem/lumea/datasets/JetClass/Pythia/train_100M/ZToQQ_009.root
[2026-07-08 10:24:44,034][gpu050|rank:unknown|gabbro.data.iterable_dataset_jetclass-IterDataset-Train][INFO] -  - /srv/beegfs/scratch/groups/rodem/lumea/datasets/JetClass/Pythia/train_100M/ZToQQ_010.root
[2026-07-08 10:24:44,034][gpu050|rank:unknown|gabbro.data.iterable_dataset_jetclass-IterDataset-Train][INFO] -  - /srv/beegfs/scratch/groups/rodem/lumea/datasets/JetClass/Pythia/train_100M/ZToQQ_011.root
[2026-07-08 10:24:44,035][gpu050|rank:unknown|gabbro.data.iterable_dataset_jetclass-IterDataset-Train][INFO] -  - /srv/beegfs/scratch/groups/rodem/lumea/datasets/JetClass/Pythia/train_100M/ZToQQ_012.root
[2026-07-08 10:24:44,036][gpu050|rank:unknown|gabbro.data.iterable_dataset_jetclass-IterDataset-Train][INFO] -  - /srv/beegfs/scratch/groups/rodem/lumea/datasets/JetClass/Pythia/train_100M/ZToQQ_013.root
[2026-07-08 10:24:44,037][gpu050|rank:unknown|gabbro.data.iterable_dataset_jetclass-IterDataset-Train][INFO] -  - /srv/beegfs/scratch/groups/rodem/lumea/datasets/JetClass/Pythia/train_100M/ZToQQ_014.root
[2026-07-08 10:24:44,037][gpu050|rank:unknown|gabbro.data.iterable_dataset_jetclass-IterDataset-Train][INFO] -  - /srv/beegfs/scratch/groups/rodem/lumea/datasets/JetClass/Pythia/train_100M/ZToQQ_015.root
[2026-07-08 10:24:44,038][gpu050|rank:unknown|gabbro.data.iterable_dataset_jetclass-IterDataset-Train][INFO] -  - /srv/beegfs/scratch/groups/rodem/lumea/datasets/JetClass/Pythia/train_100M/ZToQQ_016.root
[2026-07-08 10:24:44,039][gpu050|rank:unknown|gabbro.data.iterable_dataset_jetclass-IterDataset-Train][INFO] -  - /srv/beegfs/scratch/groups/rodem/lumea/datasets/JetClass/Pythia/train_100M/ZToQQ_017.root
[2026-07-08 10:24:44,039][gpu050|rank:unknown|gabbro.data.iterable_dataset_jetclass-IterDataset-Train][INFO] -  - /srv/beegfs/scratch/groups/rodem/lumea/datasets/JetClass/Pythia/train_100M/ZToQQ_018.root
[2026-07-08 10:24:44,040][gpu050|rank:unknown|gabbro.data.iterable_dataset_jetclass-IterDataset-Train][INFO] -  - /srv/beegfs/scratch/groups/rodem/lumea/datasets/JetClass/Pythia/train_100M/ZToQQ_019.root
[2026-07-08 10:24:44,040][gpu050|rank:unknown|gabbro.data.iterable_dataset_jetclass-IterDataset-Train][INFO] -  - /srv/beegfs/scratch/groups/rodem/lumea/datasets/JetClass/Pythia/train_100M/ZToQQ_020.root
[2026-07-08 10:24:44,041][gpu050|rank:unknown|gabbro.data.iterable_dataset_jetclass-IterDataset-Train][INFO] -  - /srv/beegfs/scratch/groups/rodem/lumea/datasets/JetClass/Pythia/train_100M/ZToQQ_021.root
[2026-07-08 10:24:44,041][gpu050|rank:unknown|gabbro.data.iterable_dataset_jetclass-IterDataset-Train][INFO] -  - /srv/beegfs/scratch/groups/rodem/lumea/datasets/JetClass/Pythia/train_100M/ZToQQ_022.root
[2026-07-08 10:24:44,042][gpu050|rank:unknown|gabbro.data.iterable_dataset_jetclass-IterDataset-Train][INFO] -  - /srv/beegfs/scratch/groups/rodem/lumea/datasets/JetClass/Pythia/train_100M/ZToQQ_023.root
[2026-07-08 10:24:44,043][gpu050|rank:unknown|gabbro.data.iterable_dataset_jetclass-IterDataset-Train][INFO] -  - /srv/beegfs/scratch/groups/rodem/lumea/datasets/JetClass/Pythia/train_100M/ZToQQ_024.root
[2026-07-08 10:24:44,044][gpu050|rank:unknown|gabbro.data.iterable_dataset_jetclass-IterDataset-Train][INFO] -  - /srv/beegfs/scratch/groups/rodem/lumea/datasets/JetClass/Pythia/train_100M/ZToQQ_025.root
[2026-07-08 10:24:44,044][gpu050|rank:unknown|gabbro.data.iterable_dataset_jetclass-IterDataset-Train][INFO] -  - /srv/beegfs/scratch/groups/rodem/lumea/datasets/JetClass/Pythia/train_100M/ZToQQ_026.root
[2026-07-08 10:24:44,045][gpu050|rank:unknown|gabbro.data.iterable_dataset_jetclass-IterDataset-Train][INFO] -  - /srv/beegfs/scratch/groups/rodem/lumea/datasets/JetClass/Pythia/train_100M/ZToQQ_027.root
[2026-07-08 10:24:44,046][gpu050|rank:unknown|gabbro.data.iterable_dataset_jetclass-IterDataset-Train][INFO] -  - /srv/beegfs/scratch/groups/rodem/lumea/datasets/JetClass/Pythia/train_100M/ZToQQ_028.root
[2026-07-08 10:24:44,046][gpu050|rank:unknown|gabbro.data.iterable_dataset_jetclass-IterDataset-Train][INFO] -  - /srv/beegfs/scratch/groups/rodem/lumea/datasets/JetClass/Pythia/train_100M/ZToQQ_029.root
[2026-07-08 10:24:44,047][gpu050|rank:unknown|gabbro.data.iterable_dataset_jetclass-IterDataset-Train][INFO] -  - /srv/beegfs/scratch/groups/rodem/lumea/datasets/JetClass/Pythia/train_100M/ZToQQ_030.root
[2026-07-08 10:24:44,048][gpu050|rank:unknown|gabbro.data.iterable_dataset_jetclass-IterDataset-Train][INFO] -  - /srv/beegfs/scratch/groups/rodem/lumea/datasets/JetClass/Pythia/train_100M/ZToQQ_031.root
[2026-07-08 10:24:44,048][gpu050|rank:unknown|gabbro.data.iterable_dataset_jetclass-IterDataset-Train][INFO] -  - /srv/beegfs/scratch/groups/rodem/lumea/datasets/JetClass/Pythia/train_100M/ZToQQ_032.root
[2026-07-08 10:24:44,049][gpu050|rank:unknown|gabbro.data.iterable_dataset_jetclass-IterDataset-Train][INFO] -  - /srv/beegfs/scratch/groups/rodem/lumea/datasets/JetClass/Pythia/train_100M/ZToQQ_033.root
[2026-07-08 10:24:44,050][gpu050|rank:unknown|gabbro.data.iterable_dataset_jetclass-IterDataset-Train][INFO] -  - /srv/beegfs/scratch/groups/rodem/lumea/datasets/JetClass/Pythia/train_100M/ZToQQ_034.root
[2026-07-08 10:24:44,051][gpu050|rank:unknown|gabbro.data.iterable_dataset_jetclass-IterDataset-Train][INFO] -  - /srv/beegfs/scratch/groups/rodem/lumea/datasets/JetClass/Pythia/train_100M/ZToQQ_035.root
[2026-07-08 10:24:44,051][gpu050|rank:unknown|gabbro.data.iterable_dataset_jetclass-IterDataset-Train][INFO] -  - /srv/beegfs/scratch/groups/rodem/lumea/datasets/JetClass/Pythia/train_100M/ZToQQ_036.root
[2026-07-08 10:24:44,052][gpu050|rank:unknown|gabbro.data.iterable_dataset_jetclass-IterDataset-Train][INFO] -  - /srv/beegfs/scratch/groups/rodem/lumea/datasets/JetClass/Pythia/train_100M/ZToQQ_037.root
[2026-07-08 10:24:44,052][gpu050|rank:unknown|gabbro.data.iterable_dataset_jetclass-IterDataset-Train][INFO] -  - /srv/beegfs/scratch/groups/rodem/lumea/datasets/JetClass/Pythia/train_100M/ZToQQ_038.root
[2026-07-08 10:24:44,053][gpu050|rank:unknown|gabbro.data.iterable_dataset_jetclass-IterDataset-Train][INFO] -  - /srv/beegfs/scratch/groups/rodem/lumea/datasets/JetClass/Pythia/train_100M/ZToQQ_039.root
[2026-07-08 10:24:44,053][gpu050|rank:unknown|gabbro.data.iterable_dataset_jetclass-IterDataset-Train][INFO] -  - /srv/beegfs/scratch/groups/rodem/lumea/datasets/JetClass/Pythia/train_100M/ZToQQ_040.root
[2026-07-08 10:24:44,054][gpu050|rank:unknown|gabbro.data.iterable_dataset_jetclass-IterDataset-Train][INFO] -  - /srv/beegfs/scratch/groups/rodem/lumea/datasets/JetClass/Pythia/train_100M/ZToQQ_041.root
[2026-07-08 10:24:44,054][gpu050|rank:unknown|gabbro.data.iterable_dataset_jetclass-IterDataset-Train][INFO] -  - /srv/beegfs/scratch/groups/rodem/lumea/datasets/JetClass/Pythia/train_100M/ZToQQ_042.root
[2026-07-08 10:24:44,055][gpu050|rank:unknown|gabbro.data.iterable_dataset_jetclass-IterDataset-Train][INFO] -  - /srv/beegfs/scratch/groups/rodem/lumea/datasets/JetClass/Pythia/train_100M/ZToQQ_043.root
[2026-07-08 10:24:44,055][gpu050|rank:unknown|gabbro.data.iterable_dataset_jetclass-IterDataset-Train][INFO] -  - /srv/beegfs/scratch/groups/rodem/lumea/datasets/JetClass/Pythia/train_100M/ZToQQ_044.root
[2026-07-08 10:24:44,056][gpu050|rank:unknown|gabbro.data.iterable_dataset_jetclass-IterDataset-Train][INFO] -  - /srv/beegfs/scratch/groups/rodem/lumea/datasets/JetClass/Pythia/train_100M/ZToQQ_045.root
[2026-07-08 10:24:44,057][gpu050|rank:unknown|gabbro.data.iterable_dataset_jetclass-IterDataset-Train][INFO] -  - /srv/beegfs/scratch/groups/rodem/lumea/datasets/JetClass/Pythia/train_100M/ZToQQ_046.root
[2026-07-08 10:24:44,057][gpu050|rank:unknown|gabbro.data.iterable_dataset_jetclass-IterDataset-Train][INFO] -  - /srv/beegfs/scratch/groups/rodem/lumea/datasets/JetClass/Pythia/train_100M/ZToQQ_047.root
[2026-07-08 10:24:44,058][gpu050|rank:unknown|gabbro.data.iterable_dataset_jetclass-IterDataset-Train][INFO] -  - /srv/beegfs/scratch/groups/rodem/lumea/datasets/JetClass/Pythia/train_100M/ZToQQ_048.root
[2026-07-08 10:24:44,058][gpu050|rank:unknown|gabbro.data.iterable_dataset_jetclass-IterDataset-Train][INFO] -  - /srv/beegfs/scratch/groups/rodem/lumea/datasets/JetClass/Pythia/train_100M/ZToQQ_049.root
[2026-07-08 10:24:44,059][gpu050|rank:unknown|gabbro.data.iterable_dataset_jetclass-IterDataset-Train][INFO] -  - /srv/beegfs/scratch/groups/rodem/lumea/datasets/JetClass/Pythia/train_100M/ZToQQ_050.root
[2026-07-08 10:24:44,060][gpu050|rank:unknown|gabbro.data.iterable_dataset_jetclass-IterDataset-Train][INFO] -  - /srv/beegfs/scratch/groups/rodem/lumea/datasets/JetClass/Pythia/train_100M/ZToQQ_051.root
[2026-07-08 10:24:44,061][gpu050|rank:unknown|gabbro.data.iterable_dataset_jetclass-IterDataset-Train][INFO] -  - /srv/beegfs/scratch/groups/rodem/lumea/datasets/JetClass/Pythia/train_100M/ZToQQ_052.root
[2026-07-08 10:24:44,062][gpu050|rank:unknown|gabbro.data.iterable_dataset_jetclass-IterDataset-Train][INFO] -  - /srv/beegfs/scratch/groups/rodem/lumea/datasets/JetClass/Pythia/train_100M/ZToQQ_053.root
[2026-07-08 10:24:44,062][gpu050|rank:unknown|gabbro.data.iterable_dataset_jetclass-IterDataset-Train][INFO] -  - /srv/beegfs/scratch/groups/rodem/lumea/datasets/JetClass/Pythia/train_100M/ZToQQ_054.root
[2026-07-08 10:24:44,063][gpu050|rank:unknown|gabbro.data.iterable_dataset_jetclass-IterDataset-Train][INFO] -  - /srv/beegfs/scratch/groups/rodem/lumea/datasets/JetClass/Pythia/train_100M/ZToQQ_055.root
[2026-07-08 10:24:44,064][gpu050|rank:unknown|gabbro.data.iterable_dataset_jetclass-IterDataset-Train][INFO] -  - /srv/beegfs/scratch/groups/rodem/lumea/datasets/JetClass/Pythia/train_100M/ZToQQ_056.root
[2026-07-08 10:24:44,064][gpu050|rank:unknown|gabbro.data.iterable_dataset_jetclass-IterDataset-Train][INFO] -  - /srv/beegfs/scratch/groups/rodem/lumea/datasets/JetClass/Pythia/train_100M/ZToQQ_057.root
[2026-07-08 10:24:44,065][gpu050|rank:unknown|gabbro.data.iterable_dataset_jetclass-IterDataset-Train][INFO] -  - /srv/beegfs/scratch/groups/rodem/lumea/datasets/JetClass/Pythia/train_100M/ZToQQ_058.root
[2026-07-08 10:24:44,065][gpu050|rank:unknown|gabbro.data.iterable_dataset_jetclass-IterDataset-Train][INFO] -  - /srv/beegfs/scratch/groups/rodem/lumea/datasets/JetClass/Pythia/train_100M/ZToQQ_059.root
[2026-07-08 10:24:44,066][gpu050|rank:unknown|gabbro.data.iterable_dataset_jetclass-IterDataset-Train][INFO] -  - /srv/beegfs/scratch/groups/rodem/lumea/datasets/JetClass/Pythia/train_100M/ZToQQ_060.root
[2026-07-08 10:24:44,067][gpu050|rank:unknown|gabbro.data.iterable_dataset_jetclass-IterDataset-Train][INFO] -  - /srv/beegfs/scratch/groups/rodem/lumea/datasets/JetClass/Pythia/train_100M/ZToQQ_061.root
[2026-07-08 10:24:44,068][gpu050|rank:unknown|gabbro.data.iterable_dataset_jetclass-IterDataset-Train][INFO] -  - /srv/beegfs/scratch/groups/rodem/lumea/datasets/JetClass/Pythia/train_100M/ZToQQ_062.root
[2026-07-08 10:24:44,069][gpu050|rank:unknown|gabbro.data.iterable_dataset_jetclass-IterDataset-Train][INFO] -  - /srv/beegfs/scratch/groups/rodem/lumea/datasets/JetClass/Pythia/train_100M/ZToQQ_063.root
[2026-07-08 10:24:44,069][gpu050|rank:unknown|gabbro.data.iterable_dataset_jetclass-IterDataset-Train][INFO] -  - /srv/beegfs/scratch/groups/rodem/lumea/datasets/JetClass/Pythia/train_100M/ZToQQ_064.root
[2026-07-08 10:24:44,070][gpu050|rank:unknown|gabbro.data.iterable_dataset_jetclass-IterDataset-Train][INFO] -  - /srv/beegfs/scratch/groups/rodem/lumea/datasets/JetClass/Pythia/train_100M/ZToQQ_065.root
[2026-07-08 10:24:44,071][gpu050|rank:unknown|gabbro.data.iterable_dataset_jetclass-IterDataset-Train][INFO] -  - /srv/beegfs/scratch/groups/rodem/lumea/datasets/JetClass/Pythia/train_100M/ZToQQ_066.root
[2026-07-08 10:24:44,071][gpu050|rank:unknown|gabbro.data.iterable_dataset_jetclass-IterDataset-Train][INFO] -  - /srv/beegfs/scratch/groups/rodem/lumea/datasets/JetClass/Pythia/train_100M/ZToQQ_067.root
[2026-07-08 10:24:44,072][gpu050|rank:unknown|gabbro.data.iterable_dataset_jetclass-IterDataset-Train][INFO] -  - /srv/beegfs/scratch/groups/rodem/lumea/datasets/JetClass/Pythia/train_100M/ZToQQ_068.root
[2026-07-08 10:24:44,072][gpu050|rank:unknown|gabbro.data.iterable_dataset_jetclass-IterDataset-Train][INFO] -  - /srv/beegfs/scratch/groups/rodem/lumea/datasets/JetClass/Pythia/train_100M/ZToQQ_069.root
[2026-07-08 10:24:44,073][gpu050|rank:unknown|gabbro.data.iterable_dataset_jetclass-IterDataset-Train][INFO] -  - /srv/beegfs/scratch/groups/rodem/lumea/datasets/JetClass/Pythia/train_100M/ZToQQ_070.root
[2026-07-08 10:24:44,074][gpu050|rank:unknown|gabbro.data.iterable_dataset_jetclass-IterDataset-Train][INFO] -  - /srv/beegfs/scratch/groups/rodem/lumea/datasets/JetClass/Pythia/train_100M/ZToQQ_071.root
[2026-07-08 10:24:44,074][gpu050|rank:unknown|gabbro.data.iterable_dataset_jetclass-IterDataset-Train][INFO] -  - /srv/beegfs/scratch/groups/rodem/lumea/datasets/JetClass/Pythia/train_100M/ZToQQ_072.root
[2026-07-08 10:24:44,075][gpu050|rank:unknown|gabbro.data.iterable_dataset_jetclass-IterDataset-Train][INFO] -  - /srv/beegfs/scratch/groups/rodem/lumea/datasets/JetClass/Pythia/train_100M/ZToQQ_073.root
[2026-07-08 10:24:44,075][gpu050|rank:unknown|gabbro.data.iterable_dataset_jetclass-IterDataset-Train][INFO] -  - /srv/beegfs/scratch/groups/rodem/lumea/datasets/JetClass/Pythia/train_100M/ZToQQ_074.root
[2026-07-08 10:24:44,076][gpu050|rank:unknown|gabbro.data.iterable_dataset_jetclass-IterDataset-Train][INFO] -  - /srv/beegfs/scratch/groups/rodem/lumea/datasets/JetClass/Pythia/train_100M/ZToQQ_075.root
[2026-07-08 10:24:44,076][gpu050|rank:unknown|gabbro.data.iterable_dataset_jetclass-IterDataset-Train][INFO] -  - /srv/beegfs/scratch/groups/rodem/lumea/datasets/JetClass/Pythia/train_100M/ZToQQ_076.root
[2026-07-08 10:24:44,077][gpu050|rank:unknown|gabbro.data.iterable_dataset_jetclass-IterDataset-Train][INFO] -  - /srv/beegfs/scratch/groups/rodem/lumea/datasets/JetClass/Pythia/train_100M/ZToQQ_077.root
[2026-07-08 10:24:44,077][gpu050|rank:unknown|gabbro.data.iterable_dataset_jetclass-IterDataset-Train][INFO] -  - /srv/beegfs/scratch/groups/rodem/lumea/datasets/JetClass/Pythia/train_100M/ZToQQ_078.root
[2026-07-08 10:24:44,078][gpu050|rank:unknown|gabbro.data.iterable_dataset_jetclass-IterDataset-Train][INFO] -  - /srv/beegfs/scratch/groups/rodem/lumea/datasets/JetClass/Pythia/train_100M/ZToQQ_079.root
[2026-07-08 10:24:44,079][gpu050|rank:unknown|gabbro.data.iterable_dataset_jetclass-IterDataset-Train][INFO] -  - /srv/beegfs/scratch/groups/rodem/lumea/datasets/JetClass/Pythia/train_100M/ZToQQ_080.root
[2026-07-08 10:24:44,079][gpu050|rank:unknown|gabbro.data.iterable_dataset_jetclass-IterDataset-Train][INFO] -  - /srv/beegfs/scratch/groups/rodem/lumea/datasets/JetClass/Pythia/train_100M/ZToQQ_081.root
[2026-07-08 10:24:44,080][gpu050|rank:unknown|gabbro.data.iterable_dataset_jetclass-IterDataset-Train][INFO] -  - /srv/beegfs/scratch/groups/rodem/lumea/datasets/JetClass/Pythia/train_100M/ZToQQ_082.root
[2026-07-08 10:24:44,080][gpu050|rank:unknown|gabbro.data.iterable_dataset_jetclass-IterDataset-Train][INFO] -  - /srv/beegfs/scratch/groups/rodem/lumea/datasets/JetClass/Pythia/train_100M/ZToQQ_083.root
[2026-07-08 10:24:44,081][gpu050|rank:unknown|gabbro.data.iterable_dataset_jetclass-IterDataset-Train][INFO] -  - /srv/beegfs/scratch/groups/rodem/lumea/datasets/JetClass/Pythia/train_100M/ZToQQ_084.root
[2026-07-08 10:24:44,082][gpu050|rank:unknown|gabbro.data.iterable_dataset_jetclass-IterDataset-Train][INFO] -  - /srv/beegfs/scratch/groups/rodem/lumea/datasets/JetClass/Pythia/train_100M/ZToQQ_085.root
[2026-07-08 10:24:44,082][gpu050|rank:unknown|gabbro.data.iterable_dataset_jetclass-IterDataset-Train][INFO] -  - /srv/beegfs/scratch/groups/rodem/lumea/datasets/JetClass/Pythia/train_100M/ZToQQ_086.root
[2026-07-08 10:24:44,083][gpu050|rank:unknown|gabbro.data.iterable_dataset_jetclass-IterDataset-Train][INFO] -  - /srv/beegfs/scratch/groups/rodem/lumea/datasets/JetClass/Pythia/train_100M/ZToQQ_087.root
[2026-07-08 10:24:44,083][gpu050|rank:unknown|gabbro.data.iterable_dataset_jetclass-IterDataset-Train][INFO] -  - /srv/beegfs/scratch/groups/rodem/lumea/datasets/JetClass/Pythia/train_100M/ZToQQ_088.root
[2026-07-08 10:24:44,084][gpu050|rank:unknown|gabbro.data.iterable_dataset_jetclass-IterDataset-Train][INFO] -  - /srv/beegfs/scratch/groups/rodem/lumea/datasets/JetClass/Pythia/train_100M/ZToQQ_089.root
[2026-07-08 10:24:44,085][gpu050|rank:unknown|gabbro.data.iterable_dataset_jetclass-IterDataset-Train][INFO] -  - /srv/beegfs/scratch/groups/rodem/lumea/datasets/JetClass/Pythia/train_100M/ZToQQ_090.root
[2026-07-08 10:24:44,086][gpu050|rank:unknown|gabbro.data.iterable_dataset_jetclass-IterDataset-Train][INFO] -  - /srv/beegfs/scratch/groups/rodem/lumea/datasets/JetClass/Pythia/train_100M/ZToQQ_091.root
[2026-07-08 10:24:44,086][gpu050|rank:unknown|gabbro.data.iterable_dataset_jetclass-IterDataset-Train][INFO] -  - /srv/beegfs/scratch/groups/rodem/lumea/datasets/JetClass/Pythia/train_100M/ZToQQ_092.root
[2026-07-08 10:24:44,087][gpu050|rank:unknown|gabbro.data.iterable_dataset_jetclass-IterDataset-Train][INFO] -  - /srv/beegfs/scratch/groups/rodem/lumea/datasets/JetClass/Pythia/train_100M/ZToQQ_093.root
[2026-07-08 10:24:44,087][gpu050|rank:unknown|gabbro.data.iterable_dataset_jetclass-IterDataset-Train][INFO] -  - /srv/beegfs/scratch/groups/rodem/lumea/datasets/JetClass/Pythia/train_100M/ZToQQ_094.root
[2026-07-08 10:24:44,088][gpu050|rank:unknown|gabbro.data.iterable_dataset_jetclass-IterDataset-Train][INFO] -  - /srv/beegfs/scratch/groups/rodem/lumea/datasets/JetClass/Pythia/train_100M/ZToQQ_095.root
[2026-07-08 10:24:44,088][gpu050|rank:unknown|gabbro.data.iterable_dataset_jetclass-IterDataset-Train][INFO] -  - /srv/beegfs/scratch/groups/rodem/lumea/datasets/JetClass/Pythia/train_100M/ZToQQ_096.root
[2026-07-08 10:24:44,089][gpu050|rank:unknown|gabbro.data.iterable_dataset_jetclass-IterDataset-Train][INFO] -  - /srv/beegfs/scratch/groups/rodem/lumea/datasets/JetClass/Pythia/train_100M/ZToQQ_097.root
[2026-07-08 10:24:44,089][gpu050|rank:unknown|gabbro.data.iterable_dataset_jetclass-IterDataset-Train][INFO] -  - /srv/beegfs/scratch/groups/rodem/lumea/datasets/JetClass/Pythia/train_100M/ZToQQ_098.root
[2026-07-08 10:24:44,090][gpu050|rank:unknown|gabbro.data.iterable_dataset_jetclass-IterDataset-Train][INFO] -  - /srv/beegfs/scratch/groups/rodem/lumea/datasets/JetClass/Pythia/train_100M/ZToQQ_099.root
[2026-07-08 10:24:44,097][gpu050|rank:unknown|gabbro.data.iterable_dataset_jetclass-IterDataset-Train][INFO] - Files for jet_type Wqq:
[2026-07-08 10:24:44,098][gpu050|rank:unknown|gabbro.data.iterable_dataset_jetclass-IterDataset-Train][INFO] -  - /srv/beegfs/scratch/groups/rodem/lumea/datasets/JetClass/Pythia/train_100M/WToQQ_000.root
[2026-07-08 10:24:44,098][gpu050|rank:unknown|gabbro.data.iterable_dataset_jetclass-IterDataset-Train][INFO] -  - /srv/beegfs/scratch/groups/rodem/lumea/datasets/JetClass/Pythia/train_100M/WToQQ_001.root
[2026-07-08 10:24:44,099][gpu050|rank:unknown|gabbro.data.iterable_dataset_jetclass-IterDataset-Train][INFO] -  - /srv/beegfs/scratch/groups/rodem/lumea/datasets/JetClass/Pythia/train_100M/WToQQ_002.root
[2026-07-08 10:24:44,099][gpu050|rank:unknown|gabbro.data.iterable_dataset_jetclass-IterDataset-Train][INFO] -  - /srv/beegfs/scratch/groups/rodem/lumea/datasets/JetClass/Pythia/train_100M/WToQQ_003.root
[2026-07-08 10:24:44,100][gpu050|rank:unknown|gabbro.data.iterable_dataset_jetclass-IterDataset-Train][INFO] -  - /srv/beegfs/scratch/groups/rodem/lumea/datasets/JetClass/Pythia/train_100M/WToQQ_004.root
[2026-07-08 10:24:44,100][gpu050|rank:unknown|gabbro.data.iterable_dataset_jetclass-IterDataset-Train][INFO] -  - /srv/beegfs/scratch/groups/rodem/lumea/datasets/JetClass/Pythia/train_100M/WToQQ_005.root
[2026-07-08 10:24:44,101][gpu050|rank:unknown|gabbro.data.iterable_dataset_jetclass-IterDataset-Train][INFO] -  - /srv/beegfs/scratch/groups/rodem/lumea/datasets/JetClass/Pythia/train_100M/WToQQ_006.root
[2026-07-08 10:24:44,101][gpu050|rank:unknown|gabbro.data.iterable_dataset_jetclass-IterDataset-Train][INFO] -  - /srv/beegfs/scratch/groups/rodem/lumea/datasets/JetClass/Pythia/train_100M/WToQQ_007.root
[2026-07-08 10:24:44,102][gpu050|rank:unknown|gabbro.data.iterable_dataset_jetclass-IterDataset-Train][INFO] -  - /srv/beegfs/scratch/groups/rodem/lumea/datasets/JetClass/Pythia/train_100M/WToQQ_008.root
[2026-07-08 10:24:44,103][gpu050|rank:unknown|gabbro.data.iterable_dataset_jetclass-IterDataset-Train][INFO] -  - /srv/beegfs/scratch/groups/rodem/lumea/datasets/JetClass/Pythia/train_100M/WToQQ_009.root
[2026-07-08 10:24:44,103][gpu050|rank:unknown|gabbro.data.iterable_dataset_jetclass-IterDataset-Train][INFO] -  - /srv/beegfs/scratch/groups/rodem/lumea/datasets/JetClass/Pythia/train_100M/WToQQ_010.root
[2026-07-08 10:24:44,104][gpu050|rank:unknown|gabbro.data.iterable_dataset_jetclass-IterDataset-Train][INFO] -  - /srv/beegfs/scratch/groups/rodem/lumea/datasets/JetClass/Pythia/train_100M/WToQQ_011.root
[2026-07-08 10:24:44,104][gpu050|rank:unknown|gabbro.data.iterable_dataset_jetclass-IterDataset-Train][INFO] -  - /srv/beegfs/scratch/groups/rodem/lumea/datasets/JetClass/Pythia/train_100M/WToQQ_012.root
[2026-07-08 10:24:44,106][gpu050|rank:unknown|gabbro.data.iterable_dataset_jetclass-IterDataset-Train][INFO] -  - /srv/beegfs/scratch/groups/rodem/lumea/datasets/JetClass/Pythia/train_100M/WToQQ_013.root
[2026-07-08 10:24:44,106][gpu050|rank:unknown|gabbro.data.iterable_dataset_jetclass-IterDataset-Train][INFO] -  - /srv/beegfs/scratch/groups/rodem/lumea/datasets/JetClass/Pythia/train_100M/WToQQ_014.root
[2026-07-08 10:24:44,107][gpu050|rank:unknown|gabbro.data.iterable_dataset_jetclass-IterDataset-Train][INFO] -  - /srv/beegfs/scratch/groups/rodem/lumea/datasets/JetClass/Pythia/train_100M/WToQQ_015.root
[2026-07-08 10:24:44,107][gpu050|rank:unknown|gabbro.data.iterable_dataset_jetclass-IterDataset-Train][INFO] -  - /srv/beegfs/scratch/groups/rodem/lumea/datasets/JetClass/Pythia/train_100M/WToQQ_016.root
[2026-07-08 10:24:44,108][gpu050|rank:unknown|gabbro.data.iterable_dataset_jetclass-IterDataset-Train][INFO] -  - /srv/beegfs/scratch/groups/rodem/lumea/datasets/JetClass/Pythia/train_100M/WToQQ_017.root
[2026-07-08 10:24:44,109][gpu050|rank:unknown|gabbro.data.iterable_dataset_jetclass-IterDataset-Train][INFO] -  - /srv/beegfs/scratch/groups/rodem/lumea/datasets/JetClass/Pythia/train_100M/WToQQ_018.root
[2026-07-08 10:24:44,109][gpu050|rank:unknown|gabbro.data.iterable_dataset_jetclass-IterDataset-Train][INFO] -  - /srv/beegfs/scratch/groups/rodem/lumea/datasets/JetClass/Pythia/train_100M/WToQQ_019.root
[2026-07-08 10:24:44,110][gpu050|rank:unknown|gabbro.data.iterable_dataset_jetclass-IterDataset-Train][INFO] -  - /srv/beegfs/scratch/groups/rodem/lumea/datasets/JetClass/Pythia/train_100M/WToQQ_020.root
[2026-07-08 10:24:44,111][gpu050|rank:unknown|gabbro.data.iterable_dataset_jetclass-IterDataset-Train][INFO] -  - /srv/beegfs/scratch/groups/rodem/lumea/datasets/JetClass/Pythia/train_100M/WToQQ_021.root
[2026-07-08 10:24:44,111][gpu050|rank:unknown|gabbro.data.iterable_dataset_jetclass-IterDataset-Train][INFO] -  - /srv/beegfs/scratch/groups/rodem/lumea/datasets/JetClass/Pythia/train_100M/WToQQ_022.root
[2026-07-08 10:24:44,112][gpu050|rank:unknown|gabbro.data.iterable_dataset_jetclass-IterDataset-Train][INFO] -  - /srv/beegfs/scratch/groups/rodem/lumea/datasets/JetClass/Pythia/train_100M/WToQQ_023.root
[2026-07-08 10:24:44,112][gpu050|rank:unknown|gabbro.data.iterable_dataset_jetclass-IterDataset-Train][INFO] -  - /srv/beegfs/scratch/groups/rodem/lumea/datasets/JetClass/Pythia/train_100M/WToQQ_024.root
[2026-07-08 10:24:44,113][gpu050|rank:unknown|gabbro.data.iterable_dataset_jetclass-IterDataset-Train][INFO] -  - /srv/beegfs/scratch/groups/rodem/lumea/datasets/JetClass/Pythia/train_100M/WToQQ_025.root
[2026-07-08 10:24:44,113][gpu050|rank:unknown|gabbro.data.iterable_dataset_jetclass-IterDataset-Train][INFO] -  - /srv/beegfs/scratch/groups/rodem/lumea/datasets/JetClass/Pythia/train_100M/WToQQ_026.root
[2026-07-08 10:24:44,114][gpu050|rank:unknown|gabbro.data.iterable_dataset_jetclass-IterDataset-Train][INFO] -  - /srv/beegfs/scratch/groups/rodem/lumea/datasets/JetClass/Pythia/train_100M/WToQQ_027.root
[2026-07-08 10:24:44,115][gpu050|rank:unknown|gabbro.data.iterable_dataset_jetclass-IterDataset-Train][INFO] -  - /srv/beegfs/scratch/groups/rodem/lumea/datasets/JetClass/Pythia/train_100M/WToQQ_028.root
[2026-07-08 10:24:44,116][gpu050|rank:unknown|gabbro.data.iterable_dataset_jetclass-IterDataset-Train][INFO] -  - /srv/beegfs/scratch/groups/rodem/lumea/datasets/JetClass/Pythia/train_100M/WToQQ_029.root
[2026-07-08 10:24:44,117][gpu050|rank:unknown|gabbro.data.iterable_dataset_jetclass-IterDataset-Train][INFO] -  - /srv/beegfs/scratch/groups/rodem/lumea/datasets/JetClass/Pythia/train_100M/WToQQ_030.root
[2026-07-08 10:24:44,117][gpu050|rank:unknown|gabbro.data.iterable_dataset_jetclass-IterDataset-Train][INFO] -  - /srv/beegfs/scratch/groups/rodem/lumea/datasets/JetClass/Pythia/train_100M/WToQQ_031.root
[2026-07-08 10:24:44,117][gpu050|rank:unknown|gabbro.data.iterable_dataset_jetclass-IterDataset-Train][INFO] -  - /srv/beegfs/scratch/groups/rodem/lumea/datasets/JetClass/Pythia/train_100M/WToQQ_032.root
[2026-07-08 10:24:44,118][gpu050|rank:unknown|gabbro.data.iterable_dataset_jetclass-IterDataset-Train][INFO] -  - /srv/beegfs/scratch/groups/rodem/lumea/datasets/JetClass/Pythia/train_100M/WToQQ_033.root
[2026-07-08 10:24:44,118][gpu050|rank:unknown|gabbro.data.iterable_dataset_jetclass-IterDataset-Train][INFO] -  - /srv/beegfs/scratch/groups/rodem/lumea/datasets/JetClass/Pythia/train_100M/WToQQ_034.root
[2026-07-08 10:24:44,119][gpu050|rank:unknown|gabbro.data.iterable_dataset_jetclass-IterDataset-Train][INFO] -  - /srv/beegfs/scratch/groups/rodem/lumea/datasets/JetClass/Pythia/train_100M/WToQQ_035.root
[2026-07-08 10:24:44,120][gpu050|rank:unknown|gabbro.data.iterable_dataset_jetclass-IterDataset-Train][INFO] -  - /srv/beegfs/scratch/groups/rodem/lumea/datasets/JetClass/Pythia/train_100M/WToQQ_036.root
[2026-07-08 10:24:44,120][gpu050|rank:unknown|gabbro.data.iterable_dataset_jetclass-IterDataset-Train][INFO] -  - /srv/beegfs/scratch/groups/rodem/lumea/datasets/JetClass/Pythia/train_100M/WToQQ_037.root
[2026-07-08 10:24:44,121][gpu050|rank:unknown|gabbro.data.iterable_dataset_jetclass-IterDataset-Train][INFO] -  - /srv/beegfs/scratch/groups/rodem/lumea/datasets/JetClass/Pythia/train_100M/WToQQ_038.root
[2026-07-08 10:24:44,122][gpu050|rank:unknown|gabbro.data.iterable_dataset_jetclass-IterDataset-Train][INFO] -  - /srv/beegfs/scratch/groups/rodem/lumea/datasets/JetClass/Pythia/train_100M/WToQQ_039.root
[2026-07-08 10:24:44,123][gpu050|rank:unknown|gabbro.data.iterable_dataset_jetclass-IterDataset-Train][INFO] -  - /srv/beegfs/scratch/groups/rodem/lumea/datasets/JetClass/Pythia/train_100M/WToQQ_040.root
[2026-07-08 10:24:44,123][gpu050|rank:unknown|gabbro.data.iterable_dataset_jetclass-IterDataset-Train][INFO] -  - /srv/beegfs/scratch/groups/rodem/lumea/datasets/JetClass/Pythia/train_100M/WToQQ_041.root
[2026-07-08 10:24:44,123][gpu050|rank:unknown|gabbro.data.iterable_dataset_jetclass-IterDataset-Train][INFO] -  - /srv/beegfs/scratch/groups/rodem/lumea/datasets/JetClass/Pythia/train_100M/WToQQ_042.root
[2026-07-08 10:24:44,124][gpu050|rank:unknown|gabbro.data.iterable_dataset_jetclass-IterDataset-Train][INFO] -  - /srv/beegfs/scratch/groups/rodem/lumea/datasets/JetClass/Pythia/train_100M/WToQQ_043.root
[2026-07-08 10:24:44,125][gpu050|rank:unknown|gabbro.data.iterable_dataset_jetclass-IterDataset-Train][INFO] -  - /srv/beegfs/scratch/groups/rodem/lumea/datasets/JetClass/Pythia/train_100M/WToQQ_044.root
[2026-07-08 10:24:44,125][gpu050|rank:unknown|gabbro.data.iterable_dataset_jetclass-IterDataset-Train][INFO] -  - /srv/beegfs/scratch/groups/rodem/lumea/datasets/JetClass/Pythia/train_100M/WToQQ_045.root
[2026-07-08 10:24:44,126][gpu050|rank:unknown|gabbro.data.iterable_dataset_jetclass-IterDataset-Train][INFO] -  - /srv/beegfs/scratch/groups/rodem/lumea/datasets/JetClass/Pythia/train_100M/WToQQ_046.root
[2026-07-08 10:24:44,127][gpu050|rank:unknown|gabbro.data.iterable_dataset_jetclass-IterDataset-Train][INFO] -  - /srv/beegfs/scratch/groups/rodem/lumea/datasets/JetClass/Pythia/train_100M/WToQQ_047.root
[2026-07-08 10:24:44,128][gpu050|rank:unknown|gabbro.data.iterable_dataset_jetclass-IterDataset-Train][INFO] -  - /srv/beegfs/scratch/groups/rodem/lumea/datasets/JetClass/Pythia/train_100M/WToQQ_048.root
[2026-07-08 10:24:44,128][gpu050|rank:unknown|gabbro.data.iterable_dataset_jetclass-IterDataset-Train][INFO] -  - /srv/beegfs/scratch/groups/rodem/lumea/datasets/JetClass/Pythia/train_100M/WToQQ_049.root
[2026-07-08 10:24:44,128][gpu050|rank:unknown|gabbro.data.iterable_dataset_jetclass-IterDataset-Train][INFO] -  - /srv/beegfs/scratch/groups/rodem/lumea/datasets/JetClass/Pythia/train_100M/WToQQ_050.root
[2026-07-08 10:24:44,129][gpu050|rank:unknown|gabbro.data.iterable_dataset_jetclass-IterDataset-Train][INFO] -  - /srv/beegfs/scratch/groups/rodem/lumea/datasets/JetClass/Pythia/train_100M/WToQQ_051.root
[2026-07-08 10:24:44,129][gpu050|rank:unknown|gabbro.data.iterable_dataset_jetclass-IterDataset-Train][INFO] -  - /srv/beegfs/scratch/groups/rodem/lumea/datasets/JetClass/Pythia/train_100M/WToQQ_052.root
[2026-07-08 10:24:44,130][gpu050|rank:unknown|gabbro.data.iterable_dataset_jetclass-IterDataset-Train][INFO] -  - /srv/beegfs/scratch/groups/rodem/lumea/datasets/JetClass/Pythia/train_100M/WToQQ_053.root
[2026-07-08 10:24:44,131][gpu050|rank:unknown|gabbro.data.iterable_dataset_jetclass-IterDataset-Train][INFO] -  - /srv/beegfs/scratch/groups/rodem/lumea/datasets/JetClass/Pythia/train_100M/WToQQ_054.root
[2026-07-08 10:24:44,132][gpu050|rank:unknown|gabbro.data.iterable_dataset_jetclass-IterDataset-Train][INFO] -  - /srv/beegfs/scratch/groups/rodem/lumea/datasets/JetClass/Pythia/train_100M/WToQQ_055.root
[2026-07-08 10:24:44,133][gpu050|rank:unknown|gabbro.data.iterable_dataset_jetclass-IterDataset-Train][INFO] -  - /srv/beegfs/scratch/groups/rodem/lumea/datasets/JetClass/Pythia/train_100M/WToQQ_056.root
[2026-07-08 10:24:44,133][gpu050|rank:unknown|gabbro.data.iterable_dataset_jetclass-IterDataset-Train][INFO] -  - /srv/beegfs/scratch/groups/rodem/lumea/datasets/JetClass/Pythia/train_100M/WToQQ_057.root
[2026-07-08 10:24:44,134][gpu050|rank:unknown|gabbro.data.iterable_dataset_jetclass-IterDataset-Train][INFO] -  - /srv/beegfs/scratch/groups/rodem/lumea/datasets/JetClass/Pythia/train_100M/WToQQ_058.root
[2026-07-08 10:24:44,134][gpu050|rank:unknown|gabbro.data.iterable_dataset_jetclass-IterDataset-Train][INFO] -  - /srv/beegfs/scratch/groups/rodem/lumea/datasets/JetClass/Pythia/train_100M/WToQQ_059.root
[2026-07-08 10:24:44,135][gpu050|rank:unknown|gabbro.data.iterable_dataset_jetclass-IterDataset-Train][INFO] -  - /srv/beegfs/scratch/groups/rodem/lumea/datasets/JetClass/Pythia/train_100M/WToQQ_060.root
[2026-07-08 10:24:44,135][gpu050|rank:unknown|gabbro.data.iterable_dataset_jetclass-IterDataset-Train][INFO] -  - /srv/beegfs/scratch/groups/rodem/lumea/datasets/JetClass/Pythia/train_100M/WToQQ_061.root
[2026-07-08 10:24:44,136][gpu050|rank:unknown|gabbro.data.iterable_dataset_jetclass-IterDataset-Train][INFO] -  - /srv/beegfs/scratch/groups/rodem/lumea/datasets/JetClass/Pythia/train_100M/WToQQ_062.root
[2026-07-08 10:24:44,137][gpu050|rank:unknown|gabbro.data.iterable_dataset_jetclass-IterDataset-Train][INFO] -  - /srv/beegfs/scratch/groups/rodem/lumea/datasets/JetClass/Pythia/train_100M/WToQQ_063.root
[2026-07-08 10:24:44,137][gpu050|rank:unknown|gabbro.data.iterable_dataset_jetclass-IterDataset-Train][INFO] -  - /srv/beegfs/scratch/groups/rodem/lumea/datasets/JetClass/Pythia/train_100M/WToQQ_064.root
[2026-07-08 10:24:44,138][gpu050|rank:unknown|gabbro.data.iterable_dataset_jetclass-IterDataset-Train][INFO] -  - /srv/beegfs/scratch/groups/rodem/lumea/datasets/JetClass/Pythia/train_100M/WToQQ_065.root
[2026-07-08 10:24:44,139][gpu050|rank:unknown|gabbro.data.iterable_dataset_jetclass-IterDataset-Train][INFO] -  - /srv/beegfs/scratch/groups/rodem/lumea/datasets/JetClass/Pythia/train_100M/WToQQ_066.root
[2026-07-08 10:24:44,139][gpu050|rank:unknown|gabbro.data.iterable_dataset_jetclass-IterDataset-Train][INFO] -  - /srv/beegfs/scratch/groups/rodem/lumea/datasets/JetClass/Pythia/train_100M/WToQQ_067.root
[2026-07-08 10:24:44,139][gpu050|rank:unknown|gabbro.data.iterable_dataset_jetclass-IterDataset-Train][INFO] -  - /srv/beegfs/scratch/groups/rodem/lumea/datasets/JetClass/Pythia/train_100M/WToQQ_068.root
[2026-07-08 10:24:44,140][gpu050|rank:unknown|gabbro.data.iterable_dataset_jetclass-IterDataset-Train][INFO] -  - /srv/beegfs/scratch/groups/rodem/lumea/datasets/JetClass/Pythia/train_100M/WToQQ_069.root
[2026-07-08 10:24:44,140][gpu050|rank:unknown|gabbro.data.iterable_dataset_jetclass-IterDataset-Train][INFO] -  - /srv/beegfs/scratch/groups/rodem/lumea/datasets/JetClass/Pythia/train_100M/WToQQ_070.root
[2026-07-08 10:24:44,141][gpu050|rank:unknown|gabbro.data.iterable_dataset_jetclass-IterDataset-Train][INFO] -  - /srv/beegfs/scratch/groups/rodem/lumea/datasets/JetClass/Pythia/train_100M/WToQQ_071.root
[2026-07-08 10:24:44,141][gpu050|rank:unknown|gabbro.data.iterable_dataset_jetclass-IterDataset-Train][INFO] -  - /srv/beegfs/scratch/groups/rodem/lumea/datasets/JetClass/Pythia/train_100M/WToQQ_072.root
[2026-07-08 10:24:44,142][gpu050|rank:unknown|gabbro.data.iterable_dataset_jetclass-IterDataset-Train][INFO] -  - /srv/beegfs/scratch/groups/rodem/lumea/datasets/JetClass/Pythia/train_100M/WToQQ_073.root
[2026-07-08 10:24:44,143][gpu050|rank:unknown|gabbro.data.iterable_dataset_jetclass-IterDataset-Train][INFO] -  - /srv/beegfs/scratch/groups/rodem/lumea/datasets/JetClass/Pythia/train_100M/WToQQ_074.root
[2026-07-08 10:24:44,144][gpu050|rank:unknown|gabbro.data.iterable_dataset_jetclass-IterDataset-Train][INFO] -  - /srv/beegfs/scratch/groups/rodem/lumea/datasets/JetClass/Pythia/train_100M/WToQQ_075.root
[2026-07-08 10:24:44,144][gpu050|rank:unknown|gabbro.data.iterable_dataset_jetclass-IterDataset-Train][INFO] -  - /srv/beegfs/scratch/groups/rodem/lumea/datasets/JetClass/Pythia/train_100M/WToQQ_076.root
[2026-07-08 10:24:44,145][gpu050|rank:unknown|gabbro.data.iterable_dataset_jetclass-IterDataset-Train][INFO] -  - /srv/beegfs/scratch/groups/rodem/lumea/datasets/JetClass/Pythia/train_100M/WToQQ_077.root
[2026-07-08 10:24:44,145][gpu050|rank:unknown|gabbro.data.iterable_dataset_jetclass-IterDataset-Train][INFO] -  - /srv/beegfs/scratch/groups/rodem/lumea/datasets/JetClass/Pythia/train_100M/WToQQ_078.root
[2026-07-08 10:24:44,145][gpu050|rank:unknown|gabbro.data.iterable_dataset_jetclass-IterDataset-Train][INFO] -  - /srv/beegfs/scratch/groups/rodem/lumea/datasets/JetClass/Pythia/train_100M/WToQQ_079.root
[2026-07-08 10:24:44,146][gpu050|rank:unknown|gabbro.data.iterable_dataset_jetclass-IterDataset-Train][INFO] -  - /srv/beegfs/scratch/groups/rodem/lumea/datasets/JetClass/Pythia/train_100M/WToQQ_080.root
[2026-07-08 10:24:44,147][gpu050|rank:unknown|gabbro.data.iterable_dataset_jetclass-IterDataset-Train][INFO] -  - /srv/beegfs/scratch/groups/rodem/lumea/datasets/JetClass/Pythia/train_100M/WToQQ_081.root
[2026-07-08 10:24:44,147][gpu050|rank:unknown|gabbro.data.iterable_dataset_jetclass-IterDataset-Train][INFO] -  - /srv/beegfs/scratch/groups/rodem/lumea/datasets/JetClass/Pythia/train_100M/WToQQ_082.root
[2026-07-08 10:24:44,148][gpu050|rank:unknown|gabbro.data.iterable_dataset_jetclass-IterDataset-Train][INFO] -  - /srv/beegfs/scratch/groups/rodem/lumea/datasets/JetClass/Pythia/train_100M/WToQQ_083.root
[2026-07-08 10:24:44,149][gpu050|rank:unknown|gabbro.data.iterable_dataset_jetclass-IterDataset-Train][INFO] -  - /srv/beegfs/scratch/groups/rodem/lumea/datasets/JetClass/Pythia/train_100M/WToQQ_084.root
[2026-07-08 10:24:44,150][gpu050|rank:unknown|gabbro.data.iterable_dataset_jetclass-IterDataset-Train][INFO] -  - /srv/beegfs/scratch/groups/rodem/lumea/datasets/JetClass/Pythia/train_100M/WToQQ_085.root
[2026-07-08 10:24:44,150][gpu050|rank:unknown|gabbro.data.iterable_dataset_jetclass-IterDataset-Train][INFO] -  - /srv/beegfs/scratch/groups/rodem/lumea/datasets/JetClass/Pythia/train_100M/WToQQ_086.root
[2026-07-08 10:24:44,151][gpu050|rank:unknown|gabbro.data.iterable_dataset_jetclass-IterDataset-Train][INFO] -  - /srv/beegfs/scratch/groups/rodem/lumea/datasets/JetClass/Pythia/train_100M/WToQQ_087.root
[2026-07-08 10:24:44,151][gpu050|rank:unknown|gabbro.data.iterable_dataset_jetclass-IterDataset-Train][INFO] -  - /srv/beegfs/scratch/groups/rodem/lumea/datasets/JetClass/Pythia/train_100M/WToQQ_088.root
[2026-07-08 10:24:44,151][gpu050|rank:unknown|gabbro.data.iterable_dataset_jetclass-IterDataset-Train][INFO] -  - /srv/beegfs/scratch/groups/rodem/lumea/datasets/JetClass/Pythia/train_100M/WToQQ_089.root
[2026-07-08 10:24:44,152][gpu050|rank:unknown|gabbro.data.iterable_dataset_jetclass-IterDataset-Train][INFO] -  - /srv/beegfs/scratch/groups/rodem/lumea/datasets/JetClass/Pythia/train_100M/WToQQ_090.root
[2026-07-08 10:24:44,153][gpu050|rank:unknown|gabbro.data.iterable_dataset_jetclass-IterDataset-Train][INFO] -  - /srv/beegfs/scratch/groups/rodem/lumea/datasets/JetClass/Pythia/train_100M/WToQQ_091.root
[2026-07-08 10:24:44,153][gpu050|rank:unknown|gabbro.data.iterable_dataset_jetclass-IterDataset-Train][INFO] -  - /srv/beegfs/scratch/groups/rodem/lumea/datasets/JetClass/Pythia/train_100M/WToQQ_092.root
[2026-07-08 10:24:44,154][gpu050|rank:unknown|gabbro.data.iterable_dataset_jetclass-IterDataset-Train][INFO] -  - /srv/beegfs/scratch/groups/rodem/lumea/datasets/JetClass/Pythia/train_100M/WToQQ_093.root
[2026-07-08 10:24:44,154][gpu050|rank:unknown|gabbro.data.iterable_dataset_jetclass-IterDataset-Train][INFO] -  - /srv/beegfs/scratch/groups/rodem/lumea/datasets/JetClass/Pythia/train_100M/WToQQ_094.root
[2026-07-08 10:24:44,155][gpu050|rank:unknown|gabbro.data.iterable_dataset_jetclass-IterDataset-Train][INFO] -  - /srv/beegfs/scratch/groups/rodem/lumea/datasets/JetClass/Pythia/train_100M/WToQQ_095.root
[2026-07-08 10:24:44,156][gpu050|rank:unknown|gabbro.data.iterable_dataset_jetclass-IterDataset-Train][INFO] -  - /srv/beegfs/scratch/groups/rodem/lumea/datasets/JetClass/Pythia/train_100M/WToQQ_096.root
[2026-07-08 10:24:44,156][gpu050|rank:unknown|gabbro.data.iterable_dataset_jetclass-IterDataset-Train][INFO] -  - /srv/beegfs/scratch/groups/rodem/lumea/datasets/JetClass/Pythia/train_100M/WToQQ_097.root
[2026-07-08 10:24:44,157][gpu050|rank:unknown|gabbro.data.iterable_dataset_jetclass-IterDataset-Train][INFO] -  - /srv/beegfs/scratch/groups/rodem/lumea/datasets/JetClass/Pythia/train_100M/WToQQ_098.root
[2026-07-08 10:24:44,157][gpu050|rank:unknown|gabbro.data.iterable_dataset_jetclass-IterDataset-Train][INFO] -  - /srv/beegfs/scratch/groups/rodem/lumea/datasets/JetClass/Pythia/train_100M/WToQQ_099.root
[2026-07-08 10:24:44,164][gpu050|rank:unknown|gabbro.data.iterable_dataset_jetclass-IterDataset-Train][INFO] - Files for jet_type Tbqq:
[2026-07-08 10:24:44,165][gpu050|rank:unknown|gabbro.data.iterable_dataset_jetclass-IterDataset-Train][INFO] -  - /srv/beegfs/scratch/groups/rodem/lumea/datasets/JetClass/Pythia/train_100M/TTBar_000.root
[2026-07-08 10:24:44,166][gpu050|rank:unknown|gabbro.data.iterable_dataset_jetclass-IterDataset-Train][INFO] -  - /srv/beegfs/scratch/groups/rodem/lumea/datasets/JetClass/Pythia/train_100M/TTBar_001.root
[2026-07-08 10:24:44,167][gpu050|rank:unknown|gabbro.data.iterable_dataset_jetclass-IterDataset-Train][INFO] -  - /srv/beegfs/scratch/groups/rodem/lumea/datasets/JetClass/Pythia/train_100M/TTBar_002.root
[2026-07-08 10:24:44,167][gpu050|rank:unknown|gabbro.data.iterable_dataset_jetclass-IterDataset-Train][INFO] -  - /srv/beegfs/scratch/groups/rodem/lumea/datasets/JetClass/Pythia/train_100M/TTBar_003.root
[2026-07-08 10:24:44,168][gpu050|rank:unknown|gabbro.data.iterable_dataset_jetclass-IterDataset-Train][INFO] -  - /srv/beegfs/scratch/groups/rodem/lumea/datasets/JetClass/Pythia/train_100M/TTBar_004.root
[2026-07-08 10:24:44,168][gpu050|rank:unknown|gabbro.data.iterable_dataset_jetclass-IterDataset-Train][INFO] -  - /srv/beegfs/scratch/groups/rodem/lumea/datasets/JetClass/Pythia/train_100M/TTBar_005.root
[2026-07-08 10:24:44,169][gpu050|rank:unknown|gabbro.data.iterable_dataset_jetclass-IterDataset-Train][INFO] -  - /srv/beegfs/scratch/groups/rodem/lumea/datasets/JetClass/Pythia/train_100M/TTBar_006.root
[2026-07-08 10:24:44,169][gpu050|rank:unknown|gabbro.data.iterable_dataset_jetclass-IterDataset-Train][INFO] -  - /srv/beegfs/scratch/groups/rodem/lumea/datasets/JetClass/Pythia/train_100M/TTBar_007.root
[2026-07-08 10:24:44,170][gpu050|rank:unknown|gabbro.data.iterable_dataset_jetclass-IterDataset-Train][INFO] -  - /srv/beegfs/scratch/groups/rodem/lumea/datasets/JetClass/Pythia/train_100M/TTBar_008.root
[2026-07-08 10:24:44,171][gpu050|rank:unknown|gabbro.data.iterable_dataset_jetclass-IterDataset-Train][INFO] -  - /srv/beegfs/scratch/groups/rodem/lumea/datasets/JetClass/Pythia/train_100M/TTBar_009.root
[2026-07-08 10:24:44,171][gpu050|rank:unknown|gabbro.data.iterable_dataset_jetclass-IterDataset-Train][INFO] -  - /srv/beegfs/scratch/groups/rodem/lumea/datasets/JetClass/Pythia/train_100M/TTBar_010.root
[2026-07-08 10:24:44,172][gpu050|rank:unknown|gabbro.data.iterable_dataset_jetclass-IterDataset-Train][INFO] -  - /srv/beegfs/scratch/groups/rodem/lumea/datasets/JetClass/Pythia/train_100M/TTBar_011.root
[2026-07-08 10:24:44,173][gpu050|rank:unknown|gabbro.data.iterable_dataset_jetclass-IterDataset-Train][INFO] -  - /srv/beegfs/scratch/groups/rodem/lumea/datasets/JetClass/Pythia/train_100M/TTBar_012.root
[2026-07-08 10:24:44,173][gpu050|rank:unknown|gabbro.data.iterable_dataset_jetclass-IterDataset-Train][INFO] -  - /srv/beegfs/scratch/groups/rodem/lumea/datasets/JetClass/Pythia/train_100M/TTBar_013.root
[2026-07-08 10:24:44,174][gpu050|rank:unknown|gabbro.data.iterable_dataset_jetclass-IterDataset-Train][INFO] -  - /srv/beegfs/scratch/groups/rodem/lumea/datasets/JetClass/Pythia/train_100M/TTBar_014.root
[2026-07-08 10:24:44,174][gpu050|rank:unknown|gabbro.data.iterable_dataset_jetclass-IterDataset-Train][INFO] -  - /srv/beegfs/scratch/groups/rodem/lumea/datasets/JetClass/Pythia/train_100M/TTBar_015.root
[2026-07-08 10:24:44,175][gpu050|rank:unknown|gabbro.data.iterable_dataset_jetclass-IterDataset-Train][INFO] -  - /srv/beegfs/scratch/groups/rodem/lumea/datasets/JetClass/Pythia/train_100M/TTBar_016.root
[2026-07-08 10:24:44,175][gpu050|rank:unknown|gabbro.data.iterable_dataset_jetclass-IterDataset-Train][INFO] -  - /srv/beegfs/scratch/groups/rodem/lumea/datasets/JetClass/Pythia/train_100M/TTBar_017.root
[2026-07-08 10:24:44,176][gpu050|rank:unknown|gabbro.data.iterable_dataset_jetclass-IterDataset-Train][INFO] -  - /srv/beegfs/scratch/groups/rodem/lumea/datasets/JetClass/Pythia/train_100M/TTBar_018.root
[2026-07-08 10:24:44,176][gpu050|rank:unknown|gabbro.data.iterable_dataset_jetclass-IterDataset-Train][INFO] -  - /srv/beegfs/scratch/groups/rodem/lumea/datasets/JetClass/Pythia/train_100M/TTBar_019.root
[2026-07-08 10:24:44,178][gpu050|rank:unknown|gabbro.data.iterable_dataset_jetclass-IterDataset-Train][INFO] -  - /srv/beegfs/scratch/groups/rodem/lumea/datasets/JetClass/Pythia/train_100M/TTBar_020.root
[2026-07-08 10:24:44,178][gpu050|rank:unknown|gabbro.data.iterable_dataset_jetclass-IterDataset-Train][INFO] -  - /srv/beegfs/scratch/groups/rodem/lumea/datasets/JetClass/Pythia/train_100M/TTBar_021.root
[2026-07-08 10:24:44,179][gpu050|rank:unknown|gabbro.data.iterable_dataset_jetclass-IterDataset-Train][INFO] -  - /srv/beegfs/scratch/groups/rodem/lumea/datasets/JetClass/Pythia/train_100M/TTBar_022.root
[2026-07-08 10:24:44,180][gpu050|rank:unknown|gabbro.data.iterable_dataset_jetclass-IterDataset-Train][INFO] -  - /srv/beegfs/scratch/groups/rodem/lumea/datasets/JetClass/Pythia/train_100M/TTBar_023.root
[2026-07-08 10:24:44,181][gpu050|rank:unknown|gabbro.data.iterable_dataset_jetclass-IterDataset-Train][INFO] -  - /srv/beegfs/scratch/groups/rodem/lumea/datasets/JetClass/Pythia/train_100M/TTBar_024.root
[2026-07-08 10:24:44,181][gpu050|rank:unknown|gabbro.data.iterable_dataset_jetclass-IterDataset-Train][INFO] -  - /srv/beegfs/scratch/groups/rodem/lumea/datasets/JetClass/Pythia/train_100M/TTBar_025.root
[2026-07-08 10:24:44,181][gpu050|rank:unknown|gabbro.data.iterable_dataset_jetclass-IterDataset-Train][INFO] -  - /srv/beegfs/scratch/groups/rodem/lumea/datasets/JetClass/Pythia/train_100M/TTBar_026.root
[2026-07-08 10:24:44,182][gpu050|rank:unknown|gabbro.data.iterable_dataset_jetclass-IterDataset-Train][INFO] -  - /srv/beegfs/scratch/groups/rodem/lumea/datasets/JetClass/Pythia/train_100M/TTBar_027.root
[2026-07-08 10:24:44,183][gpu050|rank:unknown|gabbro.data.iterable_dataset_jetclass-IterDataset-Train][INFO] -  - /srv/beegfs/scratch/groups/rodem/lumea/datasets/JetClass/Pythia/train_100M/TTBar_028.root
[2026-07-08 10:24:44,184][gpu050|rank:unknown|gabbro.data.iterable_dataset_jetclass-IterDataset-Train][INFO] -  - /srv/beegfs/scratch/groups/rodem/lumea/datasets/JetClass/Pythia/train_100M/TTBar_029.root
[2026-07-08 10:24:44,184][gpu050|rank:unknown|gabbro.data.iterable_dataset_jetclass-IterDataset-Train][INFO] -  - /srv/beegfs/scratch/groups/rodem/lumea/datasets/JetClass/Pythia/train_100M/TTBar_030.root
[2026-07-08 10:24:44,185][gpu050|rank:unknown|gabbro.data.iterable_dataset_jetclass-IterDataset-Train][INFO] -  - /srv/beegfs/scratch/groups/rodem/lumea/datasets/JetClass/Pythia/train_100M/TTBar_031.root
[2026-07-08 10:24:44,185][gpu050|rank:unknown|gabbro.data.iterable_dataset_jetclass-IterDataset-Train][INFO] -  - /srv/beegfs/scratch/groups/rodem/lumea/datasets/JetClass/Pythia/train_100M/TTBar_032.root
[2026-07-08 10:24:44,186][gpu050|rank:unknown|gabbro.data.iterable_dataset_jetclass-IterDataset-Train][INFO] -  - /srv/beegfs/scratch/groups/rodem/lumea/datasets/JetClass/Pythia/train_100M/TTBar_033.root
[2026-07-08 10:24:44,187][gpu050|rank:unknown|gabbro.data.iterable_dataset_jetclass-IterDataset-Train][INFO] -  - /srv/beegfs/scratch/groups/rodem/lumea/datasets/JetClass/Pythia/train_100M/TTBar_034.root
[2026-07-08 10:24:44,187][gpu050|rank:unknown|gabbro.data.iterable_dataset_jetclass-IterDataset-Train][INFO] -  - /srv/beegfs/scratch/groups/rodem/lumea/datasets/JetClass/Pythia/train_100M/TTBar_035.root
[2026-07-08 10:24:44,188][gpu050|rank:unknown|gabbro.data.iterable_dataset_jetclass-IterDataset-Train][INFO] -  - /srv/beegfs/scratch/groups/rodem/lumea/datasets/JetClass/Pythia/train_100M/TTBar_036.root
[2026-07-08 10:24:44,188][gpu050|rank:unknown|gabbro.data.iterable_dataset_jetclass-IterDataset-Train][INFO] -  - /srv/beegfs/scratch/groups/rodem/lumea/datasets/JetClass/Pythia/train_100M/TTBar_037.root
[2026-07-08 10:24:44,189][gpu050|rank:unknown|gabbro.data.iterable_dataset_jetclass-IterDataset-Train][INFO] -  - /srv/beegfs/scratch/groups/rodem/lumea/datasets/JetClass/Pythia/train_100M/TTBar_038.root
[2026-07-08 10:24:44,190][gpu050|rank:unknown|gabbro.data.iterable_dataset_jetclass-IterDataset-Train][INFO] -  - /srv/beegfs/scratch/groups/rodem/lumea/datasets/JetClass/Pythia/train_100M/TTBar_039.root
[2026-07-08 10:24:44,190][gpu050|rank:unknown|gabbro.data.iterable_dataset_jetclass-IterDataset-Train][INFO] -  - /srv/beegfs/scratch/groups/rodem/lumea/datasets/JetClass/Pythia/train_100M/TTBar_040.root
[2026-07-08 10:24:44,191][gpu050|rank:unknown|gabbro.data.iterable_dataset_jetclass-IterDataset-Train][INFO] -  - /srv/beegfs/scratch/groups/rodem/lumea/datasets/JetClass/Pythia/train_100M/TTBar_041.root
[2026-07-08 10:24:44,191][gpu050|rank:unknown|gabbro.data.iterable_dataset_jetclass-IterDataset-Train][INFO] -  - /srv/beegfs/scratch/groups/rodem/lumea/datasets/JetClass/Pythia/train_100M/TTBar_042.root
[2026-07-08 10:24:44,192][gpu050|rank:unknown|gabbro.data.iterable_dataset_jetclass-IterDataset-Train][INFO] -  - /srv/beegfs/scratch/groups/rodem/lumea/datasets/JetClass/Pythia/train_100M/TTBar_043.root
[2026-07-08 10:24:44,193][gpu050|rank:unknown|gabbro.data.iterable_dataset_jetclass-IterDataset-Train][INFO] -  - /srv/beegfs/scratch/groups/rodem/lumea/datasets/JetClass/Pythia/train_100M/TTBar_044.root
[2026-07-08 10:24:44,193][gpu050|rank:unknown|gabbro.data.iterable_dataset_jetclass-IterDataset-Train][INFO] -  - /srv/beegfs/scratch/groups/rodem/lumea/datasets/JetClass/Pythia/train_100M/TTBar_045.root
[2026-07-08 10:24:44,194][gpu050|rank:unknown|gabbro.data.iterable_dataset_jetclass-IterDataset-Train][INFO] -  - /srv/beegfs/scratch/groups/rodem/lumea/datasets/JetClass/Pythia/train_100M/TTBar_046.root
[2026-07-08 10:24:44,195][gpu050|rank:unknown|gabbro.data.iterable_dataset_jetclass-IterDataset-Train][INFO] -  - /srv/beegfs/scratch/groups/rodem/lumea/datasets/JetClass/Pythia/train_100M/TTBar_047.root
[2026-07-08 10:24:44,196][gpu050|rank:unknown|gabbro.data.iterable_dataset_jetclass-IterDataset-Train][INFO] -  - /srv/beegfs/scratch/groups/rodem/lumea/datasets/JetClass/Pythia/train_100M/TTBar_048.root
[2026-07-08 10:24:44,196][gpu050|rank:unknown|gabbro.data.iterable_dataset_jetclass-IterDataset-Train][INFO] -  - /srv/beegfs/scratch/groups/rodem/lumea/datasets/JetClass/Pythia/train_100M/TTBar_049.root
[2026-07-08 10:24:44,197][gpu050|rank:unknown|gabbro.data.iterable_dataset_jetclass-IterDataset-Train][INFO] -  - /srv/beegfs/scratch/groups/rodem/lumea/datasets/JetClass/Pythia/train_100M/TTBar_050.root
[2026-07-08 10:24:44,197][gpu050|rank:unknown|gabbro.data.iterable_dataset_jetclass-IterDataset-Train][INFO] -  - /srv/beegfs/scratch/groups/rodem/lumea/datasets/JetClass/Pythia/train_100M/TTBar_051.root
[2026-07-08 10:24:44,198][gpu050|rank:unknown|gabbro.data.iterable_dataset_jetclass-IterDataset-Train][INFO] -  - /srv/beegfs/scratch/groups/rodem/lumea/datasets/JetClass/Pythia/train_100M/TTBar_052.root
[2026-07-08 10:24:44,199][gpu050|rank:unknown|gabbro.data.iterable_dataset_jetclass-IterDataset-Train][INFO] -  - /srv/beegfs/scratch/groups/rodem/lumea/datasets/JetClass/Pythia/train_100M/TTBar_053.root
[2026-07-08 10:24:44,199][gpu050|rank:unknown|gabbro.data.iterable_dataset_jetclass-IterDataset-Train][INFO] -  - /srv/beegfs/scratch/groups/rodem/lumea/datasets/JetClass/Pythia/train_100M/TTBar_054.root
[2026-07-08 10:24:44,200][gpu050|rank:unknown|gabbro.data.iterable_dataset_jetclass-IterDataset-Train][INFO] -  - /srv/beegfs/scratch/groups/rodem/lumea/datasets/JetClass/Pythia/train_100M/TTBar_055.root
[2026-07-08 10:24:44,200][gpu050|rank:unknown|gabbro.data.iterable_dataset_jetclass-IterDataset-Train][INFO] -  - /srv/beegfs/scratch/groups/rodem/lumea/datasets/JetClass/Pythia/train_100M/TTBar_056.root
[2026-07-08 10:24:44,201][gpu050|rank:unknown|gabbro.data.iterable_dataset_jetclass-IterDataset-Train][INFO] -  - /srv/beegfs/scratch/groups/rodem/lumea/datasets/JetClass/Pythia/train_100M/TTBar_057.root
[2026-07-08 10:24:44,201][gpu050|rank:unknown|gabbro.data.iterable_dataset_jetclass-IterDataset-Train][INFO] -  - /srv/beegfs/scratch/groups/rodem/lumea/datasets/JetClass/Pythia/train_100M/TTBar_058.root
[2026-07-08 10:24:44,202][gpu050|rank:unknown|gabbro.data.iterable_dataset_jetclass-IterDataset-Train][INFO] -  - /srv/beegfs/scratch/groups/rodem/lumea/datasets/JetClass/Pythia/train_100M/TTBar_059.root
[2026-07-08 10:24:44,202][gpu050|rank:unknown|gabbro.data.iterable_dataset_jetclass-IterDataset-Train][INFO] -  - /srv/beegfs/scratch/groups/rodem/lumea/datasets/JetClass/Pythia/train_100M/TTBar_060.root
[2026-07-08 10:24:44,203][gpu050|rank:unknown|gabbro.data.iterable_dataset_jetclass-IterDataset-Train][INFO] -  - /srv/beegfs/scratch/groups/rodem/lumea/datasets/JetClass/Pythia/train_100M/TTBar_061.root
[2026-07-08 10:24:44,204][gpu050|rank:unknown|gabbro.data.iterable_dataset_jetclass-IterDataset-Train][INFO] -  - /srv/beegfs/scratch/groups/rodem/lumea/datasets/JetClass/Pythia/train_100M/TTBar_062.root
[2026-07-08 10:24:44,204][gpu050|rank:unknown|gabbro.data.iterable_dataset_jetclass-IterDataset-Train][INFO] -  - /srv/beegfs/scratch/groups/rodem/lumea/datasets/JetClass/Pythia/train_100M/TTBar_063.root
[2026-07-08 10:24:44,205][gpu050|rank:unknown|gabbro.data.iterable_dataset_jetclass-IterDataset-Train][INFO] -  - /srv/beegfs/scratch/groups/rodem/lumea/datasets/JetClass/Pythia/train_100M/TTBar_064.root
[2026-07-08 10:24:44,205][gpu050|rank:unknown|gabbro.data.iterable_dataset_jetclass-IterDataset-Train][INFO] -  - /srv/beegfs/scratch/groups/rodem/lumea/datasets/JetClass/Pythia/train_100M/TTBar_065.root
[2026-07-08 10:24:44,206][gpu050|rank:unknown|gabbro.data.iterable_dataset_jetclass-IterDataset-Train][INFO] -  - /srv/beegfs/scratch/groups/rodem/lumea/datasets/JetClass/Pythia/train_100M/TTBar_066.root
[2026-07-08 10:24:44,207][gpu050|rank:unknown|gabbro.data.iterable_dataset_jetclass-IterDataset-Train][INFO] -  - /srv/beegfs/scratch/groups/rodem/lumea/datasets/JetClass/Pythia/train_100M/TTBar_067.root
[2026-07-08 10:24:44,207][gpu050|rank:unknown|gabbro.data.iterable_dataset_jetclass-IterDataset-Train][INFO] -  - /srv/beegfs/scratch/groups/rodem/lumea/datasets/JetClass/Pythia/train_100M/TTBar_068.root
[2026-07-08 10:24:44,208][gpu050|rank:unknown|gabbro.data.iterable_dataset_jetclass-IterDataset-Train][INFO] -  - /srv/beegfs/scratch/groups/rodem/lumea/datasets/JetClass/Pythia/train_100M/TTBar_069.root
[2026-07-08 10:24:44,209][gpu050|rank:unknown|gabbro.data.iterable_dataset_jetclass-IterDataset-Train][INFO] -  - /srv/beegfs/scratch/groups/rodem/lumea/datasets/JetClass/Pythia/train_100M/TTBar_070.root
[2026-07-08 10:24:44,209][gpu050|rank:unknown|gabbro.data.iterable_dataset_jetclass-IterDataset-Train][INFO] -  - /srv/beegfs/scratch/groups/rodem/lumea/datasets/JetClass/Pythia/train_100M/TTBar_071.root
[2026-07-08 10:24:44,210][gpu050|rank:unknown|gabbro.data.iterable_dataset_jetclass-IterDataset-Train][INFO] -  - /srv/beegfs/scratch/groups/rodem/lumea/datasets/JetClass/Pythia/train_100M/TTBar_072.root
[2026-07-08 10:24:44,210][gpu050|rank:unknown|gabbro.data.iterable_dataset_jetclass-IterDataset-Train][INFO] -  - /srv/beegfs/scratch/groups/rodem/lumea/datasets/JetClass/Pythia/train_100M/TTBar_073.root
[2026-07-08 10:24:44,211][gpu050|rank:unknown|gabbro.data.iterable_dataset_jetclass-IterDataset-Train][INFO] -  - /srv/beegfs/scratch/groups/rodem/lumea/datasets/JetClass/Pythia/train_100M/TTBar_074.root
[2026-07-08 10:24:44,211][gpu050|rank:unknown|gabbro.data.iterable_dataset_jetclass-IterDataset-Train][INFO] -  - /srv/beegfs/scratch/groups/rodem/lumea/datasets/JetClass/Pythia/train_100M/TTBar_075.root
[2026-07-08 10:24:44,212][gpu050|rank:unknown|gabbro.data.iterable_dataset_jetclass-IterDataset-Train][INFO] -  - /srv/beegfs/scratch/groups/rodem/lumea/datasets/JetClass/Pythia/train_100M/TTBar_076.root
[2026-07-08 10:24:44,212][gpu050|rank:unknown|gabbro.data.iterable_dataset_jetclass-IterDataset-Train][INFO] -  - /srv/beegfs/scratch/groups/rodem/lumea/datasets/JetClass/Pythia/train_100M/TTBar_077.root
[2026-07-08 10:24:44,213][gpu050|rank:unknown|gabbro.data.iterable_dataset_jetclass-IterDataset-Train][INFO] -  - /srv/beegfs/scratch/groups/rodem/lumea/datasets/JetClass/Pythia/train_100M/TTBar_078.root
[2026-07-08 10:24:44,213][gpu050|rank:unknown|gabbro.data.iterable_dataset_jetclass-IterDataset-Train][INFO] -  - /srv/beegfs/scratch/groups/rodem/lumea/datasets/JetClass/Pythia/train_100M/TTBar_079.root
[2026-07-08 10:24:44,214][gpu050|rank:unknown|gabbro.data.iterable_dataset_jetclass-IterDataset-Train][INFO] -  - /srv/beegfs/scratch/groups/rodem/lumea/datasets/JetClass/Pythia/train_100M/TTBar_080.root
[2026-07-08 10:24:44,215][gpu050|rank:unknown|gabbro.data.iterable_dataset_jetclass-IterDataset-Train][INFO] -  - /srv/beegfs/scratch/groups/rodem/lumea/datasets/JetClass/Pythia/train_100M/TTBar_081.root
[2026-07-08 10:24:44,215][gpu050|rank:unknown|gabbro.data.iterable_dataset_jetclass-IterDataset-Train][INFO] -  - /srv/beegfs/scratch/groups/rodem/lumea/datasets/JetClass/Pythia/train_100M/TTBar_082.root
[2026-07-08 10:24:44,216][gpu050|rank:unknown|gabbro.data.iterable_dataset_jetclass-IterDataset-Train][INFO] -  - /srv/beegfs/scratch/groups/rodem/lumea/datasets/JetClass/Pythia/train_100M/TTBar_083.root
[2026-07-08 10:24:44,216][gpu050|rank:unknown|gabbro.data.iterable_dataset_jetclass-IterDataset-Train][INFO] -  - /srv/beegfs/scratch/groups/rodem/lumea/datasets/JetClass/Pythia/train_100M/TTBar_084.root
[2026-07-08 10:24:44,217][gpu050|rank:unknown|gabbro.data.iterable_dataset_jetclass-IterDataset-Train][INFO] -  - /srv/beegfs/scratch/groups/rodem/lumea/datasets/JetClass/Pythia/train_100M/TTBar_085.root
[2026-07-08 10:24:44,218][gpu050|rank:unknown|gabbro.data.iterable_dataset_jetclass-IterDataset-Train][INFO] -  - /srv/beegfs/scratch/groups/rodem/lumea/datasets/JetClass/Pythia/train_100M/TTBar_086.root
[2026-07-08 10:24:44,218][gpu050|rank:unknown|gabbro.data.iterable_dataset_jetclass-IterDataset-Train][INFO] -  - /srv/beegfs/scratch/groups/rodem/lumea/datasets/JetClass/Pythia/train_100M/TTBar_087.root
[2026-07-08 10:24:44,219][gpu050|rank:unknown|gabbro.data.iterable_dataset_jetclass-IterDataset-Train][INFO] -  - /srv/beegfs/scratch/groups/rodem/lumea/datasets/JetClass/Pythia/train_100M/TTBar_088.root
[2026-07-08 10:24:44,219][gpu050|rank:unknown|gabbro.data.iterable_dataset_jetclass-IterDataset-Train][INFO] -  - /srv/beegfs/scratch/groups/rodem/lumea/datasets/JetClass/Pythia/train_100M/TTBar_089.root
[2026-07-08 10:24:44,220][gpu050|rank:unknown|gabbro.data.iterable_dataset_jetclass-IterDataset-Train][INFO] -  - /srv/beegfs/scratch/groups/rodem/lumea/datasets/JetClass/Pythia/train_100M/TTBar_090.root
[2026-07-08 10:24:44,220][gpu050|rank:unknown|gabbro.data.iterable_dataset_jetclass-IterDataset-Train][INFO] -  - /srv/beegfs/scratch/groups/rodem/lumea/datasets/JetClass/Pythia/train_100M/TTBar_091.root
[2026-07-08 10:24:44,221][gpu050|rank:unknown|gabbro.data.iterable_dataset_jetclass-IterDataset-Train][INFO] -  - /srv/beegfs/scratch/groups/rodem/lumea/datasets/JetClass/Pythia/train_100M/TTBar_092.root
[2026-07-08 10:24:44,221][gpu050|rank:unknown|gabbro.data.iterable_dataset_jetclass-IterDataset-Train][INFO] -  - /srv/beegfs/scratch/groups/rodem/lumea/datasets/JetClass/Pythia/train_100M/TTBar_093.root
[2026-07-08 10:24:44,222][gpu050|rank:unknown|gabbro.data.iterable_dataset_jetclass-IterDataset-Train][INFO] -  - /srv/beegfs/scratch/groups/rodem/lumea/datasets/JetClass/Pythia/train_100M/TTBar_094.root
[2026-07-08 10:24:44,223][gpu050|rank:unknown|gabbro.data.iterable_dataset_jetclass-IterDataset-Train][INFO] -  - /srv/beegfs/scratch/groups/rodem/lumea/datasets/JetClass/Pythia/train_100M/TTBar_095.root
[2026-07-08 10:24:44,223][gpu050|rank:unknown|gabbro.data.iterable_dataset_jetclass-IterDataset-Train][INFO] -  - /srv/beegfs/scratch/groups/rodem/lumea/datasets/JetClass/Pythia/train_100M/TTBar_096.root
[2026-07-08 10:24:44,224][gpu050|rank:unknown|gabbro.data.iterable_dataset_jetclass-IterDataset-Train][INFO] -  - /srv/beegfs/scratch/groups/rodem/lumea/datasets/JetClass/Pythia/train_100M/TTBar_097.root
[2026-07-08 10:24:44,225][gpu050|rank:unknown|gabbro.data.iterable_dataset_jetclass-IterDataset-Train][INFO] -  - /srv/beegfs/scratch/groups/rodem/lumea/datasets/JetClass/Pythia/train_100M/TTBar_098.root
[2026-07-08 10:24:44,226][gpu050|rank:unknown|gabbro.data.iterable_dataset_jetclass-IterDataset-Train][INFO] -  - /srv/beegfs/scratch/groups/rodem/lumea/datasets/JetClass/Pythia/train_100M/TTBar_099.root
[2026-07-08 10:24:44,233][gpu050|rank:unknown|gabbro.data.iterable_dataset_jetclass-IterDataset-Train][INFO] - Files for jet_type Tbl:
[2026-07-08 10:24:44,233][gpu050|rank:unknown|gabbro.data.iterable_dataset_jetclass-IterDataset-Train][INFO] -  - /srv/beegfs/scratch/groups/rodem/lumea/datasets/JetClass/Pythia/train_100M/TTBarLep_000.root
[2026-07-08 10:24:44,234][gpu050|rank:unknown|gabbro.data.iterable_dataset_jetclass-IterDataset-Train][INFO] -  - /srv/beegfs/scratch/groups/rodem/lumea/datasets/JetClass/Pythia/train_100M/TTBarLep_001.root
[2026-07-08 10:24:44,235][gpu050|rank:unknown|gabbro.data.iterable_dataset_jetclass-IterDataset-Train][INFO] -  - /srv/beegfs/scratch/groups/rodem/lumea/datasets/JetClass/Pythia/train_100M/TTBarLep_002.root
[2026-07-08 10:24:44,235][gpu050|rank:unknown|gabbro.data.iterable_dataset_jetclass-IterDataset-Train][INFO] -  - /srv/beegfs/scratch/groups/rodem/lumea/datasets/JetClass/Pythia/train_100M/TTBarLep_003.root
[2026-07-08 10:24:44,236][gpu050|rank:unknown|gabbro.data.iterable_dataset_jetclass-IterDataset-Train][INFO] -  - /srv/beegfs/scratch/groups/rodem/lumea/datasets/JetClass/Pythia/train_100M/TTBarLep_004.root
[2026-07-08 10:24:44,237][gpu050|rank:unknown|gabbro.data.iterable_dataset_jetclass-IterDataset-Train][INFO] -  - /srv/beegfs/scratch/groups/rodem/lumea/datasets/JetClass/Pythia/train_100M/TTBarLep_005.root
[2026-07-08 10:24:44,237][gpu050|rank:unknown|gabbro.data.iterable_dataset_jetclass-IterDataset-Train][INFO] -  - /srv/beegfs/scratch/groups/rodem/lumea/datasets/JetClass/Pythia/train_100M/TTBarLep_006.root
[2026-07-08 10:24:44,238][gpu050|rank:unknown|gabbro.data.iterable_dataset_jetclass-IterDataset-Train][INFO] -  - /srv/beegfs/scratch/groups/rodem/lumea/datasets/JetClass/Pythia/train_100M/TTBarLep_007.root
[2026-07-08 10:24:44,238][gpu050|rank:unknown|gabbro.data.iterable_dataset_jetclass-IterDataset-Train][INFO] -  - /srv/beegfs/scratch/groups/rodem/lumea/datasets/JetClass/Pythia/train_100M/TTBarLep_008.root
[2026-07-08 10:24:44,239][gpu050|rank:unknown|gabbro.data.iterable_dataset_jetclass-IterDataset-Train][INFO] -  - /srv/beegfs/scratch/groups/rodem/lumea/datasets/JetClass/Pythia/train_100M/TTBarLep_009.root
[2026-07-08 10:24:44,240][gpu050|rank:unknown|gabbro.data.iterable_dataset_jetclass-IterDataset-Train][INFO] -  - /srv/beegfs/scratch/groups/rodem/lumea/datasets/JetClass/Pythia/train_100M/TTBarLep_010.root
[2026-07-08 10:24:44,240][gpu050|rank:unknown|gabbro.data.iterable_dataset_jetclass-IterDataset-Train][INFO] -  - /srv/beegfs/scratch/groups/rodem/lumea/datasets/JetClass/Pythia/train_100M/TTBarLep_011.root
[2026-07-08 10:24:44,241][gpu050|rank:unknown|gabbro.data.iterable_dataset_jetclass-IterDataset-Train][INFO] -  - /srv/beegfs/scratch/groups/rodem/lumea/datasets/JetClass/Pythia/train_100M/TTBarLep_012.root
[2026-07-08 10:24:44,242][gpu050|rank:unknown|gabbro.data.iterable_dataset_jetclass-IterDataset-Train][INFO] -  - /srv/beegfs/scratch/groups/rodem/lumea/datasets/JetClass/Pythia/train_100M/TTBarLep_013.root
[2026-07-08 10:24:44,242][gpu050|rank:unknown|gabbro.data.iterable_dataset_jetclass-IterDataset-Train][INFO] -  - /srv/beegfs/scratch/groups/rodem/lumea/datasets/JetClass/Pythia/train_100M/TTBarLep_014.root
[2026-07-08 10:24:44,243][gpu050|rank:unknown|gabbro.data.iterable_dataset_jetclass-IterDataset-Train][INFO] -  - /srv/beegfs/scratch/groups/rodem/lumea/datasets/JetClass/Pythia/train_100M/TTBarLep_015.root
[2026-07-08 10:24:44,243][gpu050|rank:unknown|gabbro.data.iterable_dataset_jetclass-IterDataset-Train][INFO] -  - /srv/beegfs/scratch/groups/rodem/lumea/datasets/JetClass/Pythia/train_100M/TTBarLep_016.root
[2026-07-08 10:24:44,244][gpu050|rank:unknown|gabbro.data.iterable_dataset_jetclass-IterDataset-Train][INFO] -  - /srv/beegfs/scratch/groups/rodem/lumea/datasets/JetClass/Pythia/train_100M/TTBarLep_017.root
[2026-07-08 10:24:44,244][gpu050|rank:unknown|gabbro.data.iterable_dataset_jetclass-IterDataset-Train][INFO] -  - /srv/beegfs/scratch/groups/rodem/lumea/datasets/JetClass/Pythia/train_100M/TTBarLep_018.root
[2026-07-08 10:24:44,245][gpu050|rank:unknown|gabbro.data.iterable_dataset_jetclass-IterDataset-Train][INFO] -  - /srv/beegfs/scratch/groups/rodem/lumea/datasets/JetClass/Pythia/train_100M/TTBarLep_019.root
[2026-07-08 10:24:44,245][gpu050|rank:unknown|gabbro.data.iterable_dataset_jetclass-IterDataset-Train][INFO] -  - /srv/beegfs/scratch/groups/rodem/lumea/datasets/JetClass/Pythia/train_100M/TTBarLep_020.root
[2026-07-08 10:24:44,246][gpu050|rank:unknown|gabbro.data.iterable_dataset_jetclass-IterDataset-Train][INFO] -  - /srv/beegfs/scratch/groups/rodem/lumea/datasets/JetClass/Pythia/train_100M/TTBarLep_021.root
[2026-07-08 10:24:44,247][gpu050|rank:unknown|gabbro.data.iterable_dataset_jetclass-IterDataset-Train][INFO] -  - /srv/beegfs/scratch/groups/rodem/lumea/datasets/JetClass/Pythia/train_100M/TTBarLep_022.root
[2026-07-08 10:24:44,247][gpu050|rank:unknown|gabbro.data.iterable_dataset_jetclass-IterDataset-Train][INFO] -  - /srv/beegfs/scratch/groups/rodem/lumea/datasets/JetClass/Pythia/train_100M/TTBarLep_023.root
[2026-07-08 10:24:44,248][gpu050|rank:unknown|gabbro.data.iterable_dataset_jetclass-IterDataset-Train][INFO] -  - /srv/beegfs/scratch/groups/rodem/lumea/datasets/JetClass/Pythia/train_100M/TTBarLep_024.root
[2026-07-08 10:24:44,248][gpu050|rank:unknown|gabbro.data.iterable_dataset_jetclass-IterDataset-Train][INFO] -  - /srv/beegfs/scratch/groups/rodem/lumea/datasets/JetClass/Pythia/train_100M/TTBarLep_025.root
[2026-07-08 10:24:44,249][gpu050|rank:unknown|gabbro.data.iterable_dataset_jetclass-IterDataset-Train][INFO] -  - /srv/beegfs/scratch/groups/rodem/lumea/datasets/JetClass/Pythia/train_100M/TTBarLep_026.root
[2026-07-08 10:24:44,249][gpu050|rank:unknown|gabbro.data.iterable_dataset_jetclass-IterDataset-Train][INFO] -  - /srv/beegfs/scratch/groups/rodem/lumea/datasets/JetClass/Pythia/train_100M/TTBarLep_027.root
[2026-07-08 10:24:44,250][gpu050|rank:unknown|gabbro.data.iterable_dataset_jetclass-IterDataset-Train][INFO] -  - /srv/beegfs/scratch/groups/rodem/lumea/datasets/JetClass/Pythia/train_100M/TTBarLep_028.root
[2026-07-08 10:24:44,250][gpu050|rank:unknown|gabbro.data.iterable_dataset_jetclass-IterDataset-Train][INFO] -  - /srv/beegfs/scratch/groups/rodem/lumea/datasets/JetClass/Pythia/train_100M/TTBarLep_029.root
[2026-07-08 10:24:44,251][gpu050|rank:unknown|gabbro.data.iterable_dataset_jetclass-IterDataset-Train][INFO] -  - /srv/beegfs/scratch/groups/rodem/lumea/datasets/JetClass/Pythia/train_100M/TTBarLep_030.root
[2026-07-08 10:24:44,252][gpu050|rank:unknown|gabbro.data.iterable_dataset_jetclass-IterDataset-Train][INFO] -  - /srv/beegfs/scratch/groups/rodem/lumea/datasets/JetClass/Pythia/train_100M/TTBarLep_031.root
[2026-07-08 10:24:44,253][gpu050|rank:unknown|gabbro.data.iterable_dataset_jetclass-IterDataset-Train][INFO] -  - /srv/beegfs/scratch/groups/rodem/lumea/datasets/JetClass/Pythia/train_100M/TTBarLep_032.root
[2026-07-08 10:24:44,253][gpu050|rank:unknown|gabbro.data.iterable_dataset_jetclass-IterDataset-Train][INFO] -  - /srv/beegfs/scratch/groups/rodem/lumea/datasets/JetClass/Pythia/train_100M/TTBarLep_033.root
[2026-07-08 10:24:44,254][gpu050|rank:unknown|gabbro.data.iterable_dataset_jetclass-IterDataset-Train][INFO] -  - /srv/beegfs/scratch/groups/rodem/lumea/datasets/JetClass/Pythia/train_100M/TTBarLep_034.root
[2026-07-08 10:24:44,254][gpu050|rank:unknown|gabbro.data.iterable_dataset_jetclass-IterDataset-Train][INFO] -  - /srv/beegfs/scratch/groups/rodem/lumea/datasets/JetClass/Pythia/train_100M/TTBarLep_035.root
[2026-07-08 10:24:44,255][gpu050|rank:unknown|gabbro.data.iterable_dataset_jetclass-IterDataset-Train][INFO] -  - /srv/beegfs/scratch/groups/rodem/lumea/datasets/JetClass/Pythia/train_100M/TTBarLep_036.root
[2026-07-08 10:24:44,255][gpu050|rank:unknown|gabbro.data.iterable_dataset_jetclass-IterDataset-Train][INFO] -  - /srv/beegfs/scratch/groups/rodem/lumea/datasets/JetClass/Pythia/train_100M/TTBarLep_037.root
[2026-07-08 10:24:44,256][gpu050|rank:unknown|gabbro.data.iterable_dataset_jetclass-IterDataset-Train][INFO] -  - /srv/beegfs/scratch/groups/rodem/lumea/datasets/JetClass/Pythia/train_100M/TTBarLep_038.root
[2026-07-08 10:24:44,256][gpu050|rank:unknown|gabbro.data.iterable_dataset_jetclass-IterDataset-Train][INFO] -  - /srv/beegfs/scratch/groups/rodem/lumea/datasets/JetClass/Pythia/train_100M/TTBarLep_039.root
[2026-07-08 10:24:44,257][gpu050|rank:unknown|gabbro.data.iterable_dataset_jetclass-IterDataset-Train][INFO] -  - /srv/beegfs/scratch/groups/rodem/lumea/datasets/JetClass/Pythia/train_100M/TTBarLep_040.root
[2026-07-08 10:24:44,258][gpu050|rank:unknown|gabbro.data.iterable_dataset_jetclass-IterDataset-Train][INFO] -  - /srv/beegfs/scratch/groups/rodem/lumea/datasets/JetClass/Pythia/train_100M/TTBarLep_041.root
[2026-07-08 10:24:44,258][gpu050|rank:unknown|gabbro.data.iterable_dataset_jetclass-IterDataset-Train][INFO] -  - /srv/beegfs/scratch/groups/rodem/lumea/datasets/JetClass/Pythia/train_100M/TTBarLep_042.root
[2026-07-08 10:24:44,259][gpu050|rank:unknown|gabbro.data.iterable_dataset_jetclass-IterDataset-Train][INFO] -  - /srv/beegfs/scratch/groups/rodem/lumea/datasets/JetClass/Pythia/train_100M/TTBarLep_043.root
[2026-07-08 10:24:44,260][gpu050|rank:unknown|gabbro.data.iterable_dataset_jetclass-IterDataset-Train][INFO] -  - /srv/beegfs/scratch/groups/rodem/lumea/datasets/JetClass/Pythia/train_100M/TTBarLep_044.root
[2026-07-08 10:24:44,260][gpu050|rank:unknown|gabbro.data.iterable_dataset_jetclass-IterDataset-Train][INFO] -  - /srv/beegfs/scratch/groups/rodem/lumea/datasets/JetClass/Pythia/train_100M/TTBarLep_045.root
[2026-07-08 10:24:44,261][gpu050|rank:unknown|gabbro.data.iterable_dataset_jetclass-IterDataset-Train][INFO] -  - /srv/beegfs/scratch/groups/rodem/lumea/datasets/JetClass/Pythia/train_100M/TTBarLep_046.root
[2026-07-08 10:24:44,261][gpu050|rank:unknown|gabbro.data.iterable_dataset_jetclass-IterDataset-Train][INFO] -  - /srv/beegfs/scratch/groups/rodem/lumea/datasets/JetClass/Pythia/train_100M/TTBarLep_047.root
[2026-07-08 10:24:44,262][gpu050|rank:unknown|gabbro.data.iterable_dataset_jetclass-IterDataset-Train][INFO] -  - /srv/beegfs/scratch/groups/rodem/lumea/datasets/JetClass/Pythia/train_100M/TTBarLep_048.root
[2026-07-08 10:24:44,262][gpu050|rank:unknown|gabbro.data.iterable_dataset_jetclass-IterDataset-Train][INFO] -  - /srv/beegfs/scratch/groups/rodem/lumea/datasets/JetClass/Pythia/train_100M/TTBarLep_049.root
[2026-07-08 10:24:44,263][gpu050|rank:unknown|gabbro.data.iterable_dataset_jetclass-IterDataset-Train][INFO] -  - /srv/beegfs/scratch/groups/rodem/lumea/datasets/JetClass/Pythia/train_100M/TTBarLep_050.root
[2026-07-08 10:24:44,264][gpu050|rank:unknown|gabbro.data.iterable_dataset_jetclass-IterDataset-Train][INFO] -  - /srv/beegfs/scratch/groups/rodem/lumea/datasets/JetClass/Pythia/train_100M/TTBarLep_051.root
[2026-07-08 10:24:44,265][gpu050|rank:unknown|gabbro.data.iterable_dataset_jetclass-IterDataset-Train][INFO] -  - /srv/beegfs/scratch/groups/rodem/lumea/datasets/JetClass/Pythia/train_100M/TTBarLep_052.root
[2026-07-08 10:24:44,265][gpu050|rank:unknown|gabbro.data.iterable_dataset_jetclass-IterDataset-Train][INFO] -  - /srv/beegfs/scratch/groups/rodem/lumea/datasets/JetClass/Pythia/train_100M/TTBarLep_053.root
[2026-07-08 10:24:44,266][gpu050|rank:unknown|gabbro.data.iterable_dataset_jetclass-IterDataset-Train][INFO] -  - /srv/beegfs/scratch/groups/rodem/lumea/datasets/JetClass/Pythia/train_100M/TTBarLep_054.root
[2026-07-08 10:24:44,266][gpu050|rank:unknown|gabbro.data.iterable_dataset_jetclass-IterDataset-Train][INFO] -  - /srv/beegfs/scratch/groups/rodem/lumea/datasets/JetClass/Pythia/train_100M/TTBarLep_055.root
[2026-07-08 10:24:44,267][gpu050|rank:unknown|gabbro.data.iterable_dataset_jetclass-IterDataset-Train][INFO] -  - /srv/beegfs/scratch/groups/rodem/lumea/datasets/JetClass/Pythia/train_100M/TTBarLep_056.root
[2026-07-08 10:24:44,267][gpu050|rank:unknown|gabbro.data.iterable_dataset_jetclass-IterDataset-Train][INFO] -  - /srv/beegfs/scratch/groups/rodem/lumea/datasets/JetClass/Pythia/train_100M/TTBarLep_057.root
[2026-07-08 10:24:44,268][gpu050|rank:unknown|gabbro.data.iterable_dataset_jetclass-IterDataset-Train][INFO] -  - /srv/beegfs/scratch/groups/rodem/lumea/datasets/JetClass/Pythia/train_100M/TTBarLep_058.root
[2026-07-08 10:24:44,268][gpu050|rank:unknown|gabbro.data.iterable_dataset_jetclass-IterDataset-Train][INFO] -  - /srv/beegfs/scratch/groups/rodem/lumea/datasets/JetClass/Pythia/train_100M/TTBarLep_059.root
[2026-07-08 10:24:44,269][gpu050|rank:unknown|gabbro.data.iterable_dataset_jetclass-IterDataset-Train][INFO] -  - /srv/beegfs/scratch/groups/rodem/lumea/datasets/JetClass/Pythia/train_100M/TTBarLep_060.root
[2026-07-08 10:24:44,270][gpu050|rank:unknown|gabbro.data.iterable_dataset_jetclass-IterDataset-Train][INFO] -  - /srv/beegfs/scratch/groups/rodem/lumea/datasets/JetClass/Pythia/train_100M/TTBarLep_061.root
[2026-07-08 10:24:44,270][gpu050|rank:unknown|gabbro.data.iterable_dataset_jetclass-IterDataset-Train][INFO] -  - /srv/beegfs/scratch/groups/rodem/lumea/datasets/JetClass/Pythia/train_100M/TTBarLep_062.root
[2026-07-08 10:24:44,271][gpu050|rank:unknown|gabbro.data.iterable_dataset_jetclass-IterDataset-Train][INFO] -  - /srv/beegfs/scratch/groups/rodem/lumea/datasets/JetClass/Pythia/train_100M/TTBarLep_063.root
[2026-07-08 10:24:44,272][gpu050|rank:unknown|gabbro.data.iterable_dataset_jetclass-IterDataset-Train][INFO] -  - /srv/beegfs/scratch/groups/rodem/lumea/datasets/JetClass/Pythia/train_100M/TTBarLep_064.root
[2026-07-08 10:24:44,272][gpu050|rank:unknown|gabbro.data.iterable_dataset_jetclass-IterDataset-Train][INFO] -  - /srv/beegfs/scratch/groups/rodem/lumea/datasets/JetClass/Pythia/train_100M/TTBarLep_065.root
[2026-07-08 10:24:44,273][gpu050|rank:unknown|gabbro.data.iterable_dataset_jetclass-IterDataset-Train][INFO] -  - /srv/beegfs/scratch/groups/rodem/lumea/datasets/JetClass/Pythia/train_100M/TTBarLep_066.root
[2026-07-08 10:24:44,274][gpu050|rank:unknown|gabbro.data.iterable_dataset_jetclass-IterDataset-Train][INFO] -  - /srv/beegfs/scratch/groups/rodem/lumea/datasets/JetClass/Pythia/train_100M/TTBarLep_067.root
[2026-07-08 10:24:44,274][gpu050|rank:unknown|gabbro.data.iterable_dataset_jetclass-IterDataset-Train][INFO] -  - /srv/beegfs/scratch/groups/rodem/lumea/datasets/JetClass/Pythia/train_100M/TTBarLep_068.root
[2026-07-08 10:24:44,274][gpu050|rank:unknown|gabbro.data.iterable_dataset_jetclass-IterDataset-Train][INFO] -  - /srv/beegfs/scratch/groups/rodem/lumea/datasets/JetClass/Pythia/train_100M/TTBarLep_069.root
[2026-07-08 10:24:44,275][gpu050|rank:unknown|gabbro.data.iterable_dataset_jetclass-IterDataset-Train][INFO] -  - /srv/beegfs/scratch/groups/rodem/lumea/datasets/JetClass/Pythia/train_100M/TTBarLep_070.root
[2026-07-08 10:24:44,276][gpu050|rank:unknown|gabbro.data.iterable_dataset_jetclass-IterDataset-Train][INFO] -  - /srv/beegfs/scratch/groups/rodem/lumea/datasets/JetClass/Pythia/train_100M/TTBarLep_071.root
[2026-07-08 10:24:44,277][gpu050|rank:unknown|gabbro.data.iterable_dataset_jetclass-IterDataset-Train][INFO] -  - /srv/beegfs/scratch/groups/rodem/lumea/datasets/JetClass/Pythia/train_100M/TTBarLep_072.root
[2026-07-08 10:24:44,277][gpu050|rank:unknown|gabbro.data.iterable_dataset_jetclass-IterDataset-Train][INFO] -  - /srv/beegfs/scratch/groups/rodem/lumea/datasets/JetClass/Pythia/train_100M/TTBarLep_073.root
[2026-07-08 10:24:44,278][gpu050|rank:unknown|gabbro.data.iterable_dataset_jetclass-IterDataset-Train][INFO] -  - /srv/beegfs/scratch/groups/rodem/lumea/datasets/JetClass/Pythia/train_100M/TTBarLep_074.root
[2026-07-08 10:24:44,278][gpu050|rank:unknown|gabbro.data.iterable_dataset_jetclass-IterDataset-Train][INFO] -  - /srv/beegfs/scratch/groups/rodem/lumea/datasets/JetClass/Pythia/train_100M/TTBarLep_075.root
[2026-07-08 10:24:44,279][gpu050|rank:unknown|gabbro.data.iterable_dataset_jetclass-IterDataset-Train][INFO] -  - /srv/beegfs/scratch/groups/rodem/lumea/datasets/JetClass/Pythia/train_100M/TTBarLep_076.root
[2026-07-08 10:24:44,280][gpu050|rank:unknown|gabbro.data.iterable_dataset_jetclass-IterDataset-Train][INFO] -  - /srv/beegfs/scratch/groups/rodem/lumea/datasets/JetClass/Pythia/train_100M/TTBarLep_077.root
[2026-07-08 10:24:44,280][gpu050|rank:unknown|gabbro.data.iterable_dataset_jetclass-IterDataset-Train][INFO] -  - /srv/beegfs/scratch/groups/rodem/lumea/datasets/JetClass/Pythia/train_100M/TTBarLep_078.root
[2026-07-08 10:24:44,281][gpu050|rank:unknown|gabbro.data.iterable_dataset_jetclass-IterDataset-Train][INFO] -  - /srv/beegfs/scratch/groups/rodem/lumea/datasets/JetClass/Pythia/train_100M/TTBarLep_079.root
[2026-07-08 10:24:44,282][gpu050|rank:unknown|gabbro.data.iterable_dataset_jetclass-IterDataset-Train][INFO] -  - /srv/beegfs/scratch/groups/rodem/lumea/datasets/JetClass/Pythia/train_100M/TTBarLep_080.root
[2026-07-08 10:24:44,282][gpu050|rank:unknown|gabbro.data.iterable_dataset_jetclass-IterDataset-Train][INFO] -  - /srv/beegfs/scratch/groups/rodem/lumea/datasets/JetClass/Pythia/train_100M/TTBarLep_081.root
[2026-07-08 10:24:44,283][gpu050|rank:unknown|gabbro.data.iterable_dataset_jetclass-IterDataset-Train][INFO] -  - /srv/beegfs/scratch/groups/rodem/lumea/datasets/JetClass/Pythia/train_100M/TTBarLep_082.root
[2026-07-08 10:24:44,284][gpu050|rank:unknown|gabbro.data.iterable_dataset_jetclass-IterDataset-Train][INFO] -  - /srv/beegfs/scratch/groups/rodem/lumea/datasets/JetClass/Pythia/train_100M/TTBarLep_083.root
[2026-07-08 10:24:44,284][gpu050|rank:unknown|gabbro.data.iterable_dataset_jetclass-IterDataset-Train][INFO] -  - /srv/beegfs/scratch/groups/rodem/lumea/datasets/JetClass/Pythia/train_100M/TTBarLep_084.root
[2026-07-08 10:24:44,285][gpu050|rank:unknown|gabbro.data.iterable_dataset_jetclass-IterDataset-Train][INFO] -  - /srv/beegfs/scratch/groups/rodem/lumea/datasets/JetClass/Pythia/train_100M/TTBarLep_085.root
[2026-07-08 10:24:44,285][gpu050|rank:unknown|gabbro.data.iterable_dataset_jetclass-IterDataset-Train][INFO] -  - /srv/beegfs/scratch/groups/rodem/lumea/datasets/JetClass/Pythia/train_100M/TTBarLep_086.root
[2026-07-08 10:24:44,286][gpu050|rank:unknown|gabbro.data.iterable_dataset_jetclass-IterDataset-Train][INFO] -  - /srv/beegfs/scratch/groups/rodem/lumea/datasets/JetClass/Pythia/train_100M/TTBarLep_087.root
[2026-07-08 10:24:44,286][gpu050|rank:unknown|gabbro.data.iterable_dataset_jetclass-IterDataset-Train][INFO] -  - /srv/beegfs/scratch/groups/rodem/lumea/datasets/JetClass/Pythia/train_100M/TTBarLep_088.root
[2026-07-08 10:24:44,287][gpu050|rank:unknown|gabbro.data.iterable_dataset_jetclass-IterDataset-Train][INFO] -  - /srv/beegfs/scratch/groups/rodem/lumea/datasets/JetClass/Pythia/train_100M/TTBarLep_089.root
[2026-07-08 10:24:44,288][gpu050|rank:unknown|gabbro.data.iterable_dataset_jetclass-IterDataset-Train][INFO] -  - /srv/beegfs/scratch/groups/rodem/lumea/datasets/JetClass/Pythia/train_100M/TTBarLep_090.root
[2026-07-08 10:24:44,289][gpu050|rank:unknown|gabbro.data.iterable_dataset_jetclass-IterDataset-Train][INFO] -  - /srv/beegfs/scratch/groups/rodem/lumea/datasets/JetClass/Pythia/train_100M/TTBarLep_091.root
[2026-07-08 10:24:44,289][gpu050|rank:unknown|gabbro.data.iterable_dataset_jetclass-IterDataset-Train][INFO] -  - /srv/beegfs/scratch/groups/rodem/lumea/datasets/JetClass/Pythia/train_100M/TTBarLep_092.root
[2026-07-08 10:24:44,290][gpu050|rank:unknown|gabbro.data.iterable_dataset_jetclass-IterDataset-Train][INFO] -  - /srv/beegfs/scratch/groups/rodem/lumea/datasets/JetClass/Pythia/train_100M/TTBarLep_093.root
[2026-07-08 10:24:44,290][gpu050|rank:unknown|gabbro.data.iterable_dataset_jetclass-IterDataset-Train][INFO] -  - /srv/beegfs/scratch/groups/rodem/lumea/datasets/JetClass/Pythia/train_100M/TTBarLep_094.root
[2026-07-08 10:24:44,290][gpu050|rank:unknown|gabbro.data.iterable_dataset_jetclass-IterDataset-Train][INFO] -  - /srv/beegfs/scratch/groups/rodem/lumea/datasets/JetClass/Pythia/train_100M/TTBarLep_095.root
[2026-07-08 10:24:44,291][gpu050|rank:unknown|gabbro.data.iterable_dataset_jetclass-IterDataset-Train][INFO] -  - /srv/beegfs/scratch/groups/rodem/lumea/datasets/JetClass/Pythia/train_100M/TTBarLep_096.root
[2026-07-08 10:24:44,292][gpu050|rank:unknown|gabbro.data.iterable_dataset_jetclass-IterDataset-Train][INFO] -  - /srv/beegfs/scratch/groups/rodem/lumea/datasets/JetClass/Pythia/train_100M/TTBarLep_097.root
[2026-07-08 10:24:44,292][gpu050|rank:unknown|gabbro.data.iterable_dataset_jetclass-IterDataset-Train][INFO] -  - /srv/beegfs/scratch/groups/rodem/lumea/datasets/JetClass/Pythia/train_100M/TTBarLep_098.root
[2026-07-08 10:24:44,293][gpu050|rank:unknown|gabbro.data.iterable_dataset_jetclass-IterDataset-Train][INFO] -  - /srv/beegfs/scratch/groups/rodem/lumea/datasets/JetClass/Pythia/train_100M/TTBarLep_099.root
[2026-07-08 10:24:44,294][gpu050|rank:unknown|gabbro.data.iterable_dataset_jetclass-IterDataset-Train][INFO] - Shuffling files
[2026-07-08 10:24:44,294][gpu050|rank:unknown|gabbro.data.iterable_dataset_jetclass-IterDataset-Train][INFO] - Shuffling files for jet_type QCD
[2026-07-08 10:24:44,295][gpu050|rank:unknown|gabbro.data.iterable_dataset_jetclass-IterDataset-Train][INFO] - Number of files in the list: 100
[2026-07-08 10:24:44,295][gpu050|rank:unknown|gabbro.data.iterable_dataset_jetclass-IterDataset-Train][INFO] - First 10 entries of the file list before shuffling:
[2026-07-08 10:24:44,296][gpu050|rank:unknown|gabbro.data.iterable_dataset_jetclass-IterDataset-Train][INFO] -  - ZJetsToNuNu_000.root
[2026-07-08 10:24:44,296][gpu050|rank:unknown|gabbro.data.iterable_dataset_jetclass-IterDataset-Train][INFO] -  - ZJetsToNuNu_001.root
[2026-07-08 10:24:44,297][gpu050|rank:unknown|gabbro.data.iterable_dataset_jetclass-IterDataset-Train][INFO] -  - ZJetsToNuNu_002.root
[2026-07-08 10:24:44,298][gpu050|rank:unknown|gabbro.data.iterable_dataset_jetclass-IterDataset-Train][INFO] -  - ZJetsToNuNu_003.root
[2026-07-08 10:24:44,298][gpu050|rank:unknown|gabbro.data.iterable_dataset_jetclass-IterDataset-Train][INFO] -  - ZJetsToNuNu_004.root
[2026-07-08 10:24:44,299][gpu050|rank:unknown|gabbro.data.iterable_dataset_jetclass-IterDataset-Train][INFO] -  - ZJetsToNuNu_005.root
[2026-07-08 10:24:44,300][gpu050|rank:unknown|gabbro.data.iterable_dataset_jetclass-IterDataset-Train][INFO] -  - ZJetsToNuNu_006.root
[2026-07-08 10:24:44,300][gpu050|rank:unknown|gabbro.data.iterable_dataset_jetclass-IterDataset-Train][INFO] -  - ZJetsToNuNu_007.root
[2026-07-08 10:24:44,301][gpu050|rank:unknown|gabbro.data.iterable_dataset_jetclass-IterDataset-Train][INFO] -  - ZJetsToNuNu_008.root
[2026-07-08 10:24:44,301][gpu050|rank:unknown|gabbro.data.iterable_dataset_jetclass-IterDataset-Train][INFO] -  - ZJetsToNuNu_009.root
[2026-07-08 10:24:44,302][gpu050|rank:unknown|gabbro.data.iterable_dataset_jetclass-IterDataset-Train][INFO] - First 10 entries of the file list after shuffling:
[2026-07-08 10:24:44,302][gpu050|rank:unknown|gabbro.data.iterable_dataset_jetclass-IterDataset-Train][INFO] -  - ZJetsToNuNu_023.root
[2026-07-08 10:24:44,303][gpu050|rank:unknown|gabbro.data.iterable_dataset_jetclass-IterDataset-Train][INFO] -  - ZJetsToNuNu_095.root
[2026-07-08 10:24:44,304][gpu050|rank:unknown|gabbro.data.iterable_dataset_jetclass-IterDataset-Train][INFO] -  - ZJetsToNuNu_026.root
[2026-07-08 10:24:44,305][gpu050|rank:unknown|gabbro.data.iterable_dataset_jetclass-IterDataset-Train][INFO] -  - ZJetsToNuNu_076.root
[2026-07-08 10:24:44,305][gpu050|rank:unknown|gabbro.data.iterable_dataset_jetclass-IterDataset-Train][INFO] -  - ZJetsToNuNu_077.root
[2026-07-08 10:24:44,306][gpu050|rank:unknown|gabbro.data.iterable_dataset_jetclass-IterDataset-Train][INFO] -  - ZJetsToNuNu_006.root
[2026-07-08 10:24:44,306][gpu050|rank:unknown|gabbro.data.iterable_dataset_jetclass-IterDataset-Train][INFO] -  - ZJetsToNuNu_057.root
[2026-07-08 10:24:44,307][gpu050|rank:unknown|gabbro.data.iterable_dataset_jetclass-IterDataset-Train][INFO] -  - ZJetsToNuNu_003.root
[2026-07-08 10:24:44,307][gpu050|rank:unknown|gabbro.data.iterable_dataset_jetclass-IterDataset-Train][INFO] -  - ZJetsToNuNu_082.root
[2026-07-08 10:24:44,308][gpu050|rank:unknown|gabbro.data.iterable_dataset_jetclass-IterDataset-Train][INFO] -  - ZJetsToNuNu_005.root
[2026-07-08 10:24:44,309][gpu050|rank:unknown|gabbro.data.iterable_dataset_jetclass-IterDataset-Train][INFO] - Shuffling files for jet_type Hbb
[2026-07-08 10:24:44,309][gpu050|rank:unknown|gabbro.data.iterable_dataset_jetclass-IterDataset-Train][INFO] - Number of files in the list: 100
[2026-07-08 10:24:44,310][gpu050|rank:unknown|gabbro.data.iterable_dataset_jetclass-IterDataset-Train][INFO] - First 10 entries of the file list before shuffling:
[2026-07-08 10:24:44,311][gpu050|rank:unknown|gabbro.data.iterable_dataset_jetclass-IterDataset-Train][INFO] -  - HToBB_000.root
[2026-07-08 10:24:44,311][gpu050|rank:unknown|gabbro.data.iterable_dataset_jetclass-IterDataset-Train][INFO] -  - HToBB_001.root
[2026-07-08 10:24:44,312][gpu050|rank:unknown|gabbro.data.iterable_dataset_jetclass-IterDataset-Train][INFO] -  - HToBB_002.root
[2026-07-08 10:24:44,312][gpu050|rank:unknown|gabbro.data.iterable_dataset_jetclass-IterDataset-Train][INFO] -  - HToBB_003.root
[2026-07-08 10:24:44,312][gpu050|rank:unknown|gabbro.data.iterable_dataset_jetclass-IterDataset-Train][INFO] -  - HToBB_004.root
[2026-07-08 10:24:44,313][gpu050|rank:unknown|gabbro.data.iterable_dataset_jetclass-IterDataset-Train][INFO] -  - HToBB_005.root
[2026-07-08 10:24:44,314][gpu050|rank:unknown|gabbro.data.iterable_dataset_jetclass-IterDataset-Train][INFO] -  - HToBB_006.root
[2026-07-08 10:24:44,315][gpu050|rank:unknown|gabbro.data.iterable_dataset_jetclass-IterDataset-Train][INFO] -  - HToBB_007.root
[2026-07-08 10:24:44,315][gpu050|rank:unknown|gabbro.data.iterable_dataset_jetclass-IterDataset-Train][INFO] -  - HToBB_008.root
[2026-07-08 10:24:44,316][gpu050|rank:unknown|gabbro.data.iterable_dataset_jetclass-IterDataset-Train][INFO] -  - HToBB_009.root
[2026-07-08 10:24:44,317][gpu050|rank:unknown|gabbro.data.iterable_dataset_jetclass-IterDataset-Train][INFO] - First 10 entries of the file list after shuffling:
[2026-07-08 10:24:44,317][gpu050|rank:unknown|gabbro.data.iterable_dataset_jetclass-IterDataset-Train][INFO] -  - HToBB_065.root
[2026-07-08 10:24:44,318][gpu050|rank:unknown|gabbro.data.iterable_dataset_jetclass-IterDataset-Train][INFO] -  - HToBB_021.root
[2026-07-08 10:24:44,318][gpu050|rank:unknown|gabbro.data.iterable_dataset_jetclass-IterDataset-Train][INFO] -  - HToBB_072.root
[2026-07-08 10:24:44,319][gpu050|rank:unknown|gabbro.data.iterable_dataset_jetclass-IterDataset-Train][INFO] -  - HToBB_053.root
[2026-07-08 10:24:44,320][gpu050|rank:unknown|gabbro.data.iterable_dataset_jetclass-IterDataset-Train][INFO] -  - HToBB_083.root
[2026-07-08 10:24:44,320][gpu050|rank:unknown|gabbro.data.iterable_dataset_jetclass-IterDataset-Train][INFO] -  - HToBB_026.root
[2026-07-08 10:24:44,321][gpu050|rank:unknown|gabbro.data.iterable_dataset_jetclass-IterDataset-Train][INFO] -  - HToBB_084.root
[2026-07-08 10:24:44,322][gpu050|rank:unknown|gabbro.data.iterable_dataset_jetclass-IterDataset-Train][INFO] -  - HToBB_094.root
[2026-07-08 10:24:44,323][gpu050|rank:unknown|gabbro.data.iterable_dataset_jetclass-IterDataset-Train][INFO] -  - HToBB_018.root
[2026-07-08 10:24:44,323][gpu050|rank:unknown|gabbro.data.iterable_dataset_jetclass-IterDataset-Train][INFO] -  - HToBB_062.root
[2026-07-08 10:24:44,323][gpu050|rank:unknown|gabbro.data.iterable_dataset_jetclass-IterDataset-Train][INFO] - Shuffling files for jet_type Hcc
[2026-07-08 10:24:44,324][gpu050|rank:unknown|gabbro.data.iterable_dataset_jetclass-IterDataset-Train][INFO] - Number of files in the list: 100
[2026-07-08 10:24:44,325][gpu050|rank:unknown|gabbro.data.iterable_dataset_jetclass-IterDataset-Train][INFO] - First 10 entries of the file list before shuffling:
[2026-07-08 10:24:44,325][gpu050|rank:unknown|gabbro.data.iterable_dataset_jetclass-IterDataset-Train][INFO] -  - HToCC_000.root
[2026-07-08 10:24:44,326][gpu050|rank:unknown|gabbro.data.iterable_dataset_jetclass-IterDataset-Train][INFO] -  - HToCC_001.root
[2026-07-08 10:24:44,327][gpu050|rank:unknown|gabbro.data.iterable_dataset_jetclass-IterDataset-Train][INFO] -  - HToCC_002.root
[2026-07-08 10:24:44,327][gpu050|rank:unknown|gabbro.data.iterable_dataset_jetclass-IterDataset-Train][INFO] -  - HToCC_003.root
[2026-07-08 10:24:44,328][gpu050|rank:unknown|gabbro.data.iterable_dataset_jetclass-IterDataset-Train][INFO] -  - HToCC_004.root
[2026-07-08 10:24:44,329][gpu050|rank:unknown|gabbro.data.iterable_dataset_jetclass-IterDataset-Train][INFO] -  - HToCC_005.root
[2026-07-08 10:24:44,329][gpu050|rank:unknown|gabbro.data.iterable_dataset_jetclass-IterDataset-Train][INFO] -  - HToCC_006.root
[2026-07-08 10:24:44,329][gpu050|rank:unknown|gabbro.data.iterable_dataset_jetclass-IterDataset-Train][INFO] -  - HToCC_007.root
[2026-07-08 10:24:44,330][gpu050|rank:unknown|gabbro.data.iterable_dataset_jetclass-IterDataset-Train][INFO] -  - HToCC_008.root
[2026-07-08 10:24:44,330][gpu050|rank:unknown|gabbro.data.iterable_dataset_jetclass-IterDataset-Train][INFO] -  - HToCC_009.root
[2026-07-08 10:24:44,331][gpu050|rank:unknown|gabbro.data.iterable_dataset_jetclass-IterDataset-Train][INFO] - First 10 entries of the file list after shuffling:
[2026-07-08 10:24:44,332][gpu050|rank:unknown|gabbro.data.iterable_dataset_jetclass-IterDataset-Train][INFO] -  - HToCC_030.root
[2026-07-08 10:24:44,332][gpu050|rank:unknown|gabbro.data.iterable_dataset_jetclass-IterDataset-Train][INFO] -  - HToCC_022.root
[2026-07-08 10:24:44,333][gpu050|rank:unknown|gabbro.data.iterable_dataset_jetclass-IterDataset-Train][INFO] -  - HToCC_093.root
[2026-07-08 10:24:44,334][gpu050|rank:unknown|gabbro.data.iterable_dataset_jetclass-IterDataset-Train][INFO] -  - HToCC_043.root
[2026-07-08 10:24:44,334][gpu050|rank:unknown|gabbro.data.iterable_dataset_jetclass-IterDataset-Train][INFO] -  - HToCC_081.root
[2026-07-08 10:24:44,335][gpu050|rank:unknown|gabbro.data.iterable_dataset_jetclass-IterDataset-Train][INFO] -  - HToCC_023.root
[2026-07-08 10:24:44,335][gpu050|rank:unknown|gabbro.data.iterable_dataset_jetclass-IterDataset-Train][INFO] -  - HToCC_073.root
[2026-07-08 10:24:44,336][gpu050|rank:unknown|gabbro.data.iterable_dataset_jetclass-IterDataset-Train][INFO] -  - HToCC_091.root
[2026-07-08 10:24:44,336][gpu050|rank:unknown|gabbro.data.iterable_dataset_jetclass-IterDataset-Train][INFO] -  - HToCC_088.root
[2026-07-08 10:24:44,337][gpu050|rank:unknown|gabbro.data.iterable_dataset_jetclass-IterDataset-Train][INFO] -  - HToCC_013.root
[2026-07-08 10:24:44,337][gpu050|rank:unknown|gabbro.data.iterable_dataset_jetclass-IterDataset-Train][INFO] - Shuffling files for jet_type Hgg
[2026-07-08 10:24:44,338][gpu050|rank:unknown|gabbro.data.iterable_dataset_jetclass-IterDataset-Train][INFO] - Number of files in the list: 100
[2026-07-08 10:24:44,339][gpu050|rank:unknown|gabbro.data.iterable_dataset_jetclass-IterDataset-Train][INFO] - First 10 entries of the file list before shuffling:
[2026-07-08 10:24:44,339][gpu050|rank:unknown|gabbro.data.iterable_dataset_jetclass-IterDataset-Train][INFO] -  - HToGG_000.root
[2026-07-08 10:24:44,340][gpu050|rank:unknown|gabbro.data.iterable_dataset_jetclass-IterDataset-Train][INFO] -  - HToGG_001.root
[2026-07-08 10:24:44,341][gpu050|rank:unknown|gabbro.data.iterable_dataset_jetclass-IterDataset-Train][INFO] -  - HToGG_002.root
[2026-07-08 10:24:44,341][gpu050|rank:unknown|gabbro.data.iterable_dataset_jetclass-IterDataset-Train][INFO] -  - HToGG_003.root
[2026-07-08 10:24:44,341][gpu050|rank:unknown|gabbro.data.iterable_dataset_jetclass-IterDataset-Train][INFO] -  - HToGG_004.root
[2026-07-08 10:24:44,342][gpu050|rank:unknown|gabbro.data.iterable_dataset_jetclass-IterDataset-Train][INFO] -  - HToGG_005.root
[2026-07-08 10:24:44,342][gpu050|rank:unknown|gabbro.data.iterable_dataset_jetclass-IterDataset-Train][INFO] -  - HToGG_006.root
[2026-07-08 10:24:44,343][gpu050|rank:unknown|gabbro.data.iterable_dataset_jetclass-IterDataset-Train][INFO] -  - HToGG_007.root
[2026-07-08 10:24:44,344][gpu050|rank:unknown|gabbro.data.iterable_dataset_jetclass-IterDataset-Train][INFO] -  - HToGG_008.root
[2026-07-08 10:24:44,344][gpu050|rank:unknown|gabbro.data.iterable_dataset_jetclass-IterDataset-Train][INFO] -  - HToGG_009.root
[2026-07-08 10:24:44,345][gpu050|rank:unknown|gabbro.data.iterable_dataset_jetclass-IterDataset-Train][INFO] - First 10 entries of the file list after shuffling:
[2026-07-08 10:24:44,346][gpu050|rank:unknown|gabbro.data.iterable_dataset_jetclass-IterDataset-Train][INFO] -  - HToGG_042.root
[2026-07-08 10:24:44,346][gpu050|rank:unknown|gabbro.data.iterable_dataset_jetclass-IterDataset-Train][INFO] -  - HToGG_011.root
[2026-07-08 10:24:44,346][gpu050|rank:unknown|gabbro.data.iterable_dataset_jetclass-IterDataset-Train][INFO] -  - HToGG_087.root
[2026-07-08 10:24:44,347][gpu050|rank:unknown|gabbro.data.iterable_dataset_jetclass-IterDataset-Train][INFO] -  - HToGG_049.root
[2026-07-08 10:24:44,347][gpu050|rank:unknown|gabbro.data.iterable_dataset_jetclass-IterDataset-Train][INFO] -  - HToGG_046.root
[2026-07-08 10:24:44,348][gpu050|rank:unknown|gabbro.data.iterable_dataset_jetclass-IterDataset-Train][INFO] -  - HToGG_000.root
[2026-07-08 10:24:44,349][gpu050|rank:unknown|gabbro.data.iterable_dataset_jetclass-IterDataset-Train][INFO] -  - HToGG_064.root
[2026-07-08 10:24:44,350][gpu050|rank:unknown|gabbro.data.iterable_dataset_jetclass-IterDataset-Train][INFO] -  - HToGG_051.root
[2026-07-08 10:24:44,351][gpu050|rank:unknown|gabbro.data.iterable_dataset_jetclass-IterDataset-Train][INFO] -  - HToGG_045.root
[2026-07-08 10:24:44,351][gpu050|rank:unknown|gabbro.data.iterable_dataset_jetclass-IterDataset-Train][INFO] -  - HToGG_066.root
[2026-07-08 10:24:44,351][gpu050|rank:unknown|gabbro.data.iterable_dataset_jetclass-IterDataset-Train][INFO] - Shuffling files for jet_type H4q
[2026-07-08 10:24:44,352][gpu050|rank:unknown|gabbro.data.iterable_dataset_jetclass-IterDataset-Train][INFO] - Number of files in the list: 100
[2026-07-08 10:24:44,352][gpu050|rank:unknown|gabbro.data.iterable_dataset_jetclass-IterDataset-Train][INFO] - First 10 entries of the file list before shuffling:
[2026-07-08 10:24:44,353][gpu050|rank:unknown|gabbro.data.iterable_dataset_jetclass-IterDataset-Train][INFO] -  - HToWW4Q_000.root
[2026-07-08 10:24:44,354][gpu050|rank:unknown|gabbro.data.iterable_dataset_jetclass-IterDataset-Train][INFO] -  - HToWW4Q_001.root
[2026-07-08 10:24:44,354][gpu050|rank:unknown|gabbro.data.iterable_dataset_jetclass-IterDataset-Train][INFO] -  - HToWW4Q_002.root
[2026-07-08 10:24:44,355][gpu050|rank:unknown|gabbro.data.iterable_dataset_jetclass-IterDataset-Train][INFO] -  - HToWW4Q_003.root
[2026-07-08 10:24:44,356][gpu050|rank:unknown|gabbro.data.iterable_dataset_jetclass-IterDataset-Train][INFO] -  - HToWW4Q_004.root
[2026-07-08 10:24:44,357][gpu050|rank:unknown|gabbro.data.iterable_dataset_jetclass-IterDataset-Train][INFO] -  - HToWW4Q_005.root
[2026-07-08 10:24:44,357][gpu050|rank:unknown|gabbro.data.iterable_dataset_jetclass-IterDataset-Train][INFO] -  - HToWW4Q_006.root
[2026-07-08 10:24:44,357][gpu050|rank:unknown|gabbro.data.iterable_dataset_jetclass-IterDataset-Train][INFO] -  - HToWW4Q_007.root
[2026-07-08 10:24:44,358][gpu050|rank:unknown|gabbro.data.iterable_dataset_jetclass-IterDataset-Train][INFO] -  - HToWW4Q_008.root
[2026-07-08 10:24:44,358][gpu050|rank:unknown|gabbro.data.iterable_dataset_jetclass-IterDataset-Train][INFO] -  - HToWW4Q_009.root
[2026-07-08 10:24:44,359][gpu050|rank:unknown|gabbro.data.iterable_dataset_jetclass-IterDataset-Train][INFO] - First 10 entries of the file list after shuffling:
[2026-07-08 10:24:44,360][gpu050|rank:unknown|gabbro.data.iterable_dataset_jetclass-IterDataset-Train][INFO] -  - HToWW4Q_019.root
[2026-07-08 10:24:44,360][gpu050|rank:unknown|gabbro.data.iterable_dataset_jetclass-IterDataset-Train][INFO] -  - HToWW4Q_082.root
[2026-07-08 10:24:44,361][gpu050|rank:unknown|gabbro.data.iterable_dataset_jetclass-IterDataset-Train][INFO] -  - HToWW4Q_070.root
[2026-07-08 10:24:44,362][gpu050|rank:unknown|gabbro.data.iterable_dataset_jetclass-IterDataset-Train][INFO] -  - HToWW4Q_001.root
[2026-07-08 10:24:44,362][gpu050|rank:unknown|gabbro.data.iterable_dataset_jetclass-IterDataset-Train][INFO] -  - HToWW4Q_013.root
[2026-07-08 10:24:44,363][gpu050|rank:unknown|gabbro.data.iterable_dataset_jetclass-IterDataset-Train][INFO] -  - HToWW4Q_017.root
[2026-07-08 10:24:44,363][gpu050|rank:unknown|gabbro.data.iterable_dataset_jetclass-IterDataset-Train][INFO] -  - HToWW4Q_096.root
[2026-07-08 10:24:44,364][gpu050|rank:unknown|gabbro.data.iterable_dataset_jetclass-IterDataset-Train][INFO] -  - HToWW4Q_036.root
[2026-07-08 10:24:44,364][gpu050|rank:unknown|gabbro.data.iterable_dataset_jetclass-IterDataset-Train][INFO] -  - HToWW4Q_006.root
[2026-07-08 10:24:44,365][gpu050|rank:unknown|gabbro.data.iterable_dataset_jetclass-IterDataset-Train][INFO] -  - HToWW4Q_004.root
[2026-07-08 10:24:44,365][gpu050|rank:unknown|gabbro.data.iterable_dataset_jetclass-IterDataset-Train][INFO] - Shuffling files for jet_type Hqql
[2026-07-08 10:24:44,366][gpu050|rank:unknown|gabbro.data.iterable_dataset_jetclass-IterDataset-Train][INFO] - Number of files in the list: 100
[2026-07-08 10:24:44,366][gpu050|rank:unknown|gabbro.data.iterable_dataset_jetclass-IterDataset-Train][INFO] - First 10 entries of the file list before shuffling:
[2026-07-08 10:24:44,367][gpu050|rank:unknown|gabbro.data.iterable_dataset_jetclass-IterDataset-Train][INFO] -  - HToWW2Q1L_000.root
[2026-07-08 10:24:44,368][gpu050|rank:unknown|gabbro.data.iterable_dataset_jetclass-IterDataset-Train][INFO] -  - HToWW2Q1L_001.root
[2026-07-08 10:24:44,368][gpu050|rank:unknown|gabbro.data.iterable_dataset_jetclass-IterDataset-Train][INFO] -  - HToWW2Q1L_002.root
[2026-07-08 10:24:44,369][gpu050|rank:unknown|gabbro.data.iterable_dataset_jetclass-IterDataset-Train][INFO] -  - HToWW2Q1L_003.root
[2026-07-08 10:24:44,369][gpu050|rank:unknown|gabbro.data.iterable_dataset_jetclass-IterDataset-Train][INFO] -  - HToWW2Q1L_004.root
[2026-07-08 10:24:44,370][gpu050|rank:unknown|gabbro.data.iterable_dataset_jetclass-IterDataset-Train][INFO] -  - HToWW2Q1L_005.root
[2026-07-08 10:24:44,370][gpu050|rank:unknown|gabbro.data.iterable_dataset_jetclass-IterDataset-Train][INFO] -  - HToWW2Q1L_006.root
[2026-07-08 10:24:44,371][gpu050|rank:unknown|gabbro.data.iterable_dataset_jetclass-IterDataset-Train][INFO] -  - HToWW2Q1L_007.root
[2026-07-08 10:24:44,372][gpu050|rank:unknown|gabbro.data.iterable_dataset_jetclass-IterDataset-Train][INFO] -  - HToWW2Q1L_008.root
[2026-07-08 10:24:44,372][gpu050|rank:unknown|gabbro.data.iterable_dataset_jetclass-IterDataset-Train][INFO] -  - HToWW2Q1L_009.root
[2026-07-08 10:24:44,373][gpu050|rank:unknown|gabbro.data.iterable_dataset_jetclass-IterDataset-Train][INFO] - First 10 entries of the file list after shuffling:
[2026-07-08 10:24:44,374][gpu050|rank:unknown|gabbro.data.iterable_dataset_jetclass-IterDataset-Train][INFO] -  - HToWW2Q1L_040.root
[2026-07-08 10:24:44,374][gpu050|rank:unknown|gabbro.data.iterable_dataset_jetclass-IterDataset-Train][INFO] -  - HToWW2Q1L_080.root
[2026-07-08 10:24:44,375][gpu050|rank:unknown|gabbro.data.iterable_dataset_jetclass-IterDataset-Train][INFO] -  - HToWW2Q1L_089.root
[2026-07-08 10:24:44,375][gpu050|rank:unknown|gabbro.data.iterable_dataset_jetclass-IterDataset-Train][INFO] -  - HToWW2Q1L_013.root
[2026-07-08 10:24:44,376][gpu050|rank:unknown|gabbro.data.iterable_dataset_jetclass-IterDataset-Train][INFO] -  - HToWW2Q1L_059.root
[2026-07-08 10:24:44,377][gpu050|rank:unknown|gabbro.data.iterable_dataset_jetclass-IterDataset-Train][INFO] -  - HToWW2Q1L_052.root
[2026-07-08 10:24:44,377][gpu050|rank:unknown|gabbro.data.iterable_dataset_jetclass-IterDataset-Train][INFO] -  - HToWW2Q1L_062.root
[2026-07-08 10:24:44,378][gpu050|rank:unknown|gabbro.data.iterable_dataset_jetclass-IterDataset-Train][INFO] -  - HToWW2Q1L_005.root
[2026-07-08 10:24:44,378][gpu050|rank:unknown|gabbro.data.iterable_dataset_jetclass-IterDataset-Train][INFO] -  - HToWW2Q1L_092.root
[2026-07-08 10:24:44,379][gpu050|rank:unknown|gabbro.data.iterable_dataset_jetclass-IterDataset-Train][INFO] -  - HToWW2Q1L_044.root
[2026-07-08 10:24:44,379][gpu050|rank:unknown|gabbro.data.iterable_dataset_jetclass-IterDataset-Train][INFO] - Shuffling files for jet_type Zqq
[2026-07-08 10:24:44,380][gpu050|rank:unknown|gabbro.data.iterable_dataset_jetclass-IterDataset-Train][INFO] - Number of files in the list: 100
[2026-07-08 10:24:44,380][gpu050|rank:unknown|gabbro.data.iterable_dataset_jetclass-IterDataset-Train][INFO] - First 10 entries of the file list before shuffling:
[2026-07-08 10:24:44,381][gpu050|rank:unknown|gabbro.data.iterable_dataset_jetclass-IterDataset-Train][INFO] -  - ZToQQ_000.root
[2026-07-08 10:24:44,382][gpu050|rank:unknown|gabbro.data.iterable_dataset_jetclass-IterDataset-Train][INFO] -  - ZToQQ_001.root
[2026-07-08 10:24:44,382][gpu050|rank:unknown|gabbro.data.iterable_dataset_jetclass-IterDataset-Train][INFO] -  - ZToQQ_002.root
[2026-07-08 10:24:44,383][gpu050|rank:unknown|gabbro.data.iterable_dataset_jetclass-IterDataset-Train][INFO] -  - ZToQQ_003.root
[2026-07-08 10:24:44,383][gpu050|rank:unknown|gabbro.data.iterable_dataset_jetclass-IterDataset-Train][INFO] -  - ZToQQ_004.root
[2026-07-08 10:24:44,384][gpu050|rank:unknown|gabbro.data.iterable_dataset_jetclass-IterDataset-Train][INFO] -  - ZToQQ_005.root
[2026-07-08 10:24:44,385][gpu050|rank:unknown|gabbro.data.iterable_dataset_jetclass-IterDataset-Train][INFO] -  - ZToQQ_006.root
[2026-07-08 10:24:44,385][gpu050|rank:unknown|gabbro.data.iterable_dataset_jetclass-IterDataset-Train][INFO] -  - ZToQQ_007.root
[2026-07-08 10:24:44,386][gpu050|rank:unknown|gabbro.data.iterable_dataset_jetclass-IterDataset-Train][INFO] -  - ZToQQ_008.root
[2026-07-08 10:24:44,386][gpu050|rank:unknown|gabbro.data.iterable_dataset_jetclass-IterDataset-Train][INFO] -  - ZToQQ_009.root
[2026-07-08 10:24:44,387][gpu050|rank:unknown|gabbro.data.iterable_dataset_jetclass-IterDataset-Train][INFO] - First 10 entries of the file list after shuffling:
[2026-07-08 10:24:44,388][gpu050|rank:unknown|gabbro.data.iterable_dataset_jetclass-IterDataset-Train][INFO] -  - ZToQQ_013.root
[2026-07-08 10:24:44,388][gpu050|rank:unknown|gabbro.data.iterable_dataset_jetclass-IterDataset-Train][INFO] -  - ZToQQ_060.root
[2026-07-08 10:24:44,389][gpu050|rank:unknown|gabbro.data.iterable_dataset_jetclass-IterDataset-Train][INFO] -  - ZToQQ_097.root
[2026-07-08 10:24:44,389][gpu050|rank:unknown|gabbro.data.iterable_dataset_jetclass-IterDataset-Train][INFO] -  - ZToQQ_031.root
[2026-07-08 10:24:44,390][gpu050|rank:unknown|gabbro.data.iterable_dataset_jetclass-IterDataset-Train][INFO] -  - ZToQQ_062.root
[2026-07-08 10:24:44,390][gpu050|rank:unknown|gabbro.data.iterable_dataset_jetclass-IterDataset-Train][INFO] -  - ZToQQ_056.root
[2026-07-08 10:24:44,391][gpu050|rank:unknown|gabbro.data.iterable_dataset_jetclass-IterDataset-Train][INFO] -  - ZToQQ_035.root
[2026-07-08 10:24:44,391][gpu050|rank:unknown|gabbro.data.iterable_dataset_jetclass-IterDataset-Train][INFO] -  - ZToQQ_017.root
[2026-07-08 10:24:44,392][gpu050|rank:unknown|gabbro.data.iterable_dataset_jetclass-IterDataset-Train][INFO] -  - ZToQQ_085.root
[2026-07-08 10:24:44,393][gpu050|rank:unknown|gabbro.data.iterable_dataset_jetclass-IterDataset-Train][INFO] -  - ZToQQ_081.root
[2026-07-08 10:24:44,393][gpu050|rank:unknown|gabbro.data.iterable_dataset_jetclass-IterDataset-Train][INFO] - Shuffling files for jet_type Wqq
[2026-07-08 10:24:44,394][gpu050|rank:unknown|gabbro.data.iterable_dataset_jetclass-IterDataset-Train][INFO] - Number of files in the list: 100
[2026-07-08 10:24:44,395][gpu050|rank:unknown|gabbro.data.iterable_dataset_jetclass-IterDataset-Train][INFO] - First 10 entries of the file list before shuffling:
[2026-07-08 10:24:44,395][gpu050|rank:unknown|gabbro.data.iterable_dataset_jetclass-IterDataset-Train][INFO] -  - WToQQ_000.root
[2026-07-08 10:24:44,396][gpu050|rank:unknown|gabbro.data.iterable_dataset_jetclass-IterDataset-Train][INFO] -  - WToQQ_001.root
[2026-07-08 10:24:44,396][gpu050|rank:unknown|gabbro.data.iterable_dataset_jetclass-IterDataset-Train][INFO] -  - WToQQ_002.root
[2026-07-08 10:24:44,397][gpu050|rank:unknown|gabbro.data.iterable_dataset_jetclass-IterDataset-Train][INFO] -  - WToQQ_003.root
[2026-07-08 10:24:44,397][gpu050|rank:unknown|gabbro.data.iterable_dataset_jetclass-IterDataset-Train][INFO] -  - WToQQ_004.root
[2026-07-08 10:24:44,398][gpu050|rank:unknown|gabbro.data.iterable_dataset_jetclass-IterDataset-Train][INFO] -  - WToQQ_005.root
[2026-07-08 10:24:44,398][gpu050|rank:unknown|gabbro.data.iterable_dataset_jetclass-IterDataset-Train][INFO] -  - WToQQ_006.root
[2026-07-08 10:24:44,399][gpu050|rank:unknown|gabbro.data.iterable_dataset_jetclass-IterDataset-Train][INFO] -  - WToQQ_007.root
[2026-07-08 10:24:44,400][gpu050|rank:unknown|gabbro.data.iterable_dataset_jetclass-IterDataset-Train][INFO] -  - WToQQ_008.root
[2026-07-08 10:24:44,400][gpu050|rank:unknown|gabbro.data.iterable_dataset_jetclass-IterDataset-Train][INFO] -  - WToQQ_009.root
[2026-07-08 10:24:44,401][gpu050|rank:unknown|gabbro.data.iterable_dataset_jetclass-IterDataset-Train][INFO] - First 10 entries of the file list after shuffling:
[2026-07-08 10:24:44,401][gpu050|rank:unknown|gabbro.data.iterable_dataset_jetclass-IterDataset-Train][INFO] -  - WToQQ_084.root
[2026-07-08 10:24:44,402][gpu050|rank:unknown|gabbro.data.iterable_dataset_jetclass-IterDataset-Train][INFO] -  - WToQQ_098.root
[2026-07-08 10:24:44,402][gpu050|rank:unknown|gabbro.data.iterable_dataset_jetclass-IterDataset-Train][INFO] -  - WToQQ_062.root
[2026-07-08 10:24:44,403][gpu050|rank:unknown|gabbro.data.iterable_dataset_jetclass-IterDataset-Train][INFO] -  - WToQQ_004.root
[2026-07-08 10:24:44,404][gpu050|rank:unknown|gabbro.data.iterable_dataset_jetclass-IterDataset-Train][INFO] -  - WToQQ_060.root
[2026-07-08 10:24:44,404][gpu050|rank:unknown|gabbro.data.iterable_dataset_jetclass-IterDataset-Train][INFO] -  - WToQQ_070.root
[2026-07-08 10:24:44,405][gpu050|rank:unknown|gabbro.data.iterable_dataset_jetclass-IterDataset-Train][INFO] -  - WToQQ_010.root
[2026-07-08 10:24:44,406][gpu050|rank:unknown|gabbro.data.iterable_dataset_jetclass-IterDataset-Train][INFO] -  - WToQQ_035.root
[2026-07-08 10:24:44,406][gpu050|rank:unknown|gabbro.data.iterable_dataset_jetclass-IterDataset-Train][INFO] -  - WToQQ_088.root
[2026-07-08 10:24:44,406][gpu050|rank:unknown|gabbro.data.iterable_dataset_jetclass-IterDataset-Train][INFO] -  - WToQQ_017.root
[2026-07-08 10:24:44,407][gpu050|rank:unknown|gabbro.data.iterable_dataset_jetclass-IterDataset-Train][INFO] - Shuffling files for jet_type Tbqq
[2026-07-08 10:24:44,407][gpu050|rank:unknown|gabbro.data.iterable_dataset_jetclass-IterDataset-Train][INFO] - Number of files in the list: 100
[2026-07-08 10:24:44,408][gpu050|rank:unknown|gabbro.data.iterable_dataset_jetclass-IterDataset-Train][INFO] - First 10 entries of the file list before shuffling:
[2026-07-08 10:24:44,408][gpu050|rank:unknown|gabbro.data.iterable_dataset_jetclass-IterDataset-Train][INFO] -  - TTBar_000.root
[2026-07-08 10:24:44,409][gpu050|rank:unknown|gabbro.data.iterable_dataset_jetclass-IterDataset-Train][INFO] -  - TTBar_001.root
[2026-07-08 10:24:44,409][gpu050|rank:unknown|gabbro.data.iterable_dataset_jetclass-IterDataset-Train][INFO] -  - TTBar_002.root
[2026-07-08 10:24:44,410][gpu050|rank:unknown|gabbro.data.iterable_dataset_jetclass-IterDataset-Train][INFO] -  - TTBar_003.root
[2026-07-08 10:24:44,411][gpu050|rank:unknown|gabbro.data.iterable_dataset_jetclass-IterDataset-Train][INFO] -  - TTBar_004.root
[2026-07-08 10:24:44,411][gpu050|rank:unknown|gabbro.data.iterable_dataset_jetclass-IterDataset-Train][INFO] -  - TTBar_005.root
[2026-07-08 10:24:44,412][gpu050|rank:unknown|gabbro.data.iterable_dataset_jetclass-IterDataset-Train][INFO] -  - TTBar_006.root
[2026-07-08 10:24:44,412][gpu050|rank:unknown|gabbro.data.iterable_dataset_jetclass-IterDataset-Train][INFO] -  - TTBar_007.root
[2026-07-08 10:24:44,413][gpu050|rank:unknown|gabbro.data.iterable_dataset_jetclass-IterDataset-Train][INFO] -  - TTBar_008.root
[2026-07-08 10:24:44,413][gpu050|rank:unknown|gabbro.data.iterable_dataset_jetclass-IterDataset-Train][INFO] -  - TTBar_009.root
[2026-07-08 10:24:44,414][gpu050|rank:unknown|gabbro.data.iterable_dataset_jetclass-IterDataset-Train][INFO] - First 10 entries of the file list after shuffling:
[2026-07-08 10:24:44,415][gpu050|rank:unknown|gabbro.data.iterable_dataset_jetclass-IterDataset-Train][INFO] -  - TTBar_025.root
[2026-07-08 10:24:44,415][gpu050|rank:unknown|gabbro.data.iterable_dataset_jetclass-IterDataset-Train][INFO] -  - TTBar_075.root
[2026-07-08 10:24:44,416][gpu050|rank:unknown|gabbro.data.iterable_dataset_jetclass-IterDataset-Train][INFO] -  - TTBar_003.root
[2026-07-08 10:24:44,417][gpu050|rank:unknown|gabbro.data.iterable_dataset_jetclass-IterDataset-Train][INFO] -  - TTBar_017.root
[2026-07-08 10:24:44,418][gpu050|rank:unknown|gabbro.data.iterable_dataset_jetclass-IterDataset-Train][INFO] -  - TTBar_021.root
[2026-07-08 10:24:44,418][gpu050|rank:unknown|gabbro.data.iterable_dataset_jetclass-IterDataset-Train][INFO] -  - TTBar_086.root
[2026-07-08 10:24:44,418][gpu050|rank:unknown|gabbro.data.iterable_dataset_jetclass-IterDataset-Train][INFO] -  - TTBar_092.root
[2026-07-08 10:24:44,419][gpu050|rank:unknown|gabbro.data.iterable_dataset_jetclass-IterDataset-Train][INFO] -  - TTBar_027.root
[2026-07-08 10:24:44,420][gpu050|rank:unknown|gabbro.data.iterable_dataset_jetclass-IterDataset-Train][INFO] -  - TTBar_061.root
[2026-07-08 10:24:44,421][gpu050|rank:unknown|gabbro.data.iterable_dataset_jetclass-IterDataset-Train][INFO] -  - TTBar_079.root
[2026-07-08 10:24:44,421][gpu050|rank:unknown|gabbro.data.iterable_dataset_jetclass-IterDataset-Train][INFO] - Shuffling files for jet_type Tbl
[2026-07-08 10:24:44,422][gpu050|rank:unknown|gabbro.data.iterable_dataset_jetclass-IterDataset-Train][INFO] - Number of files in the list: 100
[2026-07-08 10:24:44,422][gpu050|rank:unknown|gabbro.data.iterable_dataset_jetclass-IterDataset-Train][INFO] - First 10 entries of the file list before shuffling:
[2026-07-08 10:24:44,423][gpu050|rank:unknown|gabbro.data.iterable_dataset_jetclass-IterDataset-Train][INFO] -  - TTBarLep_000.root
[2026-07-08 10:24:44,423][gpu050|rank:unknown|gabbro.data.iterable_dataset_jetclass-IterDataset-Train][INFO] -  - TTBarLep_001.root
[2026-07-08 10:24:44,424][gpu050|rank:unknown|gabbro.data.iterable_dataset_jetclass-IterDataset-Train][INFO] -  - TTBarLep_002.root
[2026-07-08 10:24:44,424][gpu050|rank:unknown|gabbro.data.iterable_dataset_jetclass-IterDataset-Train][INFO] -  - TTBarLep_003.root
[2026-07-08 10:24:44,425][gpu050|rank:unknown|gabbro.data.iterable_dataset_jetclass-IterDataset-Train][INFO] -  - TTBarLep_004.root
[2026-07-08 10:24:44,425][gpu050|rank:unknown|gabbro.data.iterable_dataset_jetclass-IterDataset-Train][INFO] -  - TTBarLep_005.root
[2026-07-08 10:24:44,426][gpu050|rank:unknown|gabbro.data.iterable_dataset_jetclass-IterDataset-Train][INFO] -  - TTBarLep_006.root
[2026-07-08 10:24:44,426][gpu050|rank:unknown|gabbro.data.iterable_dataset_jetclass-IterDataset-Train][INFO] -  - TTBarLep_007.root
[2026-07-08 10:24:44,427][gpu050|rank:unknown|gabbro.data.iterable_dataset_jetclass-IterDataset-Train][INFO] -  - TTBarLep_008.root
[2026-07-08 10:24:44,427][gpu050|rank:unknown|gabbro.data.iterable_dataset_jetclass-IterDataset-Train][INFO] -  - TTBarLep_009.root
[2026-07-08 10:24:44,428][gpu050|rank:unknown|gabbro.data.iterable_dataset_jetclass-IterDataset-Train][INFO] - First 10 entries of the file list after shuffling:
[2026-07-08 10:24:44,429][gpu050|rank:unknown|gabbro.data.iterable_dataset_jetclass-IterDataset-Train][INFO] -  - TTBarLep_062.root
[2026-07-08 10:24:44,429][gpu050|rank:unknown|gabbro.data.iterable_dataset_jetclass-IterDataset-Train][INFO] -  - TTBarLep_040.root
[2026-07-08 10:24:44,429][gpu050|rank:unknown|gabbro.data.iterable_dataset_jetclass-IterDataset-Train][INFO] -  - TTBarLep_027.root
[2026-07-08 10:24:44,430][gpu050|rank:unknown|gabbro.data.iterable_dataset_jetclass-IterDataset-Train][INFO] -  - TTBarLep_020.root
[2026-07-08 10:24:44,431][gpu050|rank:unknown|gabbro.data.iterable_dataset_jetclass-IterDataset-Train][INFO] -  - TTBarLep_074.root
[2026-07-08 10:24:44,432][gpu050|rank:unknown|gabbro.data.iterable_dataset_jetclass-IterDataset-Train][INFO] -  - TTBarLep_077.root
[2026-07-08 10:24:44,432][gpu050|rank:unknown|gabbro.data.iterable_dataset_jetclass-IterDataset-Train][INFO] -  - TTBarLep_038.root
[2026-07-08 10:24:44,433][gpu050|rank:unknown|gabbro.data.iterable_dataset_jetclass-IterDataset-Train][INFO] -  - TTBarLep_006.root
[2026-07-08 10:24:44,433][gpu050|rank:unknown|gabbro.data.iterable_dataset_jetclass-IterDataset-Train][INFO] -  - TTBarLep_004.root
[2026-07-08 10:24:44,434][gpu050|rank:unknown|gabbro.data.iterable_dataset_jetclass-IterDataset-Train][INFO] -  - TTBarLep_068.root
[2026-07-08 10:24:44,435][gpu050|rank:unknown|gabbro.data.iterable_dataset_jetclass-IterDataset-Train][INFO] - Number of files in the list: 1000
[2026-07-08 10:24:44,435][gpu050|rank:unknown|gabbro.data.iterable_dataset_jetclass-IterDataset-Train][INFO] - First 10 entries of the file list:
[2026-07-08 10:24:44,436][gpu050|rank:unknown|gabbro.data.iterable_dataset_jetclass-IterDataset-Train][INFO] -  - ZJetsToNuNu_023.root
[2026-07-08 10:24:44,436][gpu050|rank:unknown|gabbro.data.iterable_dataset_jetclass-IterDataset-Train][INFO] -  - HToBB_065.root
[2026-07-08 10:24:44,437][gpu050|rank:unknown|gabbro.data.iterable_dataset_jetclass-IterDataset-Train][INFO] -  - HToCC_030.root
[2026-07-08 10:24:44,437][gpu050|rank:unknown|gabbro.data.iterable_dataset_jetclass-IterDataset-Train][INFO] -  - HToGG_042.root
[2026-07-08 10:24:44,438][gpu050|rank:unknown|gabbro.data.iterable_dataset_jetclass-IterDataset-Train][INFO] -  - HToWW4Q_019.root
[2026-07-08 10:24:44,438][gpu050|rank:unknown|gabbro.data.iterable_dataset_jetclass-IterDataset-Train][INFO] -  - HToWW2Q1L_040.root
[2026-07-08 10:24:44,439][gpu050|rank:unknown|gabbro.data.iterable_dataset_jetclass-IterDataset-Train][INFO] -  - ZToQQ_013.root
[2026-07-08 10:24:44,439][gpu050|rank:unknown|gabbro.data.iterable_dataset_jetclass-IterDataset-Train][INFO] -  - WToQQ_084.root
[2026-07-08 10:24:44,440][gpu050|rank:unknown|gabbro.data.iterable_dataset_jetclass-IterDataset-Train][INFO] -  - TTBar_025.root
[2026-07-08 10:24:44,440][gpu050|rank:unknown|gabbro.data.iterable_dataset_jetclass-IterDataset-Train][INFO] -  - TTBarLep_062.root
[2026-07-08 10:24:44,441][gpu050|rank:unknown|gabbro.data.iterable_dataset_jetclass-IterDataset-Train][INFO] - Last 10 entries of the file list:
[2026-07-08 10:24:44,441][gpu050|rank:unknown|gabbro.data.iterable_dataset_jetclass-IterDataset-Train][INFO] -  - ZJetsToNuNu_067.root
[2026-07-08 10:24:44,442][gpu050|rank:unknown|gabbro.data.iterable_dataset_jetclass-IterDataset-Train][INFO] -  - HToBB_007.root
[2026-07-08 10:24:44,443][gpu050|rank:unknown|gabbro.data.iterable_dataset_jetclass-IterDataset-Train][INFO] -  - HToCC_028.root
[2026-07-08 10:24:44,443][gpu050|rank:unknown|gabbro.data.iterable_dataset_jetclass-IterDataset-Train][INFO] -  - HToGG_067.root
[2026-07-08 10:24:44,443][gpu050|rank:unknown|gabbro.data.iterable_dataset_jetclass-IterDataset-Train][INFO] -  - HToWW4Q_022.root
[2026-07-08 10:24:44,444][gpu050|rank:unknown|gabbro.data.iterable_dataset_jetclass-IterDataset-Train][INFO] -  - HToWW2Q1L_000.root
[2026-07-08 10:24:44,445][gpu050|rank:unknown|gabbro.data.iterable_dataset_jetclass-IterDataset-Train][INFO] -  - ZToQQ_016.root
[2026-07-08 10:24:44,445][gpu050|rank:unknown|gabbro.data.iterable_dataset_jetclass-IterDataset-Train][INFO] -  - WToQQ_013.root
[2026-07-08 10:24:44,446][gpu050|rank:unknown|gabbro.data.iterable_dataset_jetclass-IterDataset-Train][INFO] -  - TTBar_060.root
[2026-07-08 10:24:44,446][gpu050|rank:unknown|gabbro.data.iterable_dataset_jetclass-IterDataset-Train][INFO] -  - TTBarLep_039.root
[2026-07-08 10:24:44,447][gpu050|rank:unknown|gabbro.data.iterable_dataset_jetclass-IterDataset-Train][INFO] - Will load 10 files at a time and combine them.
[2026-07-08 10:24:44,448][gpu050|rank:unknown|gabbro.data.iterable_dataset_jetclass-IterDataset-Train][INFO] - Dataset initialized.
[2026-07-08 10:24:44,449][gpu050|rank:unknown|gabbro.data.iterable_dataset_jetclass-IterDataset-Validation][INFO] - Logger set up (potentially with new rank information).
[2026-07-08 10:24:44,449][gpu050|rank:unknown|gabbro.data.iterable_dataset_jetclass-IterDataset-Validation][INFO] - ['num_gpus=1', 'process_rank=0', 'world_size=1', 'device=cuda:0', 'worker_id=0', 'num_workers=1']
[2026-07-08 10:24:44,450][gpu050|rank:unknown|gabbro.data.iterable_dataset_jetclass-IterDataset-Validation][WARNING] - shuffle_files is False. This means that the files list will not be shuffled.
[2026-07-08 10:24:44,450][gpu050|rank:unknown|gabbro.data.iterable_dataset_jetclass-IterDataset-Validation][INFO] - Using seed 4697
[2026-07-08 10:24:44,451][gpu050|rank:unknown|gabbro.data.iterable_dataset_jetclass-IterDataset-Validation][INFO] - Using the following labels: ['label_QCD', 'label_Hbb', 'label_Hcc', 'label_Hgg', 'label_H4q', 'label_Hqql', 'label_Zqq', 'label_Wqq', 'label_Tbqq', 'label_Tbl']
[2026-07-08 10:24:44,451][gpu050|rank:unknown|gabbro.data.iterable_dataset_jetclass-IterDataset-Validation][INFO] - Using the following particle features: ['part_pt', 'part_etarel', 'part_phirel']
[2026-07-08 10:24:44,452][gpu050|rank:unknown|gabbro.data.iterable_dataset_jetclass-IterDataset-Validation][INFO] - Using the following jet features: None
[2026-07-08 10:24:44,453][gpu050|rank:unknown|gabbro.data.iterable_dataset_jetclass-IterDataset-Validation][INFO] - pad_length 128 for the number of particles per jet.
[2026-07-08 10:24:44,453][gpu050|rank:unknown|gabbro.data.iterable_dataset_jetclass-IterDataset-Validation][INFO] - Using the following jet features: None
[2026-07-08 10:24:44,454][gpu050|rank:unknown|gabbro.data.iterable_dataset_jetclass-IterDataset-Validation][INFO] - shuffle_data=True
[2026-07-08 10:24:44,454][gpu050|rank:unknown|gabbro.data.iterable_dataset_jetclass-IterDataset-Validation][INFO] - shuffle_files=False
[2026-07-08 10:24:44,455][gpu050|rank:unknown|gabbro.data.iterable_dataset_jetclass-IterDataset-Validation][INFO] - Number of jets loaded per file: 10000
[2026-07-08 10:24:44,455][gpu050|rank:unknown|gabbro.data.iterable_dataset_jetclass-IterDataset-Validation][INFO] - Using the following particle features:
[2026-07-08 10:24:44,456][gpu050|rank:unknown|gabbro.data.iterable_dataset_jetclass-IterDataset-Validation][INFO] - - part_pt: {'multiply_by': 1, 'subtract_by': 1.8, 'func': 'signed_log', 'inv_func': 'signed_exp'}
[2026-07-08 10:24:44,457][gpu050|rank:unknown|gabbro.data.iterable_dataset_jetclass-IterDataset-Validation][INFO] - - part_etarel: {'multiply_by': 3}
[2026-07-08 10:24:44,457][gpu050|rank:unknown|gabbro.data.iterable_dataset_jetclass-IterDataset-Validation][INFO] - - part_phirel: {'multiply_by': 3}
[2026-07-08 10:24:44,460][gpu050|rank:unknown|gabbro.data.iterable_dataset_jetclass-IterDataset-Validation][INFO] - Files for jet_type QCD:
[2026-07-08 10:24:44,460][gpu050|rank:unknown|gabbro.data.iterable_dataset_jetclass-IterDataset-Validation][INFO] -  - /srv/beegfs/scratch/groups/rodem/lumea/datasets/JetClass/Pythia/val_5M/ZJetsToNuNu_120.root
[2026-07-08 10:24:44,461][gpu050|rank:unknown|gabbro.data.iterable_dataset_jetclass-IterDataset-Validation][INFO] - Files for jet_type Hbb:
[2026-07-08 10:24:44,462][gpu050|rank:unknown|gabbro.data.iterable_dataset_jetclass-IterDataset-Validation][INFO] -  - /srv/beegfs/scratch/groups/rodem/lumea/datasets/JetClass/Pythia/val_5M/HToBB_120.root
[2026-07-08 10:24:44,463][gpu050|rank:unknown|gabbro.data.iterable_dataset_jetclass-IterDataset-Validation][INFO] - Files for jet_type Hcc:
[2026-07-08 10:24:44,464][gpu050|rank:unknown|gabbro.data.iterable_dataset_jetclass-IterDataset-Validation][INFO] -  - /srv/beegfs/scratch/groups/rodem/lumea/datasets/JetClass/Pythia/val_5M/HToCC_120.root
[2026-07-08 10:24:44,465][gpu050|rank:unknown|gabbro.data.iterable_dataset_jetclass-IterDataset-Validation][INFO] - Files for jet_type Hgg:
[2026-07-08 10:24:44,466][gpu050|rank:unknown|gabbro.data.iterable_dataset_jetclass-IterDataset-Validation][INFO] -  - /srv/beegfs/scratch/groups/rodem/lumea/datasets/JetClass/Pythia/val_5M/HToGG_120.root
[2026-07-08 10:24:44,467][gpu050|rank:unknown|gabbro.data.iterable_dataset_jetclass-IterDataset-Validation][INFO] - Files for jet_type H4q:
[2026-07-08 10:24:44,467][gpu050|rank:unknown|gabbro.data.iterable_dataset_jetclass-IterDataset-Validation][INFO] -  - /srv/beegfs/scratch/groups/rodem/lumea/datasets/JetClass/Pythia/val_5M/HToWW4Q_120.root
[2026-07-08 10:24:44,469][gpu050|rank:unknown|gabbro.data.iterable_dataset_jetclass-IterDataset-Validation][INFO] - Files for jet_type Hqql:
[2026-07-08 10:24:44,469][gpu050|rank:unknown|gabbro.data.iterable_dataset_jetclass-IterDataset-Validation][INFO] -  - /srv/beegfs/scratch/groups/rodem/lumea/datasets/JetClass/Pythia/val_5M/HToWW2Q1L_120.root
[2026-07-08 10:24:44,470][gpu050|rank:unknown|gabbro.data.iterable_dataset_jetclass-IterDataset-Validation][INFO] - Files for jet_type Zqq:
[2026-07-08 10:24:44,471][gpu050|rank:unknown|gabbro.data.iterable_dataset_jetclass-IterDataset-Validation][INFO] -  - /srv/beegfs/scratch/groups/rodem/lumea/datasets/JetClass/Pythia/val_5M/ZToQQ_120.root
[2026-07-08 10:24:44,472][gpu050|rank:unknown|gabbro.data.iterable_dataset_jetclass-IterDataset-Validation][INFO] - Files for jet_type Wqq:
[2026-07-08 10:24:44,472][gpu050|rank:unknown|gabbro.data.iterable_dataset_jetclass-IterDataset-Validation][INFO] -  - /srv/beegfs/scratch/groups/rodem/lumea/datasets/JetClass/Pythia/val_5M/WToQQ_120.root
[2026-07-08 10:24:44,473][gpu050|rank:unknown|gabbro.data.iterable_dataset_jetclass-IterDataset-Validation][INFO] - Files for jet_type Tbqq:
[2026-07-08 10:24:44,474][gpu050|rank:unknown|gabbro.data.iterable_dataset_jetclass-IterDataset-Validation][INFO] -  - /srv/beegfs/scratch/groups/rodem/lumea/datasets/JetClass/Pythia/val_5M/TTBar_120.root
[2026-07-08 10:24:44,475][gpu050|rank:unknown|gabbro.data.iterable_dataset_jetclass-IterDataset-Validation][INFO] - Files for jet_type Tbl:
[2026-07-08 10:24:44,476][gpu050|rank:unknown|gabbro.data.iterable_dataset_jetclass-IterDataset-Validation][INFO] -  - /srv/beegfs/scratch/groups/rodem/lumea/datasets/JetClass/Pythia/val_5M/TTBarLep_120.root
[2026-07-08 10:24:44,476][gpu050|rank:unknown|gabbro.data.iterable_dataset_jetclass-IterDataset-Validation][WARNING] - load_only_once is True. This means that there will only be the initial data loading.
[2026-07-08 10:24:44,477][gpu050|rank:unknown|gabbro.data.iterable_dataset_jetclass-IterDataset-Validation][WARNING] - shuffle_files is False. Will not shuffle files and continue with the previous order.
[2026-07-08 10:24:44,477][gpu050|rank:unknown|gabbro.data.iterable_dataset_jetclass-IterDataset-Validation][INFO] - Number of files in the list: 10
[2026-07-08 10:24:44,478][gpu050|rank:unknown|gabbro.data.iterable_dataset_jetclass-IterDataset-Validation][INFO] - First 10 entries of the file list:
[2026-07-08 10:24:44,478][gpu050|rank:unknown|gabbro.data.iterable_dataset_jetclass-IterDataset-Validation][INFO] -  - ZJetsToNuNu_120.root
[2026-07-08 10:24:44,479][gpu050|rank:unknown|gabbro.data.iterable_dataset_jetclass-IterDataset-Validation][INFO] -  - HToBB_120.root
[2026-07-08 10:24:44,480][gpu050|rank:unknown|gabbro.data.iterable_dataset_jetclass-IterDataset-Validation][INFO] -  - HToCC_120.root
[2026-07-08 10:24:44,480][gpu050|rank:unknown|gabbro.data.iterable_dataset_jetclass-IterDataset-Validation][INFO] -  - HToGG_120.root
[2026-07-08 10:24:44,481][gpu050|rank:unknown|gabbro.data.iterable_dataset_jetclass-IterDataset-Validation][INFO] -  - HToWW4Q_120.root
[2026-07-08 10:24:44,482][gpu050|rank:unknown|gabbro.data.iterable_dataset_jetclass-IterDataset-Validation][INFO] -  - HToWW2Q1L_120.root
[2026-07-08 10:24:44,482][gpu050|rank:unknown|gabbro.data.iterable_dataset_jetclass-IterDataset-Validation][INFO] -  - ZToQQ_120.root
[2026-07-08 10:24:44,483][gpu050|rank:unknown|gabbro.data.iterable_dataset_jetclass-IterDataset-Validation][INFO] -  - WToQQ_120.root
[2026-07-08 10:24:44,483][gpu050|rank:unknown|gabbro.data.iterable_dataset_jetclass-IterDataset-Validation][INFO] -  - TTBar_120.root
[2026-07-08 10:24:44,484][gpu050|rank:unknown|gabbro.data.iterable_dataset_jetclass-IterDataset-Validation][INFO] -  - TTBarLep_120.root
[2026-07-08 10:24:44,485][gpu050|rank:unknown|gabbro.data.iterable_dataset_jetclass-IterDataset-Validation][INFO] - Last 10 entries of the file list:
[2026-07-08 10:24:44,486][gpu050|rank:unknown|gabbro.data.iterable_dataset_jetclass-IterDataset-Validation][INFO] -  - ZJetsToNuNu_120.root
[2026-07-08 10:24:44,487][gpu050|rank:unknown|gabbro.data.iterable_dataset_jetclass-IterDataset-Validation][INFO] -  - HToBB_120.root
[2026-07-08 10:24:44,487][gpu050|rank:unknown|gabbro.data.iterable_dataset_jetclass-IterDataset-Validation][INFO] -  - HToCC_120.root
[2026-07-08 10:24:44,488][gpu050|rank:unknown|gabbro.data.iterable_dataset_jetclass-IterDataset-Validation][INFO] -  - HToGG_120.root
[2026-07-08 10:24:44,488][gpu050|rank:unknown|gabbro.data.iterable_dataset_jetclass-IterDataset-Validation][INFO] -  - HToWW4Q_120.root
[2026-07-08 10:24:44,489][gpu050|rank:unknown|gabbro.data.iterable_dataset_jetclass-IterDataset-Validation][INFO] -  - HToWW2Q1L_120.root
[2026-07-08 10:24:44,489][gpu050|rank:unknown|gabbro.data.iterable_dataset_jetclass-IterDataset-Validation][INFO] -  - ZToQQ_120.root
[2026-07-08 10:24:44,489][gpu050|rank:unknown|gabbro.data.iterable_dataset_jetclass-IterDataset-Validation][INFO] -  - WToQQ_120.root
[2026-07-08 10:24:44,490][gpu050|rank:unknown|gabbro.data.iterable_dataset_jetclass-IterDataset-Validation][INFO] -  - TTBar_120.root
[2026-07-08 10:24:44,491][gpu050|rank:unknown|gabbro.data.iterable_dataset_jetclass-IterDataset-Validation][INFO] -  - TTBarLep_120.root
[2026-07-08 10:24:44,492][gpu050|rank:unknown|gabbro.data.iterable_dataset_jetclass-IterDataset-Validation][INFO] - Will load 10 files at a time and combine them.
[2026-07-08 10:24:44,492][gpu050|rank:unknown|gabbro.data.iterable_dataset_jetclass-IterDataset-Validation][INFO] - Dataset initialized.
LOCAL_RANK: 0 - CUDA_VISIBLE_DEVICES: [0]
┏━━━━━┳━━━━━━━━━━━━━━━━━━━━━━━━━━━━━━━━━━━━━━━━━━━━━━━━━━┳━━━━━━┳━━━━━━━┳━━━━━━┓
┃     ┃ Name                                             ┃ Type ┃ Para… ┃ Mode ┃
┡━━━━━╇━━━━━━━━━━━━━━━━━━━━━━━━━━━━━━━━━━━━━━━━━━━━━━━━━━╇━━━━━━╇━━━━━━━╇━━━━━━┩
│ 0   │ model                                            │ VQV… │ 1.7 M │ tra… │
│ 1   │ model.input_projection                           │ Lin… │   512 │ tra… │
│ 2   │ model.encoder                                    │ Tra… │ 794 K │ tra… │
│ 3   │ model.encoder.blocks                             │ Mod… │ 794 K │ tra… │
│ 4   │ model.encoder.blocks.0                           │ Enc… │ 198 K │ tra… │
│ 5   │ model.encoder.blocks.0.attn                      │ Res… │  66.4 │ tra… │
│     │                                                  │      │     K │      │
│ 6   │ model.encoder.blocks.0.attn.module               │ Att… │  66.3 │ tra… │
│     │                                                  │      │     K │      │
│ 7   │ model.encoder.blocks.0.attn.module.pre_attn_norm │ Lay… │   256 │ tra… │
│ 8   │ model.encoder.blocks.0.attn.module.attn          │ Mul… │  66.0 │ tra… │
│     │                                                  │      │     K │      │
│ 9   │ model.encoder.blocks.0.attn.module.attn.out_proj │ Non… │  16.5 │ tra… │
│     │                                                  │      │     K │      │
│ 10  │ model.encoder.blocks.0.mlp                       │ Res… │ 132 K │ tra… │
│ 11  │ model.encoder.blocks.0.mlp.module                │ MLP… │ 131 K │ tra… │
│ 12  │ model.encoder.blocks.0.mlp.module.pre_mlp_norm   │ Lay… │   256 │ tra… │
│ 13  │ model.encoder.blocks.0.mlp.module.layers         │ Seq… │ 131 K │ tra… │
│ 14  │ model.encoder.blocks.0.mlp.module.layers.0       │ Lin… │  66.0 │ tra… │
│     │                                                  │      │     K │      │
│ 15  │ model.encoder.blocks.0.mlp.module.layers.1       │ GELU │     0 │ tra… │
│ 16  │ model.encoder.blocks.0.mlp.module.layers.2       │ Dro… │     0 │ tra… │
│ 17  │ model.encoder.blocks.0.mlp.module.layers.3       │ Lin… │  65.7 │ tra… │
│     │                                                  │      │     K │      │
│ 18  │ model.encoder.blocks.1                           │ Enc… │ 198 K │ tra… │
│ 19  │ model.encoder.blocks.1.attn                      │ Res… │  66.4 │ tra… │
│     │                                                  │      │     K │      │
│ 20  │ model.encoder.blocks.1.attn.module               │ Att… │  66.3 │ tra… │
│     │                                                  │      │     K │      │
│ 21  │ model.encoder.blocks.1.attn.module.pre_attn_norm │ Lay… │   256 │ tra… │
│ 22  │ model.encoder.blocks.1.attn.module.attn          │ Mul… │  66.0 │ tra… │
│     │                                                  │      │     K │      │
│ 23  │ model.encoder.blocks.1.attn.module.attn.out_proj │ Non… │  16.5 │ tra… │
│     │                                                  │      │     K │      │
│ 24  │ model.encoder.blocks.1.mlp                       │ Res… │ 132 K │ tra… │
│ 25  │ model.encoder.blocks.1.mlp.module                │ MLP… │ 131 K │ tra… │
│ 26  │ model.encoder.blocks.1.mlp.module.pre_mlp_norm   │ Lay… │   256 │ tra… │
│ 27  │ model.encoder.blocks.1.mlp.module.layers         │ Seq… │ 131 K │ tra… │
│ 28  │ model.encoder.blocks.1.mlp.module.layers.0       │ Lin… │  66.0 │ tra… │
│     │                                                  │      │     K │      │
│ 29  │ model.encoder.blocks.1.mlp.module.layers.1       │ GELU │     0 │ tra… │
│ 30  │ model.encoder.blocks.1.mlp.module.layers.2       │ Dro… │     0 │ tra… │
│ 31  │ model.encoder.blocks.1.mlp.module.layers.3       │ Lin… │  65.7 │ tra… │
│     │                                                  │      │     K │      │
│ 32  │ model.encoder.blocks.2                           │ Enc… │ 198 K │ tra… │
│ 33  │ model.encoder.blocks.2.attn                      │ Res… │  66.4 │ tra… │
│     │                                                  │      │     K │      │
│ 34  │ model.encoder.blocks.2.attn.module               │ Att… │  66.3 │ tra… │
│     │                                                  │      │     K │      │
│ 35  │ model.encoder.blocks.2.attn.module.pre_attn_norm │ Lay… │   256 │ tra… │
│ 36  │ model.encoder.blocks.2.attn.module.attn          │ Mul… │  66.0 │ tra… │
│     │                                                  │      │     K │      │
│ 37  │ model.encoder.blocks.2.attn.module.attn.out_proj │ Non… │  16.5 │ tra… │
│     │                                                  │      │     K │      │
│ 38  │ model.encoder.blocks.2.mlp                       │ Res… │ 132 K │ tra… │
│ 39  │ model.encoder.blocks.2.mlp.module                │ MLP… │ 131 K │ tra… │
│ 40  │ model.encoder.blocks.2.mlp.module.pre_mlp_norm   │ Lay… │   256 │ tra… │
│ 41  │ model.encoder.blocks.2.mlp.module.layers         │ Seq… │ 131 K │ tra… │
│ 42  │ model.encoder.blocks.2.mlp.module.layers.0       │ Lin… │  66.0 │ tra… │
│     │                                                  │      │     K │      │
│ 43  │ model.encoder.blocks.2.mlp.module.layers.1       │ GELU │     0 │ tra… │
│ 44  │ model.encoder.blocks.2.mlp.module.layers.2       │ Dro… │     0 │ tra… │
│ 45  │ model.encoder.blocks.2.mlp.module.layers.3       │ Lin… │  65.7 │ tra… │
│     │                                                  │      │     K │      │
│ 46  │ model.encoder.blocks.3                           │ Enc… │ 198 K │ tra… │
│ 47  │ model.encoder.blocks.3.attn                      │ Res… │  66.4 │ tra… │
│     │                                                  │      │     K │      │
│ 48  │ model.encoder.blocks.3.attn.module               │ Att… │  66.3 │ tra… │
│     │                                                  │      │     K │      │
│ 49  │ model.encoder.blocks.3.attn.module.pre_attn_norm │ Lay… │   256 │ tra… │
│ 50  │ model.encoder.blocks.3.attn.module.attn          │ Mul… │  66.0 │ tra… │
│     │                                                  │      │     K │      │
│ 51  │ model.encoder.blocks.3.attn.module.attn.out_proj │ Non… │  16.5 │ tra… │
│     │                                                  │      │     K │      │
│ 52  │ model.encoder.blocks.3.mlp                       │ Res… │ 132 K │ tra… │
│ 53  │ model.encoder.blocks.3.mlp.module                │ MLP… │ 131 K │ tra… │
│ 54  │ model.encoder.blocks.3.mlp.module.pre_mlp_norm   │ Lay… │   256 │ tra… │
│ 55  │ model.encoder.blocks.3.mlp.module.layers         │ Seq… │ 131 K │ tra… │
│ 56  │ model.encoder.blocks.3.mlp.module.layers.0       │ Lin… │  66.0 │ tra… │
│     │                                                  │      │     K │      │
│ 57  │ model.encoder.blocks.3.mlp.module.layers.1       │ GELU │     0 │ tra… │
│ 58  │ model.encoder.blocks.3.mlp.module.layers.2       │ Dro… │     0 │ tra… │
│ 59  │ model.encoder.blocks.3.mlp.module.layers.3       │ Lin… │  65.7 │ tra… │
│     │                                                  │      │     K │      │
│ 60  │ model.latent_projection_in                       │ Lin… │ 1.0 K │ tra… │
│ 61  │ model.vqlayer                                    │ Vec… │  65.6 │ tra… │
│     │                                                  │      │     K │      │
│ 62  │ model.vqlayer.norm_layer                         │ Ide… │     0 │ tra… │
│ 63  │ model.vqlayer.codebook                           │ Emb… │  65.5 │ tra… │
│     │                                                  │      │     K │      │
│ 64  │ model.vqlayer.affine_transform                   │ Aff… │    16 │ tra… │
│ 65  │ model.latent_projection_out                      │ Lin… │ 1.2 K │ tra… │
│ 66  │ model.decoder                                    │ Tra… │ 794 K │ tra… │
│ 67  │ model.decoder.blocks                             │ Mod… │ 794 K │ tra… │
│ 68  │ model.decoder.blocks.0                           │ Enc… │ 198 K │ tra… │
│ 69  │ model.decoder.blocks.0.attn                      │ Res… │  66.4 │ tra… │
│     │                                                  │      │     K │      │
│ 70  │ model.decoder.blocks.0.attn.module               │ Att… │  66.3 │ tra… │
│     │                                                  │      │     K │      │
│ 71  │ model.decoder.blocks.0.attn.module.pre_attn_norm │ Lay… │   256 │ tra… │
│ 72  │ model.decoder.blocks.0.attn.module.attn          │ Mul… │  66.0 │ tra… │
│     │                                                  │      │     K │      │
│ 73  │ model.decoder.blocks.0.attn.module.attn.out_proj │ Non… │  16.5 │ tra… │
│     │                                                  │      │     K │      │
│ 74  │ model.decoder.blocks.0.mlp                       │ Res… │ 132 K │ tra… │
│ 75  │ model.decoder.blocks.0.mlp.module                │ MLP… │ 131 K │ tra… │
│ 76  │ model.decoder.blocks.0.mlp.module.pre_mlp_norm   │ Lay… │   256 │ tra… │
│ 77  │ model.decoder.blocks.0.mlp.module.layers         │ Seq… │ 131 K │ tra… │
│ 78  │ model.decoder.blocks.0.mlp.module.layers.0       │ Lin… │  66.0 │ tra… │
│     │                                                  │      │     K │      │
│ 79  │ model.decoder.blocks.0.mlp.module.layers.1       │ GELU │     0 │ tra… │
│ 80  │ model.decoder.blocks.0.mlp.module.layers.2       │ Dro… │     0 │ tra… │
│ 81  │ model.decoder.blocks.0.mlp.module.layers.3       │ Lin… │  65.7 │ tra… │
│     │                                                  │      │     K │      │
│ 82  │ model.decoder.blocks.1                           │ Enc… │ 198 K │ tra… │
│ 83  │ model.decoder.blocks.1.attn                      │ Res… │  66.4 │ tra… │
│     │                                                  │      │     K │      │
│ 84  │ model.decoder.blocks.1.attn.module               │ Att… │  66.3 │ tra… │
│     │                                                  │      │     K │      │
│ 85  │ model.decoder.blocks.1.attn.module.pre_attn_norm │ Lay… │   256 │ tra… │
│ 86  │ model.decoder.blocks.1.attn.module.attn          │ Mul… │  66.0 │ tra… │
│     │                                                  │      │     K │      │
│ 87  │ model.decoder.blocks.1.attn.module.attn.out_proj │ Non… │  16.5 │ tra… │
│     │                                                  │      │     K │      │
│ 88  │ model.decoder.blocks.1.mlp                       │ Res… │ 132 K │ tra… │
│ 89  │ model.decoder.blocks.1.mlp.module                │ MLP… │ 131 K │ tra… │
│ 90  │ model.decoder.blocks.1.mlp.module.pre_mlp_norm   │ Lay… │   256 │ tra… │
│ 91  │ model.decoder.blocks.1.mlp.module.layers         │ Seq… │ 131 K │ tra… │
│ 92  │ model.decoder.blocks.1.mlp.module.layers.0       │ Lin… │  66.0 │ tra… │
│     │                                                  │      │     K │      │
│ 93  │ model.decoder.blocks.1.mlp.module.layers.1       │ GELU │     0 │ tra… │
│ 94  │ model.decoder.blocks.1.mlp.module.layers.2       │ Dro… │     0 │ tra… │
│ 95  │ model.decoder.blocks.1.mlp.module.layers.3       │ Lin… │  65.7 │ tra… │
│     │                                                  │      │     K │      │
│ 96  │ model.decoder.blocks.2                           │ Enc… │ 198 K │ tra… │
│ 97  │ model.decoder.blocks.2.attn                      │ Res… │  66.4 │ tra… │
│     │                                                  │      │     K │      │
│ 98  │ model.decoder.blocks.2.attn.module               │ Att… │  66.3 │ tra… │
│     │                                                  │      │     K │      │
│ 99  │ model.decoder.blocks.2.attn.module.pre_attn_norm │ Lay… │   256 │ tra… │
│ 100 │ model.decoder.blocks.2.attn.module.attn          │ Mul… │  66.0 │ tra… │
│     │                                                  │      │     K │      │
│ 101 │ model.decoder.blocks.2.attn.module.attn.out_proj │ Non… │  16.5 │ tra… │
│     │                                                  │      │     K │      │
│ 102 │ model.decoder.blocks.2.mlp                       │ Res… │ 132 K │ tra… │
│ 103 │ model.decoder.blocks.2.mlp.module                │ MLP… │ 131 K │ tra… │
│ 104 │ model.decoder.blocks.2.mlp.module.pre_mlp_norm   │ Lay… │   256 │ tra… │
│ 105 │ model.decoder.blocks.2.mlp.module.layers         │ Seq… │ 131 K │ tra… │
│ 106 │ model.decoder.blocks.2.mlp.module.layers.0       │ Lin… │  66.0 │ tra… │
│     │                                                  │      │     K │      │
│ 107 │ model.decoder.blocks.2.mlp.module.layers.1       │ GELU │     0 │ tra… │
│ 108 │ model.decoder.blocks.2.mlp.module.layers.2       │ Dro… │     0 │ tra… │
│ 109 │ model.decoder.blocks.2.mlp.module.layers.3       │ Lin… │  65.7 │ tra… │
│     │                                                  │      │     K │      │
│ 110 │ model.decoder.blocks.3                           │ Enc… │ 198 K │ tra… │
│ 111 │ model.decoder.blocks.3.attn                      │ Res… │  66.4 │ tra… │
│     │                                                  │      │     K │      │
│ 112 │ model.decoder.blocks.3.attn.module               │ Att… │  66.3 │ tra… │
│     │                                                  │      │     K │      │
│ 113 │ model.decoder.blocks.3.attn.module.pre_attn_norm │ Lay… │   256 │ tra… │
│ 114 │ model.decoder.blocks.3.attn.module.attn          │ Mul… │  66.0 │ tra… │
│     │                                                  │      │     K │      │
│ 115 │ model.decoder.blocks.3.attn.module.attn.out_proj │ Non… │  16.5 │ tra… │
│     │                                                  │      │     K │      │
│ 116 │ model.decoder.blocks.3.mlp                       │ Res… │ 132 K │ tra… │
│ 117 │ model.decoder.blocks.3.mlp.module                │ MLP… │ 131 K │ tra… │
│ 118 │ model.decoder.blocks.3.mlp.module.pre_mlp_norm   │ Lay… │   256 │ tra… │
│ 119 │ model.decoder.blocks.3.mlp.module.layers         │ Seq… │ 131 K │ tra… │
│ 120 │ model.decoder.blocks.3.mlp.module.layers.0       │ Lin… │  66.0 │ tra… │
│     │                                                  │      │     K │      │
│ 121 │ model.decoder.blocks.3.mlp.module.layers.1       │ GELU │     0 │ tra… │
│ 122 │ model.decoder.blocks.3.mlp.module.layers.2       │ Dro… │     0 │ tra… │
│ 123 │ model.decoder.blocks.3.mlp.module.layers.3       │ Lin… │  65.7 │ tra… │
│     │                                                  │      │     K │      │
│ 124 │ model.output_projection                          │ Lin… │   387 │ tra… │
└─────┴──────────────────────────────────────────────────┴──────┴───────┴──────┘
Trainable params: 1.7 M                                                         
Non-trainable params: 0                                                         
Total params: 1.7 M                                                             
Total estimated model params size (MB): 6                                       
Modules in train mode: 125                                                      
Modules in eval mode: 0                                                         
SLURM auto-requeueing enabled. Setting signal handlers.
/opt/conda/lib/python3.11/site-packages/lightning/pytorch/trainer/connectors/data_connector.py:425: The 'val_dataloader' does not have many workers which may be a bottleneck. Consider increasing the value of the `num_workers` argument` to `num_workers=23` in the `DataLoader` to improve performance.
[2026-07-08 10:24:45,010][gpu050|rank:0|gabbro.data.iterable_dataset_jetclass-IterDataset-Validation][INFO] - Logger set up (potentially with new rank information).
[2026-07-08 10:24:45,010][gpu050|rank:0|gabbro.data.iterable_dataset_jetclass-IterDataset-Validation][INFO] - >>> __iter__(self.get_data()) called
[2026-07-08 10:24:45,012][gpu050|rank:unknown|gabbro.models.vqvae][INFO] - `on_validation_epoch_start` called.
[2026-07-08 10:24:45,012][gpu050|rank:0|gabbro.data.iterable_dataset_jetclass-IterDataset-Validation][INFO] - >>> get_data() called
[2026-07-08 10:24:45,013][gpu050|rank:0|gabbro.data.iterable_dataset_jetclass-IterDataset-Validation][WARNING] - Loading data only once. Will not load other files afterwards.
[2026-07-08 10:24:45,014][gpu050|rank:0|gabbro.data.iterable_dataset_jetclass-IterDataset-Validation][WARNING] - --> This will be the data for all iterations.
[2026-07-08 10:24:45,014][gpu050|rank:0|gabbro.data.iterable_dataset_jetclass-IterDataset-Validation][INFO] - Loading next files.
[2026-07-08 10:24:45,015][gpu050|rank:0|gabbro.data.iterable_dataset_jetclass-IterDataset-Validation][INFO] - 1 / 10 : /srv/beegfs/scratch/groups/rodem/lumea/datasets/JetClass/Pythia/val_5M/ZJetsToNuNu_120.root
[2026-07-08 10:24:47,389][gpu050|rank:unknown|gabbro.data.loading][INFO] - Shuffling particles within each jet.
[2026-07-08 10:24:47,544][gpu050|rank:0|gabbro.data.iterable_dataset_jetclass-IterDataset-Validation][INFO] - Selecting the first 10000 jets from the file.
[2026-07-08 10:24:47,545][gpu050|rank:0|gabbro.data.iterable_dataset_jetclass-IterDataset-Validation][INFO] - Number of jets from the file 10000 is smaller/equal than n_jets_per_file=10000. Depending on the configuration, the loading function already takes care of loading only the requested number of jets.
[2026-07-08 10:24:47,599][gpu050|rank:0|gabbro.data.iterable_dataset_jetclass-IterDataset-Validation][INFO] - 2 / 10 : /srv/beegfs/scratch/groups/rodem/lumea/datasets/JetClass/Pythia/val_5M/HToBB_120.root
[2026-07-08 10:24:49,213][gpu050|rank:unknown|gabbro.data.loading][INFO] - Shuffling particles within each jet.
[2026-07-08 10:24:49,353][gpu050|rank:0|gabbro.data.iterable_dataset_jetclass-IterDataset-Validation][INFO] - Selecting the first 10000 jets from the file.
[2026-07-08 10:24:49,354][gpu050|rank:0|gabbro.data.iterable_dataset_jetclass-IterDataset-Validation][INFO] - Number of jets from the file 10000 is smaller/equal than n_jets_per_file=10000. Depending on the configuration, the loading function already takes care of loading only the requested number of jets.
[2026-07-08 10:24:49,411][gpu050|rank:0|gabbro.data.iterable_dataset_jetclass-IterDataset-Validation][INFO] - 3 / 10 : /srv/beegfs/scratch/groups/rodem/lumea/datasets/JetClass/Pythia/val_5M/HToCC_120.root
[2026-07-08 10:24:50,345][gpu050|rank:unknown|gabbro.data.loading][INFO] - Shuffling particles within each jet.
[2026-07-08 10:24:50,488][gpu050|rank:0|gabbro.data.iterable_dataset_jetclass-IterDataset-Validation][INFO] - Selecting the first 10000 jets from the file.
[2026-07-08 10:24:50,489][gpu050|rank:0|gabbro.data.iterable_dataset_jetclass-IterDataset-Validation][INFO] - Number of jets from the file 10000 is smaller/equal than n_jets_per_file=10000. Depending on the configuration, the loading function already takes care of loading only the requested number of jets.
[2026-07-08 10:24:50,539][gpu050|rank:0|gabbro.data.iterable_dataset_jetclass-IterDataset-Validation][INFO] - 4 / 10 : /srv/beegfs/scratch/groups/rodem/lumea/datasets/JetClass/Pythia/val_5M/HToGG_120.root
[2026-07-08 10:24:53,010][gpu050|rank:unknown|gabbro.data.loading][INFO] - Shuffling particles within each jet.
[2026-07-08 10:24:53,173][gpu050|rank:0|gabbro.data.iterable_dataset_jetclass-IterDataset-Validation][INFO] - Selecting the first 10000 jets from the file.
[2026-07-08 10:24:53,174][gpu050|rank:0|gabbro.data.iterable_dataset_jetclass-IterDataset-Validation][INFO] - Number of jets from the file 10000 is smaller/equal than n_jets_per_file=10000. Depending on the configuration, the loading function already takes care of loading only the requested number of jets.
[2026-07-08 10:24:53,227][gpu050|rank:0|gabbro.data.iterable_dataset_jetclass-IterDataset-Validation][INFO] - 5 / 10 : /srv/beegfs/scratch/groups/rodem/lumea/datasets/JetClass/Pythia/val_5M/HToWW4Q_120.root
[2026-07-08 10:24:54,570][gpu050|rank:unknown|gabbro.data.loading][INFO] - Shuffling particles within each jet.
[2026-07-08 10:24:54,714][gpu050|rank:0|gabbro.data.iterable_dataset_jetclass-IterDataset-Validation][INFO] - Selecting the first 10000 jets from the file.
[2026-07-08 10:24:54,715][gpu050|rank:0|gabbro.data.iterable_dataset_jetclass-IterDataset-Validation][INFO] - Number of jets from the file 10000 is smaller/equal than n_jets_per_file=10000. Depending on the configuration, the loading function already takes care of loading only the requested number of jets.
[2026-07-08 10:24:54,765][gpu050|rank:0|gabbro.data.iterable_dataset_jetclass-IterDataset-Validation][INFO] - 6 / 10 : /srv/beegfs/scratch/groups/rodem/lumea/datasets/JetClass/Pythia/val_5M/HToWW2Q1L_120.root
[2026-07-08 10:24:56,195][gpu050|rank:unknown|gabbro.data.loading][INFO] - Shuffling particles within each jet.
[2026-07-08 10:24:56,303][gpu050|rank:0|gabbro.data.iterable_dataset_jetclass-IterDataset-Validation][INFO] - Selecting the first 10000 jets from the file.
[2026-07-08 10:24:56,304][gpu050|rank:0|gabbro.data.iterable_dataset_jetclass-IterDataset-Validation][INFO] - Number of jets from the file 10000 is smaller/equal than n_jets_per_file=10000. Depending on the configuration, the loading function already takes care of loading only the requested number of jets.
[2026-07-08 10:24:56,349][gpu050|rank:0|gabbro.data.iterable_dataset_jetclass-IterDataset-Validation][INFO] - 7 / 10 : /srv/beegfs/scratch/groups/rodem/lumea/datasets/JetClass/Pythia/val_5M/ZToQQ_120.root
[2026-07-08 10:24:57,702][gpu050|rank:unknown|gabbro.data.loading][INFO] - Shuffling particles within each jet.
[2026-07-08 10:24:57,824][gpu050|rank:0|gabbro.data.iterable_dataset_jetclass-IterDataset-Validation][INFO] - Selecting the first 10000 jets from the file.
[2026-07-08 10:24:57,825][gpu050|rank:0|gabbro.data.iterable_dataset_jetclass-IterDataset-Validation][INFO] - Number of jets from the file 10000 is smaller/equal than n_jets_per_file=10000. Depending on the configuration, the loading function already takes care of loading only the requested number of jets.
[2026-07-08 10:24:57,872][gpu050|rank:0|gabbro.data.iterable_dataset_jetclass-IterDataset-Validation][INFO] - 8 / 10 : /srv/beegfs/scratch/groups/rodem/lumea/datasets/JetClass/Pythia/val_5M/WToQQ_120.root
[2026-07-08 10:24:58,733][gpu050|rank:unknown|gabbro.data.loading][INFO] - Shuffling particles within each jet.
[2026-07-08 10:24:58,862][gpu050|rank:0|gabbro.data.iterable_dataset_jetclass-IterDataset-Validation][INFO] - Selecting the first 10000 jets from the file.
[2026-07-08 10:24:58,863][gpu050|rank:0|gabbro.data.iterable_dataset_jetclass-IterDataset-Validation][INFO] - Number of jets from the file 10000 is smaller/equal than n_jets_per_file=10000. Depending on the configuration, the loading function already takes care of loading only the requested number of jets.
[2026-07-08 10:24:58,910][gpu050|rank:0|gabbro.data.iterable_dataset_jetclass-IterDataset-Validation][INFO] - 9 / 10 : /srv/beegfs/scratch/groups/rodem/lumea/datasets/JetClass/Pythia/val_5M/TTBar_120.root
[2026-07-08 10:25:02,701][gpu050|rank:unknown|gabbro.data.loading][INFO] - Shuffling particles within each jet.
[2026-07-08 10:25:02,847][gpu050|rank:0|gabbro.data.iterable_dataset_jetclass-IterDataset-Validation][INFO] - Selecting the first 10000 jets from the file.
[2026-07-08 10:25:02,847][gpu050|rank:0|gabbro.data.iterable_dataset_jetclass-IterDataset-Validation][INFO] - Number of jets from the file 10000 is smaller/equal than n_jets_per_file=10000. Depending on the configuration, the loading function already takes care of loading only the requested number of jets.
[2026-07-08 10:25:02,898][gpu050|rank:0|gabbro.data.iterable_dataset_jetclass-IterDataset-Validation][INFO] - 10 / 10 : /srv/beegfs/scratch/groups/rodem/lumea/datasets/JetClass/Pythia/val_5M/TTBarLep_120.root
[2026-07-08 10:25:03,675][gpu050|rank:unknown|gabbro.data.loading][INFO] - Shuffling particles within each jet.
[2026-07-08 10:25:03,789][gpu050|rank:0|gabbro.data.iterable_dataset_jetclass-IterDataset-Validation][INFO] - Selecting the first 10000 jets from the file.
[2026-07-08 10:25:03,790][gpu050|rank:0|gabbro.data.iterable_dataset_jetclass-IterDataset-Validation][INFO] - Number of jets from the file 10000 is smaller/equal than n_jets_per_file=10000. Depending on the configuration, the loading function already takes care of loading only the requested number of jets.
[2026-07-08 10:25:03,836][gpu050|rank:0|gabbro.data.iterable_dataset_jetclass-IterDataset-Validation][INFO] - Loaded particles.
[2026-07-08 10:25:03,868][gpu050|rank:0|gabbro.data.iterable_dataset_jetclass-IterDataset-Validation][INFO] - Shuffling data with seed 42
[2026-07-08 10:25:03,911][gpu050|rank:0|gabbro.data.iterable_dataset_jetclass-IterDataset-Validation][INFO] - Data shuffled.
[2026-07-08 10:25:03,939][gpu050|rank:0|gabbro.data.iterable_dataset_jetclass-IterDataset-Validation][INFO] - The particle features of the first three particles in the first and last jet are now: tensor([[ 0.1295, -0.2504,  0.5529],
        [-0.7175,  0.2468,  0.3556],
        [ 0.4123,  0.3635,  0.0771]]), tensor([[-0.1762,  0.2613, -0.1737],
        [ 0.7147, -0.1808,  0.4330],
        [-0.8035, -0.6240,  0.6645]])
[2026-07-08 10:25:03,940][gpu050|rank:0|gabbro.data.iterable_dataset_jetclass-IterDataset-Validation][INFO] - >>> Data loaded. (self.current_part_data.shape = torch.Size([100000, 128, 3]))
[2026-07-08 10:25:03,940][gpu050|rank:0|gabbro.data.iterable_dataset_jetclass-IterDataset-Validation][INFO] - Rank 0 will load data from index 0 to 100000
[2026-07-08 10:25:03,941][gpu050|rank:0|gabbro.data.iterable_dataset_jetclass-IterDataset-Validation][INFO] - Updating self.processed_files_counter. The new value is self.processed_files_counter = 10.
[2026-07-08 10:25:03,942][gpu050|rank:0|gabbro.data.iterable_dataset_jetclass-IterDataset-Validation][INFO] - Checking if all files in the current files list have been processed. If so, the file list will be shuffled (unless `shuffle_files=False`)such that the next iteration will proceed with a new file list.
[2026-07-08 10:25:03,943][gpu050|rank:0|gabbro.data.iterable_dataset_jetclass-IterDataset-Validation][INFO] - All files in the current files list have been processed. Shuffling the files list within each jet type and creating new self.file_list before proceeding.
[2026-07-08 10:25:03,943][gpu050|rank:0|gabbro.data.iterable_dataset_jetclass-IterDataset-Validation][WARNING] - shuffle_files is False. Will not shuffle files and continue with the previous order.
[2026-07-08 10:25:03,944][gpu050|rank:0|gabbro.data.iterable_dataset_jetclass-IterDataset-Validation][INFO] - Number of files in the list: 10
[2026-07-08 10:25:03,944][gpu050|rank:0|gabbro.data.iterable_dataset_jetclass-IterDataset-Validation][INFO] - First 10 entries of the file list:
[2026-07-08 10:25:03,945][gpu050|rank:0|gabbro.data.iterable_dataset_jetclass-IterDataset-Validation][INFO] -  - ZJetsToNuNu_120.root
[2026-07-08 10:25:03,946][gpu050|rank:0|gabbro.data.iterable_dataset_jetclass-IterDataset-Validation][INFO] -  - HToBB_120.root
[2026-07-08 10:25:03,946][gpu050|rank:0|gabbro.data.iterable_dataset_jetclass-IterDataset-Validation][INFO] -  - HToCC_120.root
[2026-07-08 10:25:03,947][gpu050|rank:0|gabbro.data.iterable_dataset_jetclass-IterDataset-Validation][INFO] -  - HToGG_120.root
[2026-07-08 10:25:03,947][gpu050|rank:0|gabbro.data.iterable_dataset_jetclass-IterDataset-Validation][INFO] -  - HToWW4Q_120.root
[2026-07-08 10:25:03,948][gpu050|rank:0|gabbro.data.iterable_dataset_jetclass-IterDataset-Validation][INFO] -  - HToWW2Q1L_120.root
[2026-07-08 10:25:03,949][gpu050|rank:0|gabbro.data.iterable_dataset_jetclass-IterDataset-Validation][INFO] -  - ZToQQ_120.root
[2026-07-08 10:25:03,949][gpu050|rank:0|gabbro.data.iterable_dataset_jetclass-IterDataset-Validation][INFO] -  - WToQQ_120.root
[2026-07-08 10:25:03,949][gpu050|rank:0|gabbro.data.iterable_dataset_jetclass-IterDataset-Validation][INFO] -  - TTBar_120.root
[2026-07-08 10:25:03,950][gpu050|rank:0|gabbro.data.iterable_dataset_jetclass-IterDataset-Validation][INFO] -  - TTBarLep_120.root
[2026-07-08 10:25:03,951][gpu050|rank:0|gabbro.data.iterable_dataset_jetclass-IterDataset-Validation][INFO] - Last 10 entries of the file list:
[2026-07-08 10:25:03,951][gpu050|rank:0|gabbro.data.iterable_dataset_jetclass-IterDataset-Validation][INFO] -  - ZJetsToNuNu_120.root
[2026-07-08 10:25:03,952][gpu050|rank:0|gabbro.data.iterable_dataset_jetclass-IterDataset-Validation][INFO] -  - HToBB_120.root
[2026-07-08 10:25:03,952][gpu050|rank:0|gabbro.data.iterable_dataset_jetclass-IterDataset-Validation][INFO] -  - HToCC_120.root
[2026-07-08 10:25:03,953][gpu050|rank:0|gabbro.data.iterable_dataset_jetclass-IterDataset-Validation][INFO] -  - HToGG_120.root
[2026-07-08 10:25:03,954][gpu050|rank:0|gabbro.data.iterable_dataset_jetclass-IterDataset-Validation][INFO] -  - HToWW4Q_120.root
[2026-07-08 10:25:03,954][gpu050|rank:0|gabbro.data.iterable_dataset_jetclass-IterDataset-Validation][INFO] -  - HToWW2Q1L_120.root
[2026-07-08 10:25:03,955][gpu050|rank:0|gabbro.data.iterable_dataset_jetclass-IterDataset-Validation][INFO] -  - ZToQQ_120.root
[2026-07-08 10:25:03,956][gpu050|rank:0|gabbro.data.iterable_dataset_jetclass-IterDataset-Validation][INFO] -  - WToQQ_120.root
[2026-07-08 10:25:03,956][gpu050|rank:0|gabbro.data.iterable_dataset_jetclass-IterDataset-Validation][INFO] -  - TTBar_120.root
[2026-07-08 10:25:03,957][gpu050|rank:0|gabbro.data.iterable_dataset_jetclass-IterDataset-Validation][INFO] -  - TTBarLep_120.root
[2026-07-08 10:25:03,957][gpu050|rank:0|gabbro.data.iterable_dataset_jetclass-IterDataset-Validation][INFO] - Resetting self.processed_files_counter to self.processed_files_counter = 0.
[2026-07-08 10:25:08,235][gpu050|rank:unknown|TokenizationEvalCallback][INFO] - Running TokenizationEvalCallback epoch: 0 step: 0
[2026-07-08 10:25:08,298][gpu050|rank:unknown|gabbro.plotting.feature_plotting][INFO] - Calculating binning range for feature 'pt'
[2026-07-08 10:25:08,301][gpu050|rank:unknown|gabbro.plotting.feature_plotting][INFO] - Calculating binning range for feature 'eta'
[2026-07-08 10:25:08,304][gpu050|rank:unknown|gabbro.plotting.feature_plotting][INFO] - Calculating binning range for feature 'phi'
[2026-07-08 10:25:08,306][gpu050|rank:unknown|gabbro.plotting.feature_plotting][INFO] - Calculating binning range for feature 'mass'
[2026-07-08 10:25:08,673][gpu050|rank:unknown|gabbro.metrics.jet_substructure][INFO] - Calculating substructure for 4000 jets
[2026-07-08 10:25:08,704][gpu050|rank:unknown|gabbro.metrics.jet_substructure][INFO] - Clustering jets with fastjet
[2026-07-08 10:25:08,705][gpu050|rank:unknown|gabbro.metrics.jet_substructure][INFO] - Jet definition: Longitudinally invariant kt algorithm with R = 0.8 and E scheme recombination
#--------------------------------------------------------------------------
#                         FastJet release 3.4.2
#                 M. Cacciari, G.P. Salam and G. Soyez                  
#     A software package for jet finding and analysis at colliders      
#                           http://fastjet.fr                           
#	                                                                      
# Please cite EPJC72(2012)1896 [arXiv:1111.6097] if you use this package
# for scientific work and optionally PLB641(2006)57 [hep-ph/0512210].   
#                                                                       
# FastJet is provided without warranty under the GNU GPL v2 or higher.  
# It uses T. Chan's closest pair algorithm, S. Fortune's Voronoi code,
# CGAL and 3rd party plugin jet algorithms. See COPYING file for details.
#--------------------------------------------------------------------------
UserWarning: dcut and exclusive jets for jet-finders other than kt, C/A or genkt with p>=0 should be interpreted with care.
[2026-07-08 10:25:08,817][gpu050|rank:unknown|gabbro.metrics.jet_substructure][INFO] - Calculating N-subjettiness
[2026-07-08 10:25:08,883][gpu050|rank:unknown|gabbro.metrics.jet_substructure][INFO] - Calculating D2
[2026-07-08 10:25:09,106][gpu050|rank:unknown|gabbro.metrics.jet_substructure][INFO] - Calculating substructure for 4000 jets
[2026-07-08 10:25:09,115][gpu050|rank:unknown|gabbro.metrics.jet_substructure][INFO] - Clustering jets with fastjet
[2026-07-08 10:25:09,115][gpu050|rank:unknown|gabbro.metrics.jet_substructure][INFO] - Jet definition: Longitudinally invariant kt algorithm with R = 0.8 and E scheme recombination
[2026-07-08 10:25:09,217][gpu050|rank:unknown|gabbro.metrics.jet_substructure][INFO] - Calculating N-subjettiness
[2026-07-08 10:25:09,284][gpu050|rank:unknown|gabbro.metrics.jet_substructure][INFO] - Calculating D2
[2026-07-08 10:25:09,499][gpu050|rank:unknown|TokenizationEvalCallback][INFO] - >>> Plotting jet type QCD
[2026-07-08 10:25:09,501][gpu050|rank:unknown|TokenizationEvalCallback][INFO] - Fields in jet_substructure_reco: ['tau1', 'tau2', 'tau3', 'tau21', 'tau32', 'd2', 'jet_mass', 'jet_pt', 'jet_eta', 'jet_phi', 'jet_n_constituents']
[2026-07-08 10:25:09,501][gpu050|rank:unknown|TokenizationEvalCallback][INFO] - Fields in jet_substructure_original: ['tau1', 'tau2', 'tau3', 'tau21', 'tau32', 'd2', 'jet_mass', 'jet_pt', 'jet_eta', 'jet_phi', 'jet_n_constituents']
[2026-07-08 10:25:09,523][gpu050|rank:unknown|gabbro.plotting.feature_plotting][INFO] - Calculating binning range for feature 'jet_pt'
[2026-07-08 10:25:09,525][gpu050|rank:unknown|gabbro.plotting.feature_plotting][INFO] - Calculating binning range for feature 'jet_eta'
[2026-07-08 10:25:09,526][gpu050|rank:unknown|gabbro.plotting.feature_plotting][INFO] - Calculating binning range for feature 'jet_phi'
[2026-07-08 10:25:09,527][gpu050|rank:unknown|gabbro.plotting.feature_plotting][INFO] - Calculating binning range for feature 'jet_mass'
[2026-07-08 10:25:09,528][gpu050|rank:unknown|gabbro.plotting.feature_plotting][INFO] - Calculating binning range for feature 'tau21'
[2026-07-08 10:25:09,529][gpu050|rank:unknown|gabbro.plotting.feature_plotting][INFO] - Calculating binning range for feature 'tau32'
[2026-07-08 10:25:09,842][gpu050|rank:unknown|TokenizationEvalCallback][INFO] - Saved jet features plot to trained/tokenization/runs/2026-07-08_10-24-27_gpu050_NecroticCrematory/plots//val_epoch0_gstep0_jet_features_QCD.png
[2026-07-08 10:25:10,217][gpu050|rank:unknown|TokenizationEvalCallback][INFO] - Saved jet features resolution plot to trained/tokenization/runs/2026-07-08_10-24-27_gpu050_NecroticCrematory/plots//val_epoch0_gstep0_jet_features_res_QCD.png
[2026-07-08 10:25:10,220][gpu050|rank:unknown|TokenizationEvalCallback][INFO] - Field: part_pt Reco: min: 1.83 max: 14.58 Original: min: 0.19 max: 670.84
[2026-07-08 10:25:10,222][gpu050|rank:unknown|TokenizationEvalCallback][INFO] - Field: part_etarel Reco: min: -0.35 max: 0.24 Original: min: -2.35 max: 2.92
[2026-07-08 10:25:10,224][gpu050|rank:unknown|TokenizationEvalCallback][INFO] - Field: part_phirel Reco: min: -0.48 max: 0.56 Original: min: -0.85 max: 0.79
[2026-07-08 10:25:10,550][gpu050|rank:unknown|TokenizationEvalCallback][INFO] - Saved particle features plot to trained/tokenization/runs/2026-07-08_10-24-27_gpu050_NecroticCrematory/plots//val_epoch0_gstep0_particle_features_QCD.png
[2026-07-08 10:25:10,730][gpu050|rank:unknown|TokenizationEvalCallback][INFO] - Saved particle features resolution plot to trained/tokenization/runs/2026-07-08_10-24-27_gpu050_NecroticCrematory/plots//val_epoch0_gstep0_particle_features_res_QCD.png
[2026-07-08 10:25:10,741][gpu050|rank:unknown|TokenizationEvalCallback][INFO] - >>> Plotting jet type Hbb
[2026-07-08 10:25:10,743][gpu050|rank:unknown|TokenizationEvalCallback][INFO] - Fields in jet_substructure_reco: ['tau1', 'tau2', 'tau3', 'tau21', 'tau32', 'd2', 'jet_mass', 'jet_pt', 'jet_eta', 'jet_phi', 'jet_n_constituents']
[2026-07-08 10:25:10,743][gpu050|rank:unknown|TokenizationEvalCallback][INFO] - Fields in jet_substructure_original: ['tau1', 'tau2', 'tau3', 'tau21', 'tau32', 'd2', 'jet_mass', 'jet_pt', 'jet_eta', 'jet_phi', 'jet_n_constituents']
[2026-07-08 10:25:10,766][gpu050|rank:unknown|gabbro.plotting.feature_plotting][INFO] - Calculating binning range for feature 'jet_pt'
[2026-07-08 10:25:10,768][gpu050|rank:unknown|gabbro.plotting.feature_plotting][INFO] - Calculating binning range for feature 'jet_eta'
[2026-07-08 10:25:10,769][gpu050|rank:unknown|gabbro.plotting.feature_plotting][INFO] - Calculating binning range for feature 'jet_phi'
[2026-07-08 10:25:10,770][gpu050|rank:unknown|gabbro.plotting.feature_plotting][INFO] - Calculating binning range for feature 'jet_mass'
[2026-07-08 10:25:10,771][gpu050|rank:unknown|gabbro.plotting.feature_plotting][INFO] - Calculating binning range for feature 'tau21'
[2026-07-08 10:25:10,772][gpu050|rank:unknown|gabbro.plotting.feature_plotting][INFO] - Calculating binning range for feature 'tau32'
[2026-07-08 10:25:11,089][gpu050|rank:unknown|TokenizationEvalCallback][INFO] - Saved jet features plot to trained/tokenization/runs/2026-07-08_10-24-27_gpu050_NecroticCrematory/plots//val_epoch0_gstep0_jet_features_Hbb.png
[2026-07-08 10:25:11,468][gpu050|rank:unknown|TokenizationEvalCallback][INFO] - Saved jet features resolution plot to trained/tokenization/runs/2026-07-08_10-24-27_gpu050_NecroticCrematory/plots//val_epoch0_gstep0_jet_features_res_Hbb.png
[2026-07-08 10:25:11,471][gpu050|rank:unknown|TokenizationEvalCallback][INFO] - Field: part_pt Reco: min: 2.80 max: 15.93 Original: min: 0.26 max: 590.90
[2026-07-08 10:25:11,473][gpu050|rank:unknown|TokenizationEvalCallback][INFO] - Field: part_etarel Reco: min: -0.35 max: 0.27 Original: min: -2.61 max: 2.56
[2026-07-08 10:25:11,475][gpu050|rank:unknown|TokenizationEvalCallback][INFO] - Field: part_phirel Reco: min: -0.16 max: 0.60 Original: min: -0.88 max: 0.80
[2026-07-08 10:25:11,807][gpu050|rank:unknown|TokenizationEvalCallback][INFO] - Saved particle features plot to trained/tokenization/runs/2026-07-08_10-24-27_gpu050_NecroticCrematory/plots//val_epoch0_gstep0_particle_features_Hbb.png
[2026-07-08 10:25:11,984][gpu050|rank:unknown|TokenizationEvalCallback][INFO] - Saved particle features resolution plot to trained/tokenization/runs/2026-07-08_10-24-27_gpu050_NecroticCrematory/plots//val_epoch0_gstep0_particle_features_res_Hbb.png
[2026-07-08 10:25:11,997][gpu050|rank:unknown|TokenizationEvalCallback][INFO] - >>> Plotting jet type Hcc
[2026-07-08 10:25:11,999][gpu050|rank:unknown|TokenizationEvalCallback][INFO] - Fields in jet_substructure_reco: ['tau1', 'tau2', 'tau3', 'tau21', 'tau32', 'd2', 'jet_mass', 'jet_pt', 'jet_eta', 'jet_phi', 'jet_n_constituents']
[2026-07-08 10:25:12,000][gpu050|rank:unknown|TokenizationEvalCallback][INFO] - Fields in jet_substructure_original: ['tau1', 'tau2', 'tau3', 'tau21', 'tau32', 'd2', 'jet_mass', 'jet_pt', 'jet_eta', 'jet_phi', 'jet_n_constituents']
[2026-07-08 10:25:12,021][gpu050|rank:unknown|gabbro.plotting.feature_plotting][INFO] - Calculating binning range for feature 'jet_pt'
[2026-07-08 10:25:12,023][gpu050|rank:unknown|gabbro.plotting.feature_plotting][INFO] - Calculating binning range for feature 'jet_eta'
[2026-07-08 10:25:12,024][gpu050|rank:unknown|gabbro.plotting.feature_plotting][INFO] - Calculating binning range for feature 'jet_phi'
[2026-07-08 10:25:12,026][gpu050|rank:unknown|gabbro.plotting.feature_plotting][INFO] - Calculating binning range for feature 'jet_mass'
[2026-07-08 10:25:12,027][gpu050|rank:unknown|gabbro.plotting.feature_plotting][INFO] - Calculating binning range for feature 'tau21'
[2026-07-08 10:25:12,028][gpu050|rank:unknown|gabbro.plotting.feature_plotting][INFO] - Calculating binning range for feature 'tau32'
[2026-07-08 10:25:12,367][gpu050|rank:unknown|TokenizationEvalCallback][INFO] - Saved jet features plot to trained/tokenization/runs/2026-07-08_10-24-27_gpu050_NecroticCrematory/plots//val_epoch0_gstep0_jet_features_Hcc.png
[2026-07-08 10:25:12,756][gpu050|rank:unknown|TokenizationEvalCallback][INFO] - Saved jet features resolution plot to trained/tokenization/runs/2026-07-08_10-24-27_gpu050_NecroticCrematory/plots//val_epoch0_gstep0_jet_features_res_Hcc.png
[2026-07-08 10:25:12,759][gpu050|rank:unknown|TokenizationEvalCallback][INFO] - Field: part_pt Reco: min: 2.62 max: 17.58 Original: min: 0.12 max: 460.32
[2026-07-08 10:25:12,761][gpu050|rank:unknown|TokenizationEvalCallback][INFO] - Field: part_etarel Reco: min: -0.38 max: 0.22 Original: min: -2.82 max: 2.69
[2026-07-08 10:25:12,763][gpu050|rank:unknown|TokenizationEvalCallback][INFO] - Field: part_phirel Reco: min: -0.20 max: 0.52 Original: min: -0.79 max: 0.79
[2026-07-08 10:25:13,099][gpu050|rank:unknown|TokenizationEvalCallback][INFO] - Saved particle features plot to trained/tokenization/runs/2026-07-08_10-24-27_gpu050_NecroticCrematory/plots//val_epoch0_gstep0_particle_features_Hcc.png
[2026-07-08 10:25:13,276][gpu050|rank:unknown|TokenizationEvalCallback][INFO] - Saved particle features resolution plot to trained/tokenization/runs/2026-07-08_10-24-27_gpu050_NecroticCrematory/plots//val_epoch0_gstep0_particle_features_res_Hcc.png
[2026-07-08 10:25:13,285][gpu050|rank:unknown|TokenizationEvalCallback][INFO] - >>> Plotting jet type Hgg
[2026-07-08 10:25:13,287][gpu050|rank:unknown|TokenizationEvalCallback][INFO] - Fields in jet_substructure_reco: ['tau1', 'tau2', 'tau3', 'tau21', 'tau32', 'd2', 'jet_mass', 'jet_pt', 'jet_eta', 'jet_phi', 'jet_n_constituents']
[2026-07-08 10:25:13,288][gpu050|rank:unknown|TokenizationEvalCallback][INFO] - Fields in jet_substructure_original: ['tau1', 'tau2', 'tau3', 'tau21', 'tau32', 'd2', 'jet_mass', 'jet_pt', 'jet_eta', 'jet_phi', 'jet_n_constituents']
[2026-07-08 10:25:13,311][gpu050|rank:unknown|gabbro.plotting.feature_plotting][INFO] - Calculating binning range for feature 'jet_pt'
[2026-07-08 10:25:13,312][gpu050|rank:unknown|gabbro.plotting.feature_plotting][INFO] - Calculating binning range for feature 'jet_eta'
[2026-07-08 10:25:13,313][gpu050|rank:unknown|gabbro.plotting.feature_plotting][INFO] - Calculating binning range for feature 'jet_phi'
[2026-07-08 10:25:13,315][gpu050|rank:unknown|gabbro.plotting.feature_plotting][INFO] - Calculating binning range for feature 'jet_mass'
[2026-07-08 10:25:13,316][gpu050|rank:unknown|gabbro.plotting.feature_plotting][INFO] - Calculating binning range for feature 'tau21'
[2026-07-08 10:25:13,317][gpu050|rank:unknown|gabbro.plotting.feature_plotting][INFO] - Calculating binning range for feature 'tau32'
[2026-07-08 10:25:13,643][gpu050|rank:unknown|TokenizationEvalCallback][INFO] - Saved jet features plot to trained/tokenization/runs/2026-07-08_10-24-27_gpu050_NecroticCrematory/plots//val_epoch0_gstep0_jet_features_Hgg.png
[2026-07-08 10:25:14,027][gpu050|rank:unknown|TokenizationEvalCallback][INFO] - Saved jet features resolution plot to trained/tokenization/runs/2026-07-08_10-24-27_gpu050_NecroticCrematory/plots//val_epoch0_gstep0_jet_features_res_Hgg.png
[2026-07-08 10:25:14,030][gpu050|rank:unknown|TokenizationEvalCallback][INFO] - Field: part_pt Reco: min: 2.82 max: 15.52 Original: min: 0.17 max: 391.29
[2026-07-08 10:25:14,032][gpu050|rank:unknown|TokenizationEvalCallback][INFO] - Field: part_etarel Reco: min: -0.36 max: 0.20 Original: min: -2.56 max: 2.09
[2026-07-08 10:25:14,034][gpu050|rank:unknown|TokenizationEvalCallback][INFO] - Field: part_phirel Reco: min: -0.16 max: 0.55 Original: min: -0.80 max: 0.78
[2026-07-08 10:25:14,373][gpu050|rank:unknown|TokenizationEvalCallback][INFO] - Saved particle features plot to trained/tokenization/runs/2026-07-08_10-24-27_gpu050_NecroticCrematory/plots//val_epoch0_gstep0_particle_features_Hgg.png
[2026-07-08 10:25:14,555][gpu050|rank:unknown|TokenizationEvalCallback][INFO] - Saved particle features resolution plot to trained/tokenization/runs/2026-07-08_10-24-27_gpu050_NecroticCrematory/plots//val_epoch0_gstep0_particle_features_res_Hgg.png
[2026-07-08 10:25:14,563][gpu050|rank:unknown|TokenizationEvalCallback][INFO] - >>> Plotting jet type H4q
[2026-07-08 10:25:14,565][gpu050|rank:unknown|TokenizationEvalCallback][INFO] - Fields in jet_substructure_reco: ['tau1', 'tau2', 'tau3', 'tau21', 'tau32', 'd2', 'jet_mass', 'jet_pt', 'jet_eta', 'jet_phi', 'jet_n_constituents']
[2026-07-08 10:25:14,565][gpu050|rank:unknown|TokenizationEvalCallback][INFO] - Fields in jet_substructure_original: ['tau1', 'tau2', 'tau3', 'tau21', 'tau32', 'd2', 'jet_mass', 'jet_pt', 'jet_eta', 'jet_phi', 'jet_n_constituents']
[2026-07-08 10:25:14,588][gpu050|rank:unknown|gabbro.plotting.feature_plotting][INFO] - Calculating binning range for feature 'jet_pt'
[2026-07-08 10:25:14,589][gpu050|rank:unknown|gabbro.plotting.feature_plotting][INFO] - Calculating binning range for feature 'jet_eta'
[2026-07-08 10:25:14,590][gpu050|rank:unknown|gabbro.plotting.feature_plotting][INFO] - Calculating binning range for feature 'jet_phi'
[2026-07-08 10:25:14,592][gpu050|rank:unknown|gabbro.plotting.feature_plotting][INFO] - Calculating binning range for feature 'jet_mass'
[2026-07-08 10:25:14,593][gpu050|rank:unknown|gabbro.plotting.feature_plotting][INFO] - Calculating binning range for feature 'tau21'
[2026-07-08 10:25:14,594][gpu050|rank:unknown|gabbro.plotting.feature_plotting][INFO] - Calculating binning range for feature 'tau32'
[2026-07-08 10:25:14,917][gpu050|rank:unknown|TokenizationEvalCallback][INFO] - Saved jet features plot to trained/tokenization/runs/2026-07-08_10-24-27_gpu050_NecroticCrematory/plots//val_epoch0_gstep0_jet_features_H4q.png
[2026-07-08 10:25:16,104][gpu050|rank:unknown|TokenizationEvalCallback][INFO] - Saved jet features resolution plot to trained/tokenization/runs/2026-07-08_10-24-27_gpu050_NecroticCrematory/plots//val_epoch0_gstep0_jet_features_res_H4q.png
[2026-07-08 10:25:16,107][gpu050|rank:unknown|TokenizationEvalCallback][INFO] - Field: part_pt Reco: min: 2.08 max: 14.07 Original: min: 0.21 max: 426.71
[2026-07-08 10:25:16,110][gpu050|rank:unknown|TokenizationEvalCallback][INFO] - Field: part_etarel Reco: min: -0.35 max: 0.20 Original: min: -2.27 max: 2.00
[2026-07-08 10:25:16,112][gpu050|rank:unknown|TokenizationEvalCallback][INFO] - Field: part_phirel Reco: min: -0.23 max: 0.53 Original: min: -0.78 max: 0.79
[2026-07-08 10:25:16,450][gpu050|rank:unknown|TokenizationEvalCallback][INFO] - Saved particle features plot to trained/tokenization/runs/2026-07-08_10-24-27_gpu050_NecroticCrematory/plots//val_epoch0_gstep0_particle_features_H4q.png
[2026-07-08 10:25:16,629][gpu050|rank:unknown|TokenizationEvalCallback][INFO] - Saved particle features resolution plot to trained/tokenization/runs/2026-07-08_10-24-27_gpu050_NecroticCrematory/plots//val_epoch0_gstep0_particle_features_res_H4q.png
[2026-07-08 10:25:16,638][gpu050|rank:unknown|TokenizationEvalCallback][INFO] - >>> Plotting jet type Hqql
[2026-07-08 10:25:16,639][gpu050|rank:unknown|TokenizationEvalCallback][INFO] - Fields in jet_substructure_reco: ['tau1', 'tau2', 'tau3', 'tau21', 'tau32', 'd2', 'jet_mass', 'jet_pt', 'jet_eta', 'jet_phi', 'jet_n_constituents']
[2026-07-08 10:25:16,640][gpu050|rank:unknown|TokenizationEvalCallback][INFO] - Fields in jet_substructure_original: ['tau1', 'tau2', 'tau3', 'tau21', 'tau32', 'd2', 'jet_mass', 'jet_pt', 'jet_eta', 'jet_phi', 'jet_n_constituents']
[2026-07-08 10:25:16,663][gpu050|rank:unknown|gabbro.plotting.feature_plotting][INFO] - Calculating binning range for feature 'jet_pt'
[2026-07-08 10:25:16,664][gpu050|rank:unknown|gabbro.plotting.feature_plotting][INFO] - Calculating binning range for feature 'jet_eta'
[2026-07-08 10:25:16,666][gpu050|rank:unknown|gabbro.plotting.feature_plotting][INFO] - Calculating binning range for feature 'jet_phi'
[2026-07-08 10:25:16,667][gpu050|rank:unknown|gabbro.plotting.feature_plotting][INFO] - Calculating binning range for feature 'jet_mass'
[2026-07-08 10:25:16,668][gpu050|rank:unknown|gabbro.plotting.feature_plotting][INFO] - Calculating binning range for feature 'tau21'
[2026-07-08 10:25:16,669][gpu050|rank:unknown|gabbro.plotting.feature_plotting][INFO] - Calculating binning range for feature 'tau32'
[2026-07-08 10:25:17,385][gpu050|rank:unknown|TokenizationEvalCallback][INFO] - Saved jet features plot to trained/tokenization/runs/2026-07-08_10-24-27_gpu050_NecroticCrematory/plots//val_epoch0_gstep0_jet_features_Hqql.png
[2026-07-08 10:25:17,778][gpu050|rank:unknown|TokenizationEvalCallback][INFO] - Saved jet features resolution plot to trained/tokenization/runs/2026-07-08_10-24-27_gpu050_NecroticCrematory/plots//val_epoch0_gstep0_jet_features_res_Hqql.png
[2026-07-08 10:25:17,781][gpu050|rank:unknown|TokenizationEvalCallback][INFO] - Field: part_pt Reco: min: 2.59 max: 15.83 Original: min: 0.18 max: 922.65
[2026-07-08 10:25:17,783][gpu050|rank:unknown|TokenizationEvalCallback][INFO] - Field: part_etarel Reco: min: -0.36 max: 0.24 Original: min: -2.37 max: 2.35
[2026-07-08 10:25:17,785][gpu050|rank:unknown|TokenizationEvalCallback][INFO] - Field: part_phirel Reco: min: -0.23 max: 0.60 Original: min: -0.79 max: 0.79
[2026-07-08 10:25:18,103][gpu050|rank:unknown|TokenizationEvalCallback][INFO] - Saved particle features plot to trained/tokenization/runs/2026-07-08_10-24-27_gpu050_NecroticCrematory/plots//val_epoch0_gstep0_particle_features_Hqql.png
[2026-07-08 10:25:18,276][gpu050|rank:unknown|TokenizationEvalCallback][INFO] - Saved particle features resolution plot to trained/tokenization/runs/2026-07-08_10-24-27_gpu050_NecroticCrematory/plots//val_epoch0_gstep0_particle_features_res_Hqql.png
[2026-07-08 10:25:18,288][gpu050|rank:unknown|TokenizationEvalCallback][INFO] - >>> Plotting jet type Zqq
[2026-07-08 10:25:18,289][gpu050|rank:unknown|TokenizationEvalCallback][INFO] - Fields in jet_substructure_reco: ['tau1', 'tau2', 'tau3', 'tau21', 'tau32', 'd2', 'jet_mass', 'jet_pt', 'jet_eta', 'jet_phi', 'jet_n_constituents']
[2026-07-08 10:25:18,290][gpu050|rank:unknown|TokenizationEvalCallback][INFO] - Fields in jet_substructure_original: ['tau1', 'tau2', 'tau3', 'tau21', 'tau32', 'd2', 'jet_mass', 'jet_pt', 'jet_eta', 'jet_phi', 'jet_n_constituents']
[2026-07-08 10:25:18,313][gpu050|rank:unknown|gabbro.plotting.feature_plotting][INFO] - Calculating binning range for feature 'jet_pt'
[2026-07-08 10:25:18,314][gpu050|rank:unknown|gabbro.plotting.feature_plotting][INFO] - Calculating binning range for feature 'jet_eta'
[2026-07-08 10:25:18,315][gpu050|rank:unknown|gabbro.plotting.feature_plotting][INFO] - Calculating binning range for feature 'jet_phi'
[2026-07-08 10:25:18,316][gpu050|rank:unknown|gabbro.plotting.feature_plotting][INFO] - Calculating binning range for feature 'jet_mass'
[2026-07-08 10:25:18,318][gpu050|rank:unknown|gabbro.plotting.feature_plotting][INFO] - Calculating binning range for feature 'tau21'
[2026-07-08 10:25:18,319][gpu050|rank:unknown|gabbro.plotting.feature_plotting][INFO] - Calculating binning range for feature 'tau32'
[2026-07-08 10:25:18,640][gpu050|rank:unknown|TokenizationEvalCallback][INFO] - Saved jet features plot to trained/tokenization/runs/2026-07-08_10-24-27_gpu050_NecroticCrematory/plots//val_epoch0_gstep0_jet_features_Zqq.png
RuntimeWarning: More than 20 figures have been opened. Figures created through the pyplot interface (`matplotlib.pyplot.figure`) are retained until explicitly closed and may consume too much memory. (To control this warning, see the rcParam `figure.max_open_warning`). Consider using `matplotlib.pyplot.close()`.
[2026-07-08 10:25:19,022][gpu050|rank:unknown|TokenizationEvalCallback][INFO] - Saved jet features resolution plot to trained/tokenization/runs/2026-07-08_10-24-27_gpu050_NecroticCrematory/plots//val_epoch0_gstep0_jet_features_res_Zqq.png
[2026-07-08 10:25:19,025][gpu050|rank:unknown|TokenizationEvalCallback][INFO] - Field: part_pt Reco: min: 2.19 max: 14.86 Original: min: 0.08 max: 558.38
[2026-07-08 10:25:19,027][gpu050|rank:unknown|TokenizationEvalCallback][INFO] - Field: part_etarel Reco: min: -0.36 max: 0.23 Original: min: -2.17 max: 2.65
[2026-07-08 10:25:19,029][gpu050|rank:unknown|TokenizationEvalCallback][INFO] - Field: part_phirel Reco: min: -0.47 max: 0.56 Original: min: -0.79 max: 0.79
[2026-07-08 10:25:19,357][gpu050|rank:unknown|TokenizationEvalCallback][INFO] - Saved particle features plot to trained/tokenization/runs/2026-07-08_10-24-27_gpu050_NecroticCrematory/plots//val_epoch0_gstep0_particle_features_Zqq.png
[2026-07-08 10:25:19,534][gpu050|rank:unknown|TokenizationEvalCallback][INFO] - Saved particle features resolution plot to trained/tokenization/runs/2026-07-08_10-24-27_gpu050_NecroticCrematory/plots//val_epoch0_gstep0_particle_features_res_Zqq.png
[2026-07-08 10:25:19,545][gpu050|rank:unknown|TokenizationEvalCallback][INFO] - >>> Plotting jet type Wqq
[2026-07-08 10:25:19,546][gpu050|rank:unknown|TokenizationEvalCallback][INFO] - Fields in jet_substructure_reco: ['tau1', 'tau2', 'tau3', 'tau21', 'tau32', 'd2', 'jet_mass', 'jet_pt', 'jet_eta', 'jet_phi', 'jet_n_constituents']
[2026-07-08 10:25:19,546][gpu050|rank:unknown|TokenizationEvalCallback][INFO] - Fields in jet_substructure_original: ['tau1', 'tau2', 'tau3', 'tau21', 'tau32', 'd2', 'jet_mass', 'jet_pt', 'jet_eta', 'jet_phi', 'jet_n_constituents']
[2026-07-08 10:25:19,569][gpu050|rank:unknown|gabbro.plotting.feature_plotting][INFO] - Calculating binning range for feature 'jet_pt'
[2026-07-08 10:25:19,570][gpu050|rank:unknown|gabbro.plotting.feature_plotting][INFO] - Calculating binning range for feature 'jet_eta'
[2026-07-08 10:25:19,572][gpu050|rank:unknown|gabbro.plotting.feature_plotting][INFO] - Calculating binning range for feature 'jet_phi'
[2026-07-08 10:25:19,572][gpu050|rank:unknown|gabbro.plotting.feature_plotting][INFO] - Calculating binning range for feature 'jet_mass'
[2026-07-08 10:25:19,573][gpu050|rank:unknown|gabbro.plotting.feature_plotting][INFO] - Calculating binning range for feature 'tau21'
[2026-07-08 10:25:19,574][gpu050|rank:unknown|gabbro.plotting.feature_plotting][INFO] - Calculating binning range for feature 'tau32'
[2026-07-08 10:25:19,897][gpu050|rank:unknown|TokenizationEvalCallback][INFO] - Saved jet features plot to trained/tokenization/runs/2026-07-08_10-24-27_gpu050_NecroticCrematory/plots//val_epoch0_gstep0_jet_features_Wqq.png
[2026-07-08 10:25:20,616][gpu050|rank:unknown|TokenizationEvalCallback][INFO] - Saved jet features resolution plot to trained/tokenization/runs/2026-07-08_10-24-27_gpu050_NecroticCrematory/plots//val_epoch0_gstep0_jet_features_res_Wqq.png
[2026-07-08 10:25:20,619][gpu050|rank:unknown|TokenizationEvalCallback][INFO] - Field: part_pt Reco: min: 3.16 max: 15.36 Original: min: 0.22 max: 599.94
[2026-07-08 10:25:20,622][gpu050|rank:unknown|TokenizationEvalCallback][INFO] - Field: part_etarel Reco: min: -0.37 max: 0.24 Original: min: -2.59 max: 2.10
[2026-07-08 10:25:20,624][gpu050|rank:unknown|TokenizationEvalCallback][INFO] - Field: part_phirel Reco: min: -0.41 max: 0.56 Original: min: -0.78 max: 0.79
[2026-07-08 10:25:20,960][gpu050|rank:unknown|TokenizationEvalCallback][INFO] - Saved particle features plot to trained/tokenization/runs/2026-07-08_10-24-27_gpu050_NecroticCrematory/plots//val_epoch0_gstep0_particle_features_Wqq.png
[2026-07-08 10:25:21,139][gpu050|rank:unknown|TokenizationEvalCallback][INFO] - Saved particle features resolution plot to trained/tokenization/runs/2026-07-08_10-24-27_gpu050_NecroticCrematory/plots//val_epoch0_gstep0_particle_features_res_Wqq.png
[2026-07-08 10:25:21,148][gpu050|rank:unknown|TokenizationEvalCallback][INFO] - >>> Plotting jet type Tbqq
[2026-07-08 10:25:21,149][gpu050|rank:unknown|TokenizationEvalCallback][INFO] - Fields in jet_substructure_reco: ['tau1', 'tau2', 'tau3', 'tau21', 'tau32', 'd2', 'jet_mass', 'jet_pt', 'jet_eta', 'jet_phi', 'jet_n_constituents']
[2026-07-08 10:25:21,150][gpu050|rank:unknown|TokenizationEvalCallback][INFO] - Fields in jet_substructure_original: ['tau1', 'tau2', 'tau3', 'tau21', 'tau32', 'd2', 'jet_mass', 'jet_pt', 'jet_eta', 'jet_phi', 'jet_n_constituents']
[2026-07-08 10:25:21,172][gpu050|rank:unknown|gabbro.plotting.feature_plotting][INFO] - Calculating binning range for feature 'jet_pt'
[2026-07-08 10:25:21,174][gpu050|rank:unknown|gabbro.plotting.feature_plotting][INFO] - Calculating binning range for feature 'jet_eta'
[2026-07-08 10:25:21,175][gpu050|rank:unknown|gabbro.plotting.feature_plotting][INFO] - Calculating binning range for feature 'jet_phi'
[2026-07-08 10:25:21,177][gpu050|rank:unknown|gabbro.plotting.feature_plotting][INFO] - Calculating binning range for feature 'jet_mass'
[2026-07-08 10:25:21,178][gpu050|rank:unknown|gabbro.plotting.feature_plotting][INFO] - Calculating binning range for feature 'tau21'
[2026-07-08 10:25:21,180][gpu050|rank:unknown|gabbro.plotting.feature_plotting][INFO] - Calculating binning range for feature 'tau32'
[2026-07-08 10:25:21,504][gpu050|rank:unknown|TokenizationEvalCallback][INFO] - Saved jet features plot to trained/tokenization/runs/2026-07-08_10-24-27_gpu050_NecroticCrematory/plots//val_epoch0_gstep0_jet_features_Tbqq.png
[2026-07-08 10:25:21,887][gpu050|rank:unknown|TokenizationEvalCallback][INFO] - Saved jet features resolution plot to trained/tokenization/runs/2026-07-08_10-24-27_gpu050_NecroticCrematory/plots//val_epoch0_gstep0_jet_features_res_Tbqq.png
[2026-07-08 10:25:21,890][gpu050|rank:unknown|TokenizationEvalCallback][INFO] - Field: part_pt Reco: min: 2.16 max: 16.55 Original: min: 0.21 max: 375.58
[2026-07-08 10:25:21,892][gpu050|rank:unknown|TokenizationEvalCallback][INFO] - Field: part_etarel Reco: min: -0.36 max: 0.25 Original: min: -2.88 max: 2.79
[2026-07-08 10:25:21,894][gpu050|rank:unknown|TokenizationEvalCallback][INFO] - Field: part_phirel Reco: min: -0.15 max: 0.56 Original: min: -0.79 max: 0.79
[2026-07-08 10:25:22,252][gpu050|rank:unknown|TokenizationEvalCallback][INFO] - Saved particle features plot to trained/tokenization/runs/2026-07-08_10-24-27_gpu050_NecroticCrematory/plots//val_epoch0_gstep0_particle_features_Tbqq.png
[2026-07-08 10:25:22,443][gpu050|rank:unknown|TokenizationEvalCallback][INFO] - Saved particle features resolution plot to trained/tokenization/runs/2026-07-08_10-24-27_gpu050_NecroticCrematory/plots//val_epoch0_gstep0_particle_features_res_Tbqq.png
[2026-07-08 10:25:22,466][gpu050|rank:unknown|TokenizationEvalCallback][INFO] - >>> Plotting jet type Tbl
[2026-07-08 10:25:22,468][gpu050|rank:unknown|TokenizationEvalCallback][INFO] - Fields in jet_substructure_reco: ['tau1', 'tau2', 'tau3', 'tau21', 'tau32', 'd2', 'jet_mass', 'jet_pt', 'jet_eta', 'jet_phi', 'jet_n_constituents']
[2026-07-08 10:25:22,469][gpu050|rank:unknown|TokenizationEvalCallback][INFO] - Fields in jet_substructure_original: ['tau1', 'tau2', 'tau3', 'tau21', 'tau32', 'd2', 'jet_mass', 'jet_pt', 'jet_eta', 'jet_phi', 'jet_n_constituents']
[2026-07-08 10:25:22,493][gpu050|rank:unknown|gabbro.plotting.feature_plotting][INFO] - Calculating binning range for feature 'jet_pt'
[2026-07-08 10:25:22,495][gpu050|rank:unknown|gabbro.plotting.feature_plotting][INFO] - Calculating binning range for feature 'jet_eta'
[2026-07-08 10:25:22,496][gpu050|rank:unknown|gabbro.plotting.feature_plotting][INFO] - Calculating binning range for feature 'jet_phi'
[2026-07-08 10:25:22,512][gpu050|rank:unknown|gabbro.plotting.feature_plotting][INFO] - Calculating binning range for feature 'jet_mass'
[2026-07-08 10:25:22,513][gpu050|rank:unknown|gabbro.plotting.feature_plotting][INFO] - Calculating binning range for feature 'tau21'
[2026-07-08 10:25:22,514][gpu050|rank:unknown|gabbro.plotting.feature_plotting][INFO] - Calculating binning range for feature 'tau32'
[2026-07-08 10:25:22,829][gpu050|rank:unknown|TokenizationEvalCallback][INFO] - Saved jet features plot to trained/tokenization/runs/2026-07-08_10-24-27_gpu050_NecroticCrematory/plots//val_epoch0_gstep0_jet_features_Tbl.png
[2026-07-08 10:25:23,206][gpu050|rank:unknown|TokenizationEvalCallback][INFO] - Saved jet features resolution plot to trained/tokenization/runs/2026-07-08_10-24-27_gpu050_NecroticCrematory/plots//val_epoch0_gstep0_jet_features_res_Tbl.png
[2026-07-08 10:25:23,209][gpu050|rank:unknown|TokenizationEvalCallback][INFO] - Field: part_pt Reco: min: 1.98 max: 12.86 Original: min: 0.22 max: 675.26
[2026-07-08 10:25:23,211][gpu050|rank:unknown|TokenizationEvalCallback][INFO] - Field: part_etarel Reco: min: -0.36 max: 0.22 Original: min: -2.59 max: 2.24
[2026-07-08 10:25:23,213][gpu050|rank:unknown|TokenizationEvalCallback][INFO] - Field: part_phirel Reco: min: -0.26 max: 0.56 Original: min: -0.80 max: 0.79
[2026-07-08 10:25:23,561][gpu050|rank:unknown|TokenizationEvalCallback][INFO] - Saved particle features plot to trained/tokenization/runs/2026-07-08_10-24-27_gpu050_NecroticCrematory/plots//val_epoch0_gstep0_particle_features_Tbl.png
[2026-07-08 10:25:23,791][gpu050|rank:unknown|TokenizationEvalCallback][INFO] - Saved particle features resolution plot to trained/tokenization/runs/2026-07-08_10-24-27_gpu050_NecroticCrematory/plots//val_epoch0_gstep0_particle_features_res_Tbl.png
[2026-07-08 10:25:23,898][gpu050|rank:unknown|gabbro.models.vqvae][INFO] - `on_validation_end` called.
PossibleUserWarning: The 'train_dataloader' does not have many workers which may be a bottleneck. Consider increasing the value of the `num_workers` argument` to `num_workers=23` in the `DataLoader` to improve performance.
[2026-07-08 10:25:23,902][gpu050|rank:0|gabbro.data.iterable_dataset_jetclass-IterDataset-Train][INFO] - Logger set up (potentially with new rank information).
[2026-07-08 10:25:23,902][gpu050|rank:0|gabbro.data.iterable_dataset_jetclass-IterDataset-Train][INFO] - >>> __iter__(self.get_data()) called
[2026-07-08 10:25:24,021][gpu050|rank:unknown|General-checkpoint-callback][INFO] - `on_train_start` called.
[2026-07-08 10:25:24,023][gpu050|rank:unknown|General-checkpoint-callback][INFO] - Setting up the logger with the correct rank.
[2026-07-08 10:25:24,023][gpu050|rank:0|General-checkpoint-callback][INFO] - Logger set up.
[2026-07-08 10:25:24,024][gpu050|rank:unknown|gabbro.models.vqvae][INFO] - `on_train_start` called.
[2026-07-08 10:25:24,025][gpu050|rank:unknown|gabbro.models.vqvae][INFO] - `on_train_epoch_start` called. Epoch 0 starting.
[2026-07-08 10:25:24,025][gpu050|rank:0|gabbro.data.iterable_dataset_jetclass-IterDataset-Train][INFO] - >>> get_data() called
[2026-07-08 10:25:24,026][gpu050|rank:0|gabbro.data.iterable_dataset_jetclass-IterDataset-Train][INFO] - Loading next files.
[2026-07-08 10:25:24,027][gpu050|rank:0|gabbro.data.iterable_dataset_jetclass-IterDataset-Train][INFO] - 1 / 10 : /srv/beegfs/scratch/groups/rodem/lumea/datasets/JetClass/Pythia/train_100M/ZJetsToNuNu_023.root
[2026-07-08 10:25:25,951][gpu050|rank:unknown|gabbro.data.loading][INFO] - Shuffling particles within each jet.
[2026-07-08 10:25:27,635][gpu050|rank:0|gabbro.data.iterable_dataset_jetclass-IterDataset-Train][INFO] - Selecting the first 100000 jets from the file.
[2026-07-08 10:25:27,636][gpu050|rank:0|gabbro.data.iterable_dataset_jetclass-IterDataset-Train][INFO] - Number of jets from the file 100000 is smaller/equal than n_jets_per_file=100000. Depending on the configuration, the loading function already takes care of loading only the requested number of jets.
[2026-07-08 10:25:28,274][gpu050|rank:0|gabbro.data.iterable_dataset_jetclass-IterDataset-Train][INFO] - 2 / 10 : /srv/beegfs/scratch/groups/rodem/lumea/datasets/JetClass/Pythia/train_100M/HToBB_065.root
[2026-07-08 10:25:31,212][gpu050|rank:unknown|gabbro.data.loading][INFO] - Shuffling particles within each jet.
[2026-07-08 10:25:32,795][gpu050|rank:0|gabbro.data.iterable_dataset_jetclass-IterDataset-Train][INFO] - Selecting the first 100000 jets from the file.
[2026-07-08 10:25:32,796][gpu050|rank:0|gabbro.data.iterable_dataset_jetclass-IterDataset-Train][INFO] - Number of jets from the file 100000 is smaller/equal than n_jets_per_file=100000. Depending on the configuration, the loading function already takes care of loading only the requested number of jets.
[2026-07-08 10:25:33,433][gpu050|rank:0|gabbro.data.iterable_dataset_jetclass-IterDataset-Train][INFO] - 3 / 10 : /srv/beegfs/scratch/groups/rodem/lumea/datasets/JetClass/Pythia/train_100M/HToCC_030.root
[2026-07-08 10:25:34,854][gpu050|rank:unknown|gabbro.data.loading][INFO] - Shuffling particles within each jet.
[2026-07-08 10:25:36,390][gpu050|rank:0|gabbro.data.iterable_dataset_jetclass-IterDataset-Train][INFO] - Selecting the first 100000 jets from the file.
[2026-07-08 10:25:36,391][gpu050|rank:0|gabbro.data.iterable_dataset_jetclass-IterDataset-Train][INFO] - Number of jets from the file 100000 is smaller/equal than n_jets_per_file=100000. Depending on the configuration, the loading function already takes care of loading only the requested number of jets.
[2026-07-08 10:25:37,002][gpu050|rank:0|gabbro.data.iterable_dataset_jetclass-IterDataset-Train][INFO] - 4 / 10 : /srv/beegfs/scratch/groups/rodem/lumea/datasets/JetClass/Pythia/train_100M/HToGG_042.root
[2026-07-08 10:25:39,171][gpu050|rank:unknown|gabbro.data.loading][INFO] - Shuffling particles within each jet.
[2026-07-08 10:25:41,092][gpu050|rank:0|gabbro.data.iterable_dataset_jetclass-IterDataset-Train][INFO] - Selecting the first 100000 jets from the file.
[2026-07-08 10:25:41,094][gpu050|rank:0|gabbro.data.iterable_dataset_jetclass-IterDataset-Train][INFO] - Number of jets from the file 100000 is smaller/equal than n_jets_per_file=100000. Depending on the configuration, the loading function already takes care of loading only the requested number of jets.
[2026-07-08 10:25:41,616][gpu050|rank:0|gabbro.data.iterable_dataset_jetclass-IterDataset-Train][INFO] - 5 / 10 : /srv/beegfs/scratch/groups/rodem/lumea/datasets/JetClass/Pythia/train_100M/HToWW4Q_019.root
[2026-07-08 10:25:43,261][gpu050|rank:unknown|gabbro.data.loading][INFO] - Shuffling particles within each jet.
[2026-07-08 10:25:44,966][gpu050|rank:0|gabbro.data.iterable_dataset_jetclass-IterDataset-Train][INFO] - Selecting the first 100000 jets from the file.
[2026-07-08 10:25:44,967][gpu050|rank:0|gabbro.data.iterable_dataset_jetclass-IterDataset-Train][INFO] - Number of jets from the file 100000 is smaller/equal than n_jets_per_file=100000. Depending on the configuration, the loading function already takes care of loading only the requested number of jets.
[2026-07-08 10:25:45,589][gpu050|rank:0|gabbro.data.iterable_dataset_jetclass-IterDataset-Train][INFO] - 6 / 10 : /srv/beegfs/scratch/groups/rodem/lumea/datasets/JetClass/Pythia/train_100M/HToWW2Q1L_040.root
[2026-07-08 10:25:46,750][gpu050|rank:unknown|gabbro.data.loading][INFO] - Shuffling particles within each jet.
[2026-07-08 10:25:48,208][gpu050|rank:0|gabbro.data.iterable_dataset_jetclass-IterDataset-Train][INFO] - Selecting the first 100000 jets from the file.
[2026-07-08 10:25:48,209][gpu050|rank:0|gabbro.data.iterable_dataset_jetclass-IterDataset-Train][INFO] - Number of jets from the file 100000 is smaller/equal than n_jets_per_file=100000. Depending on the configuration, the loading function already takes care of loading only the requested number of jets.
[2026-07-08 10:25:48,810][gpu050|rank:0|gabbro.data.iterable_dataset_jetclass-IterDataset-Train][INFO] - 7 / 10 : /srv/beegfs/scratch/groups/rodem/lumea/datasets/JetClass/Pythia/train_100M/ZToQQ_013.root
[2026-07-08 10:25:50,177][gpu050|rank:unknown|gabbro.data.loading][INFO] - Shuffling particles within each jet.
[2026-07-08 10:25:51,696][gpu050|rank:0|gabbro.data.iterable_dataset_jetclass-IterDataset-Train][INFO] - Selecting the first 100000 jets from the file.
[2026-07-08 10:25:51,697][gpu050|rank:0|gabbro.data.iterable_dataset_jetclass-IterDataset-Train][INFO] - Number of jets from the file 100000 is smaller/equal than n_jets_per_file=100000. Depending on the configuration, the loading function already takes care of loading only the requested number of jets.
[2026-07-08 10:25:52,311][gpu050|rank:0|gabbro.data.iterable_dataset_jetclass-IterDataset-Train][INFO] - 8 / 10 : /srv/beegfs/scratch/groups/rodem/lumea/datasets/JetClass/Pythia/train_100M/WToQQ_084.root
[2026-07-08 10:25:53,711][gpu050|rank:unknown|gabbro.data.loading][INFO] - Shuffling particles within each jet.
[2026-07-08 10:25:55,261][gpu050|rank:0|gabbro.data.iterable_dataset_jetclass-IterDataset-Train][INFO] - Selecting the first 100000 jets from the file.
[2026-07-08 10:25:55,262][gpu050|rank:0|gabbro.data.iterable_dataset_jetclass-IterDataset-Train][INFO] - Number of jets from the file 100000 is smaller/equal than n_jets_per_file=100000. Depending on the configuration, the loading function already takes care of loading only the requested number of jets.
[2026-07-08 10:25:55,874][gpu050|rank:0|gabbro.data.iterable_dataset_jetclass-IterDataset-Train][INFO] - 9 / 10 : /srv/beegfs/scratch/groups/rodem/lumea/datasets/JetClass/Pythia/train_100M/TTBar_025.root
[2026-07-08 10:25:58,588][gpu050|rank:unknown|gabbro.data.loading][INFO] - Shuffling particles within each jet.
[2026-07-08 10:26:00,449][gpu050|rank:0|gabbro.data.iterable_dataset_jetclass-IterDataset-Train][INFO] - Selecting the first 100000 jets from the file.
[2026-07-08 10:26:00,451][gpu050|rank:0|gabbro.data.iterable_dataset_jetclass-IterDataset-Train][INFO] - Number of jets from the file 100000 is smaller/equal than n_jets_per_file=100000. Depending on the configuration, the loading function already takes care of loading only the requested number of jets.
[2026-07-08 10:26:00,983][gpu050|rank:0|gabbro.data.iterable_dataset_jetclass-IterDataset-Train][INFO] - 10 / 10 : /srv/beegfs/scratch/groups/rodem/lumea/datasets/JetClass/Pythia/train_100M/TTBarLep_062.root
[2026-07-08 10:26:02,395][gpu050|rank:unknown|gabbro.data.loading][INFO] - Shuffling particles within each jet.
[2026-07-08 10:26:03,763][gpu050|rank:0|gabbro.data.iterable_dataset_jetclass-IterDataset-Train][INFO] - Selecting the first 100000 jets from the file.
[2026-07-08 10:26:03,764][gpu050|rank:0|gabbro.data.iterable_dataset_jetclass-IterDataset-Train][INFO] - Number of jets from the file 100000 is smaller/equal than n_jets_per_file=100000. Depending on the configuration, the loading function already takes care of loading only the requested number of jets.
[2026-07-08 10:26:04,367][gpu050|rank:0|gabbro.data.iterable_dataset_jetclass-IterDataset-Train][INFO] - Loaded particles.
[2026-07-08 10:26:04,402][gpu050|rank:0|gabbro.data.iterable_dataset_jetclass-IterDataset-Train][INFO] - Shuffling data with seed 3838
[2026-07-08 10:26:04,463][gpu050|rank:0|gabbro.data.iterable_dataset_jetclass-IterDataset-Train][INFO] - Data shuffled.
[2026-07-08 10:26:04,466][gpu050|rank:0|gabbro.data.iterable_dataset_jetclass-IterDataset-Train][INFO] - The particle features of the first three particles in the first and last jet are now: tensor([[-0.4911,  0.5960,  1.3583],
        [ 1.9902, -0.2452, -0.3993],
        [ 0.7973,  0.1758,  0.1727]]), tensor([[ 1.4631, -0.3573,  0.8006],
        [-1.1507,  0.3144,  0.5311],
        [-1.0497,  0.0080, -0.6634]])
[2026-07-08 10:26:04,467][gpu050|rank:0|gabbro.data.iterable_dataset_jetclass-IterDataset-Train][INFO] - >>> Data loaded. (self.current_part_data.shape = torch.Size([1000000, 128, 3]))
[2026-07-08 10:26:04,468][gpu050|rank:0|gabbro.data.iterable_dataset_jetclass-IterDataset-Train][INFO] - Rank 0 will load data from index 0 to 1000000
[2026-07-08 10:26:04,469][gpu050|rank:0|gabbro.data.iterable_dataset_jetclass-IterDataset-Train][INFO] - Updating self.processed_files_counter. The new value is self.processed_files_counter = 10.
[2026-07-08 10:26:04,470][gpu050|rank:0|gabbro.data.iterable_dataset_jetclass-IterDataset-Train][INFO] - Checking if all files in the current files list have been processed. If so, the file list will be shuffled (unless `shuffle_files=False`)such that the next iteration will proceed with a new file list.
[2026-07-08 10:26:04,471][gpu050|rank:0|gabbro.data.iterable_dataset_jetclass-IterDataset-Train][INFO] - Processed 10 / 1000 files.
[2026-07-08 10:26:04,471][gpu050|rank:0|gabbro.data.iterable_dataset_jetclass-IterDataset-Train][INFO] - Not all files in the current files list have been processed. Will continue with the current files list.
[2026-07-08 10:26:04,472][gpu050|rank:0|gabbro.data.iterable_dataset_jetclass-IterDataset-Train][INFO] - Shifting the current files list by `n_files_at_once=10` files.
srun: Job step aborted: Waiting up to 92 seconds for job step to finish.
[2026-07-08T10:32:32.976] error: *** JOB 10160194 ON gpu050 CANCELLED AT 2026-07-08T10:32:32 DUE to SIGNAL Terminated ***
[2026-07-08T10:32:32.977] error: *** STEP 10160194.0 ON gpu050 CANCELLED AT 2026-07-08T10:32:32 DUE to SIGNAL Terminated ***
